COUNTRY,YEAR,TMP_MEAN_JAN,TMP_MEAN_FEB,TMP_MEAN_MAR,TMP_MEAN_APR,TMP_MEAN_MAY,TMP_MEAN_JUN,TMP_MEAN_JUL,TMP_MEAN_AUG,TMP_MEAN_SEP,TMP_MEAN_OCT,TMP_MEAN_NOV,TMP_MEAN_DEC,TMP_MEAN_MAM,TMP_MEAN_JJA,TMP_MEAN_SON,TMP_MEAN_DJF,TMP_MIN_JAN,TMP_MIN_FEB,TMP_MIN_MAR,TMP_MIN_APR,TMP_MIN_MAY,TMP_MIN_JUN,TMP_MIN_JUL,TMP_MIN_AUG,TMP_MIN_SEP,TMP_MIN_OCT,TMP_MIN_NOV,TMP_MIN_DEC,TMP_MIN_MAM,TMP_MIN_JJA,TMP_MIN_SON,TMP_MIN_DJF,TMP_MAX_JAN,TMP_MAX_FEB,TMP_MAX_MAR,TMP_MAX_APR,TMP_MAX_MAY,TMP_MAX_JUN,TMP_MAX_JUL,TMP_MAX_AUG,TMP_MAX_SEP,TMP_MAX_OCT,TMP_MAX_NOV,TMP_MAX_DEC,TMP_MAX_MAM,TMP_MAX_JJA,TMP_MAX_SON,TMP_MAX_DJF,WET_DAYS_JAN,WET_DAYS_FEB,WET_DAYS_MAR,WET_DAYS_APR,WET_DAYS_MAY,WET_DAYS_JUN,WET_DAYS_JUL,WET_DAYS_AUG,WET_DAYS_SEP,WET_DAYS_OCT,WET_DAYS_NOV,WET_DAYS_DEC,WET_DAYS_MAM,WET_DAYS_JJA,WET_DAYS_SON,WET_DAYS_DJF,PRECIP_JAN,PRECIP_FEB,PRECIP_MAR,PRECIP_APR,PRECIP_MAY,PRECIP_JUN,PRECIP_JUL,PRECIP_AUG,PRECIP_SEP,PRECIP_OCT,PRECIP_NOV,PRECIP_DEC,PRECIP_MAM,PRECIP_JJA,PRECIP_SON,PRECIP_DJF
WORLD,1901,4.9,6.3,9.7,13.3,16.5,18.9,20.2,19.7,17.5,14.0,9.6,6.2,13.2,19.6,13.7,6.0,-0.6,0.6,3.7,7.3,10.5,13.0,14.3,13.8,11.7,8.3,4.0,0.7,7.2,13.7,8.0,0.4,10.5,12.1,15.6,19.4,22.5,24.9,26.1,25.6,23.3,19.6,15.2,11.7,19.2,25.5,19.4,11.6,9.5,8.7,9.3,8.6,8.8,9.0,9.6,9.5,9.0,8.9,9.0,9.5,26.7,28.1,26.9,27.6,64.1,63.0,70.4,63.4,64.9,71.1,81.2,80.5,68.7,64.3,59.9,64.3,198.7,232.8,192.9,188.1
WORLD,1902,5.3,6.6,9.2,12.8,16.3,18.7,19.9,19.5,17.4,13.7,9.0,5.6,12.8,19.3,13.4,5.9,-0.3,0.8,3.3,6.8,10.3,12.7,14.0,13.6,11.6,8.0,3.5,0.2,6.8,13.5,7.7,0.3,10.9,12.3,15.2,18.9,22.2,24.6,25.8,25.4,23.2,19.4,14.6,11.1,18.7,25.3,19.1,11.4,9.5,8.6,9.2,8.1,8.9,8.9,9.5,9.4,9.0,9.1,9.0,9.9,26.3,27.7,27.0,28.2,63.9,59.9,67.3,60.1,67.2,70.2,77.5,76.9,69.7,63.7,61.5,66.5,194.6,224.7,194.8,192.4
WORLD,1903,5.2,6.8,9.2,12.9,16.2,18.6,19.8,19.4,17.4,13.7,9.3,5.9,12.7,19.3,13.5,5.4,-0.4,1.0,3.3,6.9,10.2,12.7,14.0,13.6,11.6,8.1,3.8,0.4,6.8,13.4,7.8,-0.2,10.7,12.5,15.2,18.9,22.1,24.5,25.7,25.2,23.2,19.4,14.8,11.3,18.7,25.2,19.1,11.0,9.6,8.7,9.1,8.5,9.1,9.1,9.7,9.8,9.2,9.0,8.8,9.4,26.7,28.5,27.1,28.1,64.8,61.1,68.0,62.6,68.7,73.9,81.3,84.3,71.2,65.4,59.1,65.9,199.3,239.6,195.8,198.9
WORLD,1904,4.6,5.8,8.9,12.9,16.3,18.6,19.8,19.5,17.2,13.9,9.9,6.3,12.7,19.3,13.7,5.6,-1.0,0.1,3.0,6.9,10.4,12.7,13.9,13.6,11.5,8.2,4.3,0.9,6.8,13.4,8.0,0.1,10.1,11.6,14.8,19.0,22.3,24.5,25.7,25.3,23.1,19.5,15.5,11.8,18.7,25.2,19.4,11.2,9.6,9.0,9.1,8.4,9.1,9.1,9.6,9.4,8.9,9.2,8.6,9.7,26.6,28.1,26.8,27.6,69.6,63.4,70.2,63.7,67.8,71.2,81.3,76.9,68.7,65.7,56.8,64.1,201.6,229.5,191.2,186.0
WORLD,1905,5.0,5.6,9.1,12.8,16.3,18.7,19.9,19.5,17.5,13.9,9.8,6.4,12.7,19.4,13.8,5.7,-0.5,-0.1,3.2,6.8,10.4,12.9,14.1,13.7,11.8,8.3,4.3,1.0,6.8,13.5,8.1,0.2,10.5,11.3,15.1,18.7,22.2,24.7,25.8,25.4,23.3,19.6,15.4,11.8,18.7,25.3,19.4,11.3,9.6,8.3,9.0,8.4,9.1,9.0,9.6,9.6,9.3,9.2,9.1,9.5,26.6,28.2,27.7,28.1,63.7,58.2,66.5,63.1,68.9,70.6,81.0,80.9,75.8,66.9,61.4,63.1,198.5,232.4,204.1,193.5
WORLD,1906,4.9,5.9,9.2,13.5,16.6,18.9,20.0,19.7,17.5,14.1,9.2,6.6,13.1,19.5,13.6,5.6,-0.6,0.2,3.3,7.5,10.7,13.0,14.1,13.9,11.7,8.5,3.8,1.2,7.1,13.6,8.0,0.0,10.5,11.6,15.2,19.7,22.6,24.9,25.9,25.5,23.3,19.8,14.7,12.0,19.1,25.4,19.2,11.2,9.8,8.7,9.5,8.2,9.1,9.2,9.7,9.7,9.1,9.0,9.1,9.8,26.8,28.6,27.2,28.2,67.5,62.9,69.5,61.4,68.9,75.1,81.0,82.4,71.7,64.9,61.3,66.5,199.8,238.5,197.9,195.0
WORLD,1907,4.5,5.7,9.1,12.6,15.9,18.4,19.8,19.3,17.4,14.1,9.0,5.9,12.5,19.2,13.5,5.7,-1.0,-0.0,3.1,6.7,9.9,12.5,14.0,13.5,11.6,8.5,3.5,0.5,6.6,13.3,7.9,0.1,10.1,11.5,15.1,18.7,21.9,24.3,25.7,25.2,23.2,19.8,14.6,11.4,18.6,25.1,19.2,11.3,9.7,8.7,8.9,8.6,9.0,9.2,9.6,9.6,8.9,9.0,8.9,9.8,26.5,28.3,26.8,28.3,65.5,63.0,66.4,66.0,66.6,71.7,77.1,79.0,67.7,64.2,61.1,68.4,199.0,227.9,193.0,197.1
WORLD,1908,5.0,6.2,8.7,12.9,16.4,18.8,20.0,19.3,17.6,13.7,9.2,6.1,12.7,19.4,13.5,5.5,-0.6,0.5,2.7,6.9,10.5,12.8,14.1,13.5,11.7,8.0,3.6,0.6,6.7,13.5,7.8,-0.1,10.6,11.9,14.7,18.9,22.4,24.8,25.9,25.2,23.4,19.5,14.8,11.6,18.7,25.3,19.2,11.1,9.6,9.0,9.0,8.5,9.0,9.1,9.7,9.6,9.0,9.0,9.0,9.4,26.5,28.4,26.9,27.8,63.7,65.1,65.6,64.7,67.4,73.3,82.4,83.9,72.0,64.1,60.6,63.9,197.8,239.6,196.7,193.1
WORLD,1909,4.5,6.0,8.9,12.7,16.1,18.6,19.9,19.7,17.6,14.0,9.8,5.9,12.5,19.4,13.8,5.7,-1.0,0.3,3.0,6.7,10.1,12.7,14.1,13.9,11.8,8.3,4.2,0.5,6.6,13.5,8.1,0.2,10.0,11.8,14.8,18.7,22.1,24.5,25.8,25.6,23.4,19.7,15.3,11.3,18.5,25.3,19.5,11.3,9.6,8.7,9.0,8.7,8.9,9.4,9.8,9.7,9.0,8.9,9.2,9.6,26.6,28.8,27.1,28.0,67.0,62.2,66.8,66.0,66.7,78.9,83.9,82.7,71.0,63.8,62.2,64.7,199.4,245.5,197.0,195.7
WORLD,1910,5.1,6.2,9.2,13.1,16.4,18.7,20.0,19.6,17.5,13.8,9.0,5.8,12.9,19.4,13.4,5.4,-0.4,0.4,3.2,7.0,10.4,12.7,14.2,13.7,11.7,8.2,3.5,0.4,6.9,13.5,7.8,-0.2,10.6,11.9,15.3,19.3,22.4,24.7,25.9,25.5,23.3,19.5,14.5,11.2,19.0,25.4,19.1,11.0,9.9,8.5,8.9,8.4,8.9,9.3,9.8,9.5,8.9,9.0,9.1,9.5,26.2,28.6,27.1,27.8,68.6,62.4,66.0,62.2,66.1,76.9,81.7,83.0,71.0,66.1,61.3,64.2,194.3,241.6,198.5,190.1
WORLD,1911,4.6,5.8,8.8,12.8,16.3,18.7,19.9,19.5,17.3,13.9,9.6,6.3,12.6,19.4,13.6,5.9,-0.9,0.0,2.9,6.8,10.3,12.7,14.1,13.6,11.6,8.3,4.0,0.9,6.6,13.5,8.0,0.4,10.2,11.5,14.7,18.9,22.3,24.7,25.9,25.3,23.1,19.6,15.1,11.6,18.6,25.3,19.3,11.5,9.6,8.7,9.1,8.4,8.8,8.8,9.5,9.4,9.0,9.0,9.2,9.5,26.3,27.7,27.3,28.2,65.3,60.6,66.9,63.2,67.1,71.5,75.4,77.7,69.3,65.0,61.9,65.9,197.2,224.6,196.2,195.8
WORLD,1912,5.0,6.5,8.8,13.1,16.4,18.9,19.6,19.1,17.1,13.4,9.3,6.1,12.8,19.2,13.2,5.6,-0.6,0.7,2.9,7.1,10.5,13.0,13.8,13.3,11.3,7.7,3.8,0.7,6.8,13.4,7.6,0.0,10.5,12.3,14.8,19.1,22.4,24.8,25.5,24.9,22.9,19.0,14.8,11.5,18.8,25.1,18.9,11.1,9.6,9.1,9.2,8.4,8.9,9.3,9.6,9.6,8.8,8.9,8.9,9.5,26.4,28.5,26.6,27.9,65.2,64.7,67.1,62.3,64.6,73.8,82.3,81.5,66.5,63.0,60.5,63.4,194.1,237.6,190.1,193.4
WORLD,1913,4.9,5.8,9.0,13.0,16.1,18.5,19.9,19.5,17.4,13.8,9.8,6.8,12.7,19.3,13.7,6.4,-0.6,0.1,3.0,7.0,10.1,12.6,14.0,13.7,11.6,8.2,4.3,1.4,6.7,13.4,8.0,0.8,10.4,11.6,14.9,19.1,22.1,24.5,25.8,25.5,23.3,19.5,15.3,12.3,18.7,25.3,19.4,12.0,9.5,8.9,9.4,8.5,9.0,9.0,9.4,9.3,9.1,9.1,9.1,9.6,26.8,27.8,27.2,28.1,65.7,64.3,70.1,64.0,67.7,71.7,78.3,75.8,68.7,63.6,59.5,63.3,201.8,225.8,191.7,192.3
WORLD,1914,5.8,6.6,9.3,13.0,16.5,18.9,20.0,19.6,17.5,14.1,9.3,6.2,12.9,19.5,13.6,5.9,0.3,0.8,3.4,7.0,10.5,12.9,14.1,13.7,11.7,8.5,3.8,0.8,7.0,13.6,8.0,0.5,11.4,12.3,15.2,19.1,22.5,24.8,25.9,25.5,23.3,19.7,14.8,11.5,18.9,25.4,19.3,11.4,9.9,8.6,9.1,8.6,8.8,9.1,9.5,9.5,8.7,8.9,9.1,9.6,26.5,28.1,26.7,28.0,70.1,58.9,64.6,63.8,65.4,74.5,78.3,78.1,67.0,63.7,61.0,65.6,193.8,230.9,191.8,192.4
WORLD,1915,5.0,6.6,9.1,13.4,16.5,18.8,20.1,19.6,17.5,13.8,9.7,6.4,13.0,19.5,13.6,5.9,-0.4,1.0,3.1,7.4,10.6,12.9,14.3,13.8,11.8,8.1,4.1,0.9,7.1,13.6,8.0,0.4,10.5,12.2,15.0,19.5,22.4,24.7,25.9,25.4,23.2,19.4,15.3,11.9,19.0,25.3,19.3,11.5,9.7,8.7,8.8,8.4,9.1,9.2,9.7,9.4,9.2,8.8,8.9,9.8,26.3,28.3,26.9,28.5,66.9,59.8,61.7,62.0,70.8,76.3,82.7,80.4,72.3,65.4,61.3,67.3,194.6,239.4,199.0,194.9
WORLD,1916,5.1,6.3,8.9,12.9,16.3,18.4,20.0,19.5,17.4,13.8,9.3,5.4,12.7,19.3,13.5,5.3,-0.4,0.6,3.0,7.0,10.3,12.6,14.2,13.7,11.6,8.2,3.8,-0.0,6.7,13.5,7.9,-0.3,10.6,12.0,15.0,19.0,22.2,24.3,25.8,25.3,23.2,19.5,14.9,10.8,18.7,25.1,19.2,10.9,9.9,8.7,9.0,8.5,9.0,9.2,9.7,9.5,9.0,9.2,9.2,9.7,26.5,28.4,27.5,28.5,67.2,60.4,67.1,63.7,66.8,76.2,83.6,84.3,73.3,69.4,64.8,71.4,197.6,244.1,207.6,206.4
WORLD,1917,4.8,5.6,8.6,12.8,15.9,18.6,20.0,19.4,17.5,13.6,9.6,5.3,12.4,19.3,13.5,5.3,-0.8,-0.2,2.6,6.8,10.0,12.6,14.2,13.6,11.7,7.9,4.0,-0.1,6.5,13.5,7.9,-0.2,10.4,11.4,14.6,18.8,21.9,24.6,25.9,25.3,23.4,19.3,15.1,10.8,18.5,25.3,19.2,10.9,9.9,8.9,9.2,8.4,8.5,9.0,9.6,9.7,9.2,9.0,8.9,9.3,26.1,28.3,27.1,27.6,70.4,64.5,69.1,61.7,63.6,73.2,81.9,85.4,75.3,67.5,60.5,65.3,194.5,240.5,203.3,196.9
WORLD,1918,4.7,5.9,9.1,12.8,15.9,18.6,19.8,19.4,17.5,14.3,9.4,5.9,12.6,19.3,13.7,5.7,-0.8,0.2,3.1,6.8,10.0,12.6,14.0,13.6,11.6,8.6,3.9,0.5,6.6,13.4,8.1,0.2,10.2,11.7,15.2,18.8,21.9,24.6,25.8,25.3,23.4,20.0,14.9,11.3,18.6,25.2,19.4,11.2,9.7,8.6,9.1,8.3,8.9,9.0,9.6,9.6,8.9,8.9,8.9,9.5,26.2,28.2,26.7,27.7,70.6,61.0,67.3,63.3,68.2,72.9,73.8,80.4,67.7,64.0,61.8,64.3,198.8,227.2,193.5,194.4
WORLD,1919,5.0,6.1,8.9,13.2,16.2,18.7,20.0,19.6,17.7,14.1,9.0,6.0,12.8,19.4,13.6,5.8,-0.5,0.4,2.9,7.3,10.3,12.8,14.1,13.7,11.8,8.4,3.5,0.5,6.8,13.5,7.9,0.2,10.5,11.8,14.9,19.2,22.2,24.7,25.9,25.5,23.5,19.7,14.6,11.5,18.8,25.4,19.3,11.3,9.3,9.0,9.0,8.5,8.8,8.9,9.5,9.5,9.1,9.0,9.1,9.4,26.3,27.9,27.3,27.8,66.1,64.0,66.6,60.8,68.1,71.8,82.0,77.9,70.3,64.2,63.6,62.9,195.5,231.6,198.0,190.9
WORLD,1920,5.2,6.0,9.5,13.1,16.5,18.7,19.9,19.5,17.5,13.8,9.2,5.8,13.0,19.4,13.5,5.9,-0.3,0.4,3.5,7.1,10.5,12.8,14.1,13.7,11.8,8.2,3.7,0.4,7.1,13.5,7.9,0.4,10.8,11.8,15.5,19.0,22.4,24.6,25.8,25.4,23.3,19.5,14.6,11.1,19.0,25.3,19.2,11.5,9.8,8.6,9.3,8.6,8.9,9.1,9.6,9.6,9.2,9.0,8.9,9.5,26.7,28.3,27.1,27.9,68.4,59.6,69.3,64.7,65.8,73.0,80.1,79.3,71.1,64.4,60.4,65.0,199.7,232.3,195.9,194.1
WORLD,1921,5.6,6.4,9.4,13.3,16.6,19.0,20.2,19.5,17.4,14.0,9.3,6.3,13.1,19.6,13.6,5.6,0.1,0.7,3.5,7.3,10.7,13.0,14.3,13.7,11.7,8.3,3.8,0.8,7.2,13.7,7.9,0.0,11.2,12.2,15.4,19.3,22.6,24.9,26.1,25.4,23.3,19.8,14.8,11.7,19.1,25.5,19.3,11.2,9.7,8.7,9.4,8.4,9.0,9.0,9.6,9.5,9.3,9.3,8.9,9.5,26.8,28.1,27.4,27.8,66.6,62.5,72.0,64.1,68.1,71.7,82.6,78.8,73.1,67.3,60.9,64.7,204.2,233.2,201.4,190.1
WORLD,1922,4.7,5.7,9.3,13.2,16.5,18.8,20.0,19.5,17.4,13.9,9.6,6.4,13.0,19.4,13.6,5.8,-0.8,-0.0,3.4,7.2,10.6,12.9,14.1,13.6,11.6,8.2,4.1,0.9,7.1,13.6,8.0,0.2,10.3,11.5,15.3,19.2,22.5,24.8,25.8,25.4,23.3,19.6,15.2,11.8,19.0,25.4,19.3,11.4,9.4,8.9,9.2,8.4,9.1,9.1,9.7,9.5,8.9,9.1,9.0,9.6,26.7,28.4,27.0,27.8,62.6,62.8,69.4,60.7,68.1,73.4,81.2,80.2,72.4,67.5,61.1,65.0,198.1,234.8,201.0,195.3
WORLD,1923,5.3,5.8,9.2,12.7,16.3,18.8,19.9,19.5,17.6,14.3,10.0,6.7,12.7,19.4,13.9,5.9,-0.3,0.1,3.2,6.7,10.3,13.0,14.1,13.6,11.8,8.6,4.4,1.2,6.7,13.6,8.3,0.3,10.9,11.6,15.2,18.7,22.3,24.7,25.7,25.4,23.4,20.0,15.5,12.1,18.7,25.3,19.6,11.5,9.5,8.7,9.2,8.7,9.0,9.2,9.6,9.3,8.9,9.2,8.9,9.6,27.0,28.2,27.1,27.9,67.0,63.3,68.9,66.9,67.8,74.7,81.2,77.8,68.4,66.4,58.6,65.3,203.6,233.7,193.4,193.3
WORLD,1924,4.9,6.2,9.3,12.9,16.4,18.8,20.0,19.5,17.6,14.0,9.8,6.0,12.9,19.4,13.8,5.7,-0.7,0.5,3.4,6.9,10.4,12.9,14.1,13.6,11.8,8.4,4.3,0.6,6.9,13.6,8.1,0.2,10.5,11.9,15.2,18.9,22.4,24.8,25.9,25.4,23.4,19.7,15.3,11.4,18.8,25.4,19.5,11.3,9.4,8.8,9.1,8.5,8.6,9.0,9.5,9.4,9.1,9.1,8.9,9.4,26.3,28.0,27.1,27.8,63.7,64.2,69.8,63.2,63.6,73.9,81.5,79.5,73.6,66.0,61.8,67.2,196.6,234.9,201.4,196.5
WORLD,1925,5.0,6.2,9.4,13.3,16.4,18.6,19.9,19.7,17.6,13.8,9.9,6.8,13.0,19.4,13.8,6.5,-0.4,0.5,3.4,7.2,10.4,12.7,14.0,13.8,11.8,8.2,4.3,1.4,7.0,13.5,8.1,1.0,10.5,12.0,15.4,19.4,22.4,24.6,25.8,25.6,23.4,19.5,15.4,12.3,19.1,25.4,19.4,12.1,9.6,8.7,9.3,8.3,8.7,9.0,9.6,9.3,9.3,9.0,9.2,9.5,26.3,27.9,27.6,27.4,67.4,61.9,70.5,63.1,63.6,73.4,78.6,78.8,72.4,64.3,64.2,63.3,197.2,230.9,200.8,189.1
WORLD,1926,5.9,6.9,9.8,13.0,16.3,18.8,19.9,19.7,17.7,14.2,9.8,6.1,13.0,19.5,13.9,5.8,0.4,1.1,3.9,7.0,10.4,12.9,14.1,13.9,11.9,8.6,4.3,0.7,7.1,13.6,8.3,0.2,11.4,12.7,15.7,19.1,22.2,24.8,25.8,25.6,23.4,19.9,15.4,11.5,19.0,25.4,19.6,11.3,9.5,8.5,9.2,8.4,9.1,8.8,9.5,9.4,9.1,9.0,9.0,9.7,26.6,27.8,27.1,27.7,66.5,59.3,70.3,60.8,66.4,69.6,82.5,82.2,72.4,65.9,61.5,67.4,197.5,234.3,199.7,193.6
WORLD,1927,4.9,6.3,9.0,13.0,16.4,18.8,20.1,19.6,17.8,14.5,9.7,5.7,12.8,19.5,14.0,5.9,-0.7,0.7,3.1,7.0,10.5,12.9,14.3,13.7,12.1,8.8,4.1,0.3,6.9,13.6,8.3,0.3,10.5,12.0,15.0,19.0,22.4,24.7,26.0,25.5,23.6,20.2,15.3,11.2,18.8,25.4,19.7,11.4,9.3,8.7,9.3,8.5,8.9,9.2,9.7,9.5,9.2,9.2,9.2,9.6,26.6,28.3,27.6,27.8,64.7,61.5,68.5,63.5,67.8,75.0,83.6,78.3,72.0,68.3,61.4,65.9,199.8,236.9,201.7,192.8
WORLD,1928,5.4,6.5,9.1,13.0,16.5,18.6,20.1,19.6,17.6,14.2,9.9,6.5,12.9,19.4,13.9,5.4,-0.1,0.8,3.1,7.0,10.5,12.7,14.2,13.8,11.8,8.5,4.3,1.1,6.9,13.6,8.2,-0.2,10.9,12.2,15.1,19.1,22.5,24.5,25.9,25.4,23.5,19.9,15.4,12.0,18.9,25.3,19.6,11.0,9.5,8.7,9.0,8.4,8.7,9.0,9.4,9.5,8.8,8.8,9.0,9.2,26.1,27.9,26.6,26.9,65.0,62.0,68.0,65.3,64.7,74.0,79.1,82.2,69.7,64.6,62.0,63.6,198.0,235.4,196.2,189.4
WORLD,1929,4.5,5.3,9.2,12.9,16.3,18.6,19.8,19.6,17.5,14.3,9.8,5.5,12.8,19.3,13.8,5.6,-1.1,-0.5,3.3,6.9,10.3,12.7,13.9,13.7,11.7,8.6,4.3,0.1,6.8,13.4,8.2,0.0,10.1,11.1,15.2,19.0,22.3,24.5,25.7,25.5,23.3,20.0,15.3,10.9,18.8,25.3,19.5,11.2,9.4,8.4,9.1,8.4,8.7,9.0,9.4,9.3,9.0,9.0,8.8,9.6,26.2,27.7,26.7,27.7,66.2,59.6,68.5,62.0,68.0,73.2,80.6,77.1,70.2,65.4,58.5,66.5,198.4,230.8,194.1,190.5
WORLD,1930,4.9,6.3,9.6,13.2,16.4,19.0,20.1,19.8,17.5,14.0,10.0,6.4,13.1,19.6,13.8,5.9,-0.6,0.5,3.7,7.2,10.5,13.0,14.3,13.9,11.7,8.4,4.5,1.0,7.1,13.7,8.2,0.4,10.4,12.2,15.6,19.3,22.3,24.9,26.0,25.7,23.3,19.6,15.5,11.8,19.1,25.5,19.5,11.4,9.4,8.7,9.3,8.5,9.0,9.0,9.2,9.3,8.8,9.3,9.0,9.4,26.8,27.6,27.1,27.0,64.4,59.6,68.4,63.6,67.2,73.2,75.8,74.6,66.5,67.6,59.2,63.6,199.2,223.6,193.2,187.4
WORLD,1931,5.3,6.0,9.3,13.0,16.3,19.0,20.3,19.8,17.7,14.5,9.7,6.6,12.9,19.7,14.0,6.3,-0.2,0.4,3.4,7.0,10.4,13.2,14.5,14.0,12.0,8.8,4.3,1.2,6.9,13.9,8.4,0.7,10.8,11.8,15.2,19.0,22.2,25.0,26.2,25.7,23.5,20.3,15.2,12.0,18.8,25.6,19.7,11.9,9.5,8.1,9.2,8.5,8.8,9.0,9.6,9.4,9.4,9.0,9.0,9.6,26.6,28.0,27.4,27.6,66.1,57.6,67.4,64.1,66.3,71.5,84.2,79.0,75.0,64.6,61.8,66.2,197.8,234.6,201.4,189.9
WORLD,1932,6.1,6.1,9.1,13.6,16.4,18.9,20.2,19.7,17.9,14.3,9.5,6.3,13.0,19.6,13.9,5.6,0.6,0.3,3.1,7.6,10.5,13.0,14.4,13.9,12.1,8.7,3.9,0.9,7.1,13.8,8.2,0.0,11.7,12.0,15.0,19.6,22.3,24.8,26.1,25.5,23.7,19.9,15.0,11.7,19.0,25.5,19.6,11.2,9.5,8.5,9.2,8.4,9.1,9.0,9.8,9.4,9.2,9.2,8.8,9.3,26.7,28.3,27.2,27.0,64.8,59.0,68.5,61.3,68.1,73.3,82.5,80.4,71.6,68.0,60.7,64.1,197.9,236.1,200.3,187.5
WORLD,1933,4.7,5.8,9.0,13.0,16.4,18.7,20.1,19.7,17.5,14.1,9.6,5.7,12.8,19.5,13.7,6.0,-0.8,0.1,3.0,7.1,10.5,12.8,14.2,13.9,11.8,8.4,4.0,0.3,6.9,13.6,8.1,0.4,10.2,11.6,15.0,19.1,22.3,24.7,25.9,25.6,23.3,19.8,15.2,11.1,18.8,25.4,19.4,11.6,9.3,8.4,9.0,8.4,8.9,8.9,9.6,9.6,9.0,8.9,9.2,9.7,26.3,28.2,27.1,27.4,64.8,58.5,66.3,62.4,67.8,72.7,81.8,86.1,72.7,66.1,64.1,68.9,196.5,240.6,202.9,195.6
WORLD,1934,5.2,7.0,9.2,13.0,16.9,19.0,20.1,19.6,17.4,14.3,10.0,6.6,13.0,19.6,13.9,6.3,-0.3,1.3,3.1,7.0,10.9,13.1,14.3,13.8,11.6,8.6,4.6,1.2,7.0,13.7,8.3,0.7,10.7,12.8,15.2,19.0,23.0,24.9,26.0,25.5,23.1,19.9,15.5,12.0,19.1,25.4,19.5,11.9,9.1,8.5,9.0,8.5,8.7,9.2,9.6,9.5,9.0,9.1,9.2,9.3,26.1,28.3,27.3,27.6,64.1,62.6,67.8,63.3,63.8,74.5,83.3,82.5,71.5,67.0,65.7,64.3,194.9,240.3,204.2,191.0
WORLD,1935,4.8,7.4,9.5,12.8,16.2,18.8,20.2,19.7,17.6,14.3,9.1,6.2,12.9,19.6,13.7,5.6,-0.7,1.7,3.6,6.8,10.3,12.9,14.3,13.8,11.8,8.6,3.6,0.8,6.9,13.7,8.0,0.1,10.4,13.2,15.5,18.8,22.2,24.8,26.1,25.6,23.5,20.0,14.5,11.6,18.8,25.5,19.4,11.2,9.4,8.9,9.1,8.4,8.9,9.2,9.4,9.6,9.0,9.3,8.8,9.1,26.4,28.2,27.1,27.1,65.5,61.2,67.2,62.9,67.9,76.1,80.7,82.1,70.7,67.7,61.6,60.9,198.0,238.9,199.9,192.0
WORLD,1936,4.9,5.8,9.2,13.0,16.7,18.9,20.4,19.7,17.7,14.2,9.9,6.7,13.0,19.7,13.9,6.1,-0.6,0.0,3.3,7.0,10.6,12.9,14.5,13.8,11.8,8.5,4.3,1.3,7.0,13.8,8.2,0.6,10.4,11.5,15.3,19.1,22.7,24.9,26.3,25.7,23.5,19.9,15.5,12.1,19.0,25.6,19.7,11.6,9.3,8.7,8.8,8.3,8.9,8.9,9.5,9.3,8.9,8.9,8.6,9.6,26.0,27.7,26.5,28.0,65.6,65.4,68.0,63.1,68.5,73.3,82.3,78.3,72.8,64.7,58.3,66.6,199.6,233.9,195.8,198.6
WORLD,1937,4.9,6.7,8.9,13.1,16.7,19.1,20.2,19.9,17.9,14.5,9.9,6.2,12.9,19.7,14.1,6.1,-0.6,0.9,3.0,7.1,10.6,13.1,14.3,14.0,12.1,8.8,4.4,0.7,6.9,13.8,8.4,0.6,10.5,12.4,14.9,19.1,22.7,25.1,26.1,25.7,23.8,20.2,15.4,11.6,18.9,25.6,19.8,11.7,9.7,8.7,8.8,8.5,8.9,8.9,9.4,9.5,9.0,8.9,8.7,9.4,26.2,27.7,26.5,27.6,69.2,62.8,65.8,66.2,68.0,70.9,80.2,82.9,72.3,66.0,58.9,64.9,200.1,234.0,197.3,193.3
WORLD,1938,5.5,6.6,9.9,13.8,16.7,18.9,20.2,19.8,18.0,14.6,10.1,6.1,13.5,19.7,14.2,6.1,0.1,0.9,3.9,7.8,10.8,13.1,14.4,14.0,12.2,8.9,4.6,0.7,7.5,13.8,8.5,0.5,11.0,12.4,15.9,19.8,22.7,24.8,26.1,25.7,23.9,20.3,15.7,11.6,19.5,25.5,20.0,11.7,9.5,8.7,8.9,8.5,9.0,9.2,9.8,9.5,8.6,8.9,9.0,9.0,26.4,28.4,26.5,27.5,66.4,62.0,64.9,63.3,70.0,77.0,84.3,82.4,69.3,65.9,61.2,63.0,198.2,243.7,196.4,197.6
WORLD,1939,5.6,6.6,9.1,13.3,16.8,19.1,20.2,19.8,17.6,13.9,9.8,7.5,13.1,19.7,13.8,6.2,0.1,0.8,3.2,7.3,10.8,13.2,14.4,13.9,11.7,8.3,4.4,2.0,7.1,13.8,8.1,0.6,11.1,12.4,15.1,19.3,22.8,25.1,26.1,25.8,23.5,19.5,15.3,13.1,19.1,25.7,19.4,11.8,9.7,8.9,9.0,8.5,8.8,9.2,9.8,9.7,9.2,9.3,8.8,9.0,26.4,28.7,27.3,27.1,68.2,66.4,69.9,64.4,66.5,74.7,80.8,81.8,71.8,68.1,60.7,62.0,200.7,237.3,200.5,194.6
WORLD,1940,4.6,6.5,9.5,13.5,16.5,19.1,20.3,19.7,17.9,14.2,9.6,6.8,13.2,19.7,13.9,6.2,-1.0,0.8,3.5,7.5,10.5,13.1,14.4,13.8,12.0,8.5,4.1,1.3,7.2,13.8,8.2,0.7,10.1,12.3,15.4,19.5,22.5,25.1,26.2,25.6,23.7,19.9,15.1,12.3,19.2,25.7,19.6,11.8,9.4,8.7,9.1,8.4,8.8,9.0,9.4,9.3,8.9,9.0,9.1,9.5,26.3,27.8,27.0,27.6,67.4,65.2,68.9,63.2,65.5,73.2,76.7,81.8,66.8,62.5,62.5,65.1,197.7,231.7,191.9,192.9
WORLD,1941,5.2,6.7,9.3,13.4,16.6,19.1,20.4,19.8,17.4,14.4,9.5,6.3,13.1,19.8,13.8,5.9,-0.4,1.0,3.3,7.4,10.7,13.2,14.5,14.0,11.6,8.8,3.9,0.8,7.2,13.9,8.1,0.3,10.8,12.4,15.3,19.4,22.5,25.0,26.3,25.7,23.3,20.1,15.0,11.7,19.1,25.7,19.5,11.5,9.5,8.6,9.3,8.5,8.9,9.2,9.5,9.6,9.1,9.0,9.0,9.4,26.7,28.2,27.1,27.0,67.8,60.0,69.7,63.5,67.4,74.2,77.3,79.1,68.7,65.7,62.4,63.9,200.6,230.6,196.7,186.6
WORLD,1942,5.5,6.0,9.4,13.3,16.5,19.0,20.0,19.6,17.7,14.3,9.8,6.5,13.0,19.6,14.0,6.0,-0.2,0.4,3.4,7.2,10.6,13.1,14.2,13.8,11.9,8.7,4.3,1.1,7.1,13.7,8.3,0.4,11.2,11.7,15.4,19.3,22.4,24.9,25.9,25.5,23.7,20.0,15.4,11.9,19.0,25.4,19.7,11.7,9.1,8.5,9.0,8.5,9.1,9.1,9.4,9.6,8.8,9.2,8.9,9.6,26.6,28.1,27.0,27.4,61.7,61.1,66.6,63.4,70.4,74.0,80.5,83.7,69.8,65.5,60.2,67.7,200.4,238.2,195.5,192.9
WORLD,1943,4.8,6.8,9.2,13.6,16.8,18.7,20.1,19.6,17.7,14.6,9.8,6.9,13.2,19.5,14.0,6.7,-0.8,0.9,3.3,7.5,10.8,12.8,14.2,13.8,11.9,8.9,4.3,1.4,7.2,13.6,8.3,1.1,10.4,12.6,15.3,19.6,22.8,24.6,26.1,25.5,23.6,20.4,15.4,12.4,19.2,25.4,19.8,12.2,9.2,8.5,9.0,8.4,8.9,8.9,9.5,9.5,9.0,8.5,8.7,9.2,26.4,27.9,26.2,27.3,65.6,59.7,69.9,62.8,68.3,71.8,78.5,82.6,72.1,63.5,60.6,62.7,201.0,232.9,196.3,189.9
WORLD,1944,6.1,6.9,9.6,13.3,16.6,19.0,20.2,19.9,18.1,14.5,9.6,6.1,13.2,19.7,14.1,5.7,0.6,1.2,3.7,7.2,10.6,13.0,14.3,13.9,12.3,8.8,4.2,0.7,7.2,13.8,8.4,0.1,11.7,12.6,15.6,19.4,22.7,25.0,26.1,25.9,24.0,20.3,15.0,11.5,19.2,25.6,19.7,11.2,9.2,8.9,9.0,8.1,8.7,9.0,9.5,9.4,8.9,8.8,9.0,9.0,25.8,27.8,26.6,26.7,61.6,65.5,69.3,61.3,64.8,73.6,79.2,81.2,71.7,66.7,62.0,61.7,195.3,234.0,200.4,190.0
WORLD,1945,5.0,5.9,9.4,13.5,16.3,18.8,20.0,20.1,17.8,14.3,9.6,5.7,13.1,19.6,13.9,6.0,-0.5,0.2,3.3,7.5,10.3,12.9,14.1,14.3,12.0,8.7,4.0,0.2,7.0,13.8,8.2,0.4,10.6,11.6,15.4,19.5,22.4,24.7,25.9,26.0,23.6,20.0,15.1,11.2,19.1,25.6,19.6,11.6,9.3,8.4,9.0,8.4,9.1,9.1,9.7,9.4,9.2,9.1,9.0,9.4,26.5,28.3,27.2,27.6,65.9,62.4,68.1,61.4,68.6,71.9,83.8,82.0,75.5,66.8,61.8,65.8,198.1,237.7,204.2,194.4
WORLD,1946,5.5,6.8,9.4,13.6,16.5,18.7,20.1,19.7,17.6,14.0,9.7,5.7,13.2,19.5,13.8,5.6,0.0,1.0,3.4,7.5,10.5,12.7,14.2,13.8,11.9,8.4,4.1,0.3,7.1,13.6,8.1,0.1,11.0,12.5,15.4,19.7,22.5,24.6,26.1,25.6,23.5,19.8,15.3,11.2,19.2,25.4,19.5,11.2,9.5,8.8,8.8,8.3,8.9,8.9,9.6,9.3,9.0,9.0,9.1,9.1,26.0,27.8,27.0,27.3,66.4,62.2,64.2,60.6,69.0,71.6,81.0,81.2,71.2,67.0,64.2,64.1,193.8,233.8,202.5,192.0
WORLD,1947,5.0,6.2,9.7,13.5,16.6,19.0,20.0,19.7,17.7,14.7,9.8,6.3,13.3,19.6,14.1,6.2,-0.6,0.4,3.7,7.5,10.6,13.1,14.2,13.9,11.9,9.0,4.4,0.9,7.3,13.7,8.5,0.6,10.5,12.0,15.7,19.5,22.7,25.0,26.0,25.5,23.5,20.3,15.2,11.8,19.3,25.5,19.7,11.8,9.5,8.6,9.2,8.5,8.8,9.0,9.5,9.8,9.2,8.8,9.0,9.5,26.5,28.4,27.1,27.9,64.8,63.0,72.7,65.0,66.7,76.0,82.7,84.7,76.4,65.4,60.9,66.1,204.4,243.4,202.7,196.8
WORLD,1948,5.9,6.4,9.1,13.3,16.8,19.1,20.2,19.7,17.8,14.3,9.8,6.2,13.1,19.7,14.0,6.0,0.2,0.6,3.1,7.4,10.8,13.2,14.3,13.8,11.9,8.6,4.3,0.7,7.1,13.8,8.3,0.4,11.6,12.1,15.1,19.3,22.9,25.1,26.0,25.7,23.7,20.1,15.3,11.7,19.1,25.6,19.7,11.6,9.4,9.0,9.3,8.9,8.8,9.0,9.8,9.3,8.7,8.8,8.8,9.3,27.0,28.1,26.3,27.7,65.6,65.0,71.9,66.8,67.7,73.9,85.2,78.2,69.1,63.3,61.0,63.2,206.4,237.3,193.4,189.6
WORLD,1949,5.7,6.0,9.2,13.3,16.6,18.7,19.9,19.7,17.6,14.2,9.7,6.1,13.0,19.5,13.9,5.5,0.2,0.3,3.3,7.3,10.7,12.9,14.1,13.9,11.7,8.6,4.2,0.7,7.1,13.6,8.2,-0.1,11.3,11.8,15.1,19.4,22.6,24.6,25.9,25.6,23.4,20.0,15.3,11.5,19.0,25.4,19.6,11.1,9.4,8.9,8.9,8.4,9.3,9.1,9.6,9.5,8.8,9.0,8.8,9.6,26.5,28.1,26.7,28.3,64.0,62.4,68.2,62.7,69.6,73.7,83.5,81.8,72.0,67.0,59.3,65.5,200.4,239.0,198.3,199.9
WORLD,1950,4.4,6.0,9.3,13.0,16.5,18.8,19.8,19.3,17.5,13.9,8.8,6.2,12.9,19.3,13.4,5.4,-1.3,0.2,3.4,7.0,10.6,12.9,14.1,13.5,11.7,8.3,3.2,0.7,7.0,13.5,7.8,-0.2,10.0,11.7,15.3,19.0,22.5,24.8,25.6,25.2,23.3,19.5,14.4,11.7,18.9,25.2,19.1,11.1,9.8,8.9,9.0,8.6,9.1,9.0,9.9,9.5,8.9,9.2,9.1,9.3,26.6,28.4,27.3,27.3,70.0,64.5,71.8,65.4,69.2,74.8,85.8,85.2,71.2,68.8,63.5,66.4,206.4,245.8,203.5,196.2
WORLD,1951,4.6,5.4,9.0,13.2,16.6,18.8,20.0,19.7,17.9,14.2,9.6,6.8,12.9,19.5,13.9,6.3,-1.0,-0.4,3.0,7.1,10.6,12.8,14.1,13.8,12.0,8.7,4.0,1.4,6.9,13.6,8.2,0.7,10.3,11.3,15.0,19.3,22.7,24.7,26.0,25.7,23.8,19.8,15.2,12.3,19.0,25.5,19.6,11.9,9.5,8.5,9.2,8.2,9.0,9.1,9.5,9.3,8.9,9.1,9.0,9.8,26.5,27.8,27.0,28.1,68.6,61.2,69.1,59.8,69.0,73.4,81.4,78.8,70.2,70.2,63.6,64.5,197.9,233.6,204.0,194.7
WORLD,1952,5.5,6.5,8.9,13.3,16.6,18.9,20.2,19.7,17.7,13.9,9.0,6.2,12.9,19.6,13.5,6.2,-0.1,0.8,2.9,7.3,10.6,12.9,14.3,13.9,11.9,8.1,3.4,0.8,6.9,13.7,7.8,0.6,11.1,12.3,15.0,19.4,22.6,24.9,26.1,25.6,23.6,19.7,14.5,11.7,19.0,25.5,19.3,11.8,9.6,8.8,9.0,8.3,9.0,8.9,9.6,9.6,9.3,9.0,8.8,9.2,26.3,28.1,27.1,27.9,65.5,64.7,68.0,62.5,68.0,72.8,81.2,82.8,74.0,66.7,61.3,62.6,198.5,236.7,202.1,197.1
WORLD,1953,5.5,6.8,9.8,13.5,16.7,19.1,20.0,19.9,17.7,14.3,9.4,6.7,13.4,19.7,13.8,5.8,-0.1,1.0,3.8,7.6,10.8,13.1,14.2,14.0,11.8,8.6,4.0,1.3,7.4,13.8,8.1,0.2,11.1,12.6,15.8,19.6,22.7,25.0,26.0,25.7,23.7,20.1,15.0,12.1,19.4,25.6,19.6,11.4,9.8,8.9,9.2,8.4,9.0,9.2,9.7,9.4,9.0,9.0,8.8,9.9,26.5,28.2,26.8,28.5,69.8,64.7,70.4,63.9,72.0,74.7,84.2,78.8,71.2,66.1,59.8,66.7,206.3,237.7,197.1,197.1
WORLD,1954,4.5,6.3,9.1,13.0,16.2,18.8,20.0,19.7,17.7,14.3,10.1,6.2,12.8,19.5,14.0,6.1,-1.1,0.4,3.1,7.1,10.3,13.0,14.1,13.9,11.9,8.6,4.5,0.9,6.8,13.7,8.3,0.6,10.1,12.1,15.2,19.0,22.2,24.8,25.8,25.5,23.5,19.9,15.6,11.6,18.8,25.4,19.7,11.7,9.8,8.8,9.1,8.8,8.8,9.1,9.5,9.6,9.1,9.0,9.0,9.6,26.7,28.3,27.2,28.5,66.5,63.9,68.0,67.8,69.1,77.3,84.0,86.1,73.9,69.4,62.1,67.0,205.0,247.3,205.4,203.8
WORLD,1955,5.9,6.3,8.6,12.9,16.5,18.9,19.9,19.7,17.6,14.2,9.2,5.8,12.6,19.5,13.7,5.5,0.4,0.5,2.6,6.9,10.6,13.1,14.1,13.9,11.9,8.5,3.5,0.3,6.7,13.7,8.0,-0.2,11.4,12.1,14.5,18.9,22.4,24.8,25.8,25.7,23.4,20.0,14.9,11.4,18.6,25.4,19.4,11.1,9.8,9.1,9.4,8.5,9.1,9.1,9.9,9.5,9.1,8.9,9.2,9.8,27.0,28.4,27.1,28.8,69.8,67.1,71.9,64.8,68.6,75.0,87.3,82.9,75.9,69.1,63.3,67.0,205.3,245.3,208.3,206.9
WORLD,1956,4.8,5.7,8.9,12.7,16.0,18.6,19.8,19.2,17.1,13.7,9.1,5.9,12.5,19.2,13.3,5.6,-0.7,-0.1,2.9,6.7,10.1,12.7,14.0,13.4,11.3,8.0,3.5,0.5,6.6,13.4,7.6,0.1,10.4,11.6,14.9,18.7,22.0,24.5,25.6,25.0,23.0,19.5,14.8,11.3,18.5,25.1,19.1,11.2,9.9,9.1,9.3,8.6,9.1,9.2,9.9,9.7,8.9,9.4,9.0,9.7,27.0,28.8,27.3,28.5,70.1,69.7,73.0,67.5,70.3,77.2,84.4,84.3,71.3,70.4,61.7,66.8,210.7,245.9,203.4,194.3
WORLD,1957,4.9,6.1,9.0,13.0,16.4,19.0,19.9,19.7,17.6,14.0,9.8,7.0,12.8,19.5,13.8,6.6,-0.7,0.5,3.0,7.0,10.5,13.1,14.1,13.8,11.8,8.4,4.3,1.5,6.8,13.6,8.2,1.0,10.5,11.7,15.1,19.0,22.4,24.9,25.7,25.6,23.5,19.7,15.4,12.5,18.8,25.4,19.5,12.2,10.0,8.9,9.3,8.7,9.0,9.2,9.7,9.3,8.8,9.1,9.1,10.1,26.9,28.3,27.0,29.1,66.8,60.7,70.0,66.4,69.6,73.5,82.5,79.4,69.9,65.2,61.1,70.8,206.1,235.4,196.1,203.7
WORLD,1958,6.0,6.8,9.4,13.3,16.7,18.8,20.1,19.6,17.4,14.1,9.8,6.5,13.2,19.5,13.8,6.1,0.6,1.0,3.5,7.3,10.8,13.0,14.3,13.9,11.7,8.4,4.3,1.0,7.2,13.7,8.2,0.6,11.5,12.5,15.4,19.3,22.7,24.7,25.9,25.4,23.2,19.7,15.3,12.0,19.1,25.4,19.4,11.7,10.1,8.9,9.1,8.5,8.9,9.1,10.0,9.6,9.2,9.1,8.8,9.9,26.5,28.6,27.0,28.5,70.8,62.1,64.3,64.1,64.2,71.5,83.5,83.9,71.2,66.0,58.7,65.8,192.7,238.8,195.9,195.4
WORLD,1959,5.4,6.5,9.8,13.4,16.4,19.1,20.2,19.6,17.7,13.8,9.3,6.4,13.2,19.6,13.6,6.2,-0.1,0.7,3.8,7.4,10.5,13.1,14.3,13.9,11.9,8.2,3.8,1.0,7.2,13.8,8.0,0.6,10.9,12.2,15.8,19.5,22.4,25.1,26.0,25.4,23.4,19.4,14.8,11.8,19.3,25.5,19.2,11.8,9.9,8.7,9.0,8.6,9.0,9.1,9.5,9.8,9.2,9.2,9.1,9.5,26.6,28.4,27.5,28.6,68.3,61.3,68.5,64.1,69.3,74.1,83.9,85.4,74.0,68.4,61.6,65.0,201.9,243.4,204.0,197.9
WORLD,1960,5.3,7.0,8.5,13.0,16.2,19.0,20.0,19.6,17.6,14.1,9.4,6.9,12.6,19.6,13.7,6.4,-0.3,1.2,2.5,7.0,10.3,13.1,14.2,13.9,12.0,8.4,3.8,1.5,6.6,13.7,8.1,0.8,10.8,12.9,14.5,19.0,22.1,25.0,25.8,25.5,23.4,19.9,14.9,12.3,18.5,25.4,19.4,11.9,9.9,9.2,9.2,8.3,8.8,9.0,9.8,9.5,9.2,9.0,9.0,9.5,26.3,28.3,27.2,27.8,66.7,66.2,70.4,61.5,65.8,71.3,86.6,82.1,73.2,66.3,61.1,64.9,197.7,240.0,200.6,192.8
WORLD,1961,5.4,6.8,9.7,13.4,16.7,19.0,20.0,19.6,17.6,14.0,9.6,6.1,13.2,19.6,13.7,6.2,-0.1,1.1,3.8,7.4,10.6,13.1,14.2,13.8,11.8,8.2,4.1,0.6,7.3,13.7,8.1,0.5,11.0,12.5,15.7,19.4,22.7,25.1,25.9,25.5,23.4,19.7,15.1,11.6,19.3,25.5,19.4,11.9,9.6,8.7,9.2,8.9,8.6,8.9,9.7,9.5,8.9,8.9,9.6,9.8,26.6,28.1,27.4,28.3,64.9,63.0,66.3,66.7,62.5,76.3,87.0,83.4,74.3,67.0,68.3,66.5,195.6,246.7,209.6,196.3
WORLD,1962,5.5,6.9,9.6,13.4,16.5,18.7,20.0,19.6,17.6,14.3,9.8,6.6,13.2,19.4,13.9,6.3,-0.1,1.0,3.6,7.3,10.5,12.7,14.2,13.7,11.8,8.6,4.3,1.1,7.1,13.5,8.2,0.6,11.2,12.8,15.7,19.5,22.5,24.7,25.9,25.6,23.4,20.0,15.3,12.1,19.2,25.4,19.6,12.1,10.0,8.5,9.1,8.4,9.1,9.0,9.5,9.6,9.1,8.9,8.9,9.8,26.6,28.2,26.8,28.3,70.3,59.4,66.7,64.2,68.1,74.7,80.3,83.5,74.6,65.2,61.2,67.9,199.0,238.5,201.1,202.6
WORLD,1963,5.2,7.2,9.2,13.1,16.3,18.7,20.2,19.8,17.8,14.8,10.1,6.3,12.9,19.5,14.2,5.9,-0.5,1.3,3.1,7.1,10.4,12.8,14.3,13.9,12.0,9.1,4.7,0.7,6.9,13.7,8.6,0.2,11.0,13.1,15.4,19.1,22.3,24.7,26.1,25.6,23.7,20.5,15.6,11.9,18.9,25.4,19.9,11.6,9.6,8.9,9.2,8.7,9.0,9.0,9.6,9.5,8.7,8.6,9.8,9.7,26.8,28.0,27.1,27.8,69.3,65.4,67.9,66.5,66.0,72.0,83.5,81.6,67.6,60.3,68.9,64.1,200.5,237.0,196.8,189.7
WORLD,1964,5.3,6.1,8.8,12.9,16.4,18.6,19.9,19.4,17.3,13.6,9.4,5.9,12.7,19.3,13.5,5.7,-0.4,0.3,2.7,7.0,10.5,12.7,14.0,13.6,11.6,7.9,3.8,0.5,6.7,13.4,7.8,0.0,10.9,12.0,14.9,18.8,22.4,24.6,25.8,25.2,23.0,19.3,15.1,11.3,18.7,25.2,19.1,11.3,9.6,8.5,9.1,8.9,9.0,9.2,9.8,9.9,9.3,8.9,8.8,9.9,27.0,28.9,27.1,28.0,65.4,60.2,66.9,67.5,65.5,74.3,86.2,85.8,74.3,68.5,60.0,67.5,199.9,246.3,202.7,190.7
WORLD,1965,5.2,6.0,9.2,12.8,16.4,18.8,19.8,19.4,17.4,14.1,9.3,6.3,12.8,19.4,13.6,5.8,-0.4,0.0,3.2,6.8,10.4,12.9,14.0,13.6,11.6,8.5,3.8,0.9,6.8,13.5,8.0,0.2,10.8,11.9,15.3,18.8,22.5,24.8,25.7,25.3,23.1,19.9,14.9,11.8,18.9,25.2,19.3,11.4,9.7,8.4,8.8,8.4,8.5,9.1,9.6,9.7,9.1,9.1,9.3,9.6,25.7,28.4,27.6,29.5,65.6,57.6,66.9,63.6,63.3,70.8,79.3,81.1,70.9,65.9,62.2,65.8,193.8,231.3,199.0,198.7
WORLD,1966,4.9,6.2,9.3,12.9,16.5,19.0,20.1,19.7,17.6,13.9,9.4,5.9,12.9,19.6,13.7,5.6,-0.7,0.4,3.4,7.0,10.4,13.1,14.3,13.9,11.8,8.3,3.8,0.5,6.9,13.7,8.0,-0.0,10.5,12.1,15.4,18.8,22.5,25.0,26.0,25.5,23.5,19.6,15.0,11.3,18.9,25.5,19.4,11.2,10.3,9.6,9.7,8.9,9.1,9.6,9.6,9.9,9.2,9.9,9.7,10.1,27.7,29.1,28.8,29.1,66.7,66.2,67.3,63.5,66.7,76.2,81.9,83.3,67.4,70.3,64.2,66.9,197.6,241.4,201.9,198.7
WORLD,1967,5.0,5.9,9.4,13.2,16.8,18.6,20.0,19.5,17.4,14.6,9.7,6.4,13.1,19.4,13.9,5.8,-0.7,0.1,3.5,7.2,10.8,12.7,14.1,13.7,11.6,9.0,4.3,1.0,7.2,13.5,8.3,0.2,10.7,11.7,15.3,19.3,22.7,24.6,25.8,25.4,23.3,20.3,15.1,11.9,19.1,25.3,19.6,11.4,9.9,9.1,9.7,8.6,9.2,9.1,9.5,9.3,8.9,9.1,9.4,9.9,27.5,27.9,27.3,28.8,67.6,64.3,69.3,63.8,67.6,73.9,80.4,79.8,69.3,64.7,63.6,64.8,200.7,234.1,197.6,194.5
WORLD,1968,4.8,6.2,10.2,13.2,16.2,18.6,19.8,19.4,17.4,14.0,9.4,5.8,13.2,19.3,13.6,5.2,-0.8,0.5,4.3,7.1,10.3,12.7,14.1,13.6,11.6,8.3,3.9,0.4,7.2,13.5,7.9,-0.4,10.4,12.0,16.1,19.3,22.2,24.5,25.7,25.2,23.2,19.7,14.9,11.2,19.2,25.1,19.3,10.7,9.9,9.0,9.8,8.9,9.2,9.4,9.8,9.7,9.0,9.0,9.4,10.1,27.8,29.0,27.3,29.0,66.6,63.1,69.1,64.5,67.7,78.2,81.9,79.1,69.3,63.1,63.7,68.6,201.3,239.1,196.1,198.3
WORLD,1969,4.2,5.5,9.1,13.3,16.5,18.8,20.2,19.6,17.5,14.0,10.0,6.8,13.0,19.5,13.8,6.3,-1.2,-0.2,3.1,7.3,10.6,12.8,14.4,13.8,11.8,8.6,4.4,1.3,7.0,13.7,8.2,0.6,9.6,11.2,15.1,19.3,22.4,24.7,26.0,25.5,23.2,19.5,15.5,12.3,18.9,25.4,19.4,11.9,10.2,8.7,9.3,8.8,9.2,9.1,9.8,9.4,9.0,9.4,9.2,9.4,27.3,28.3,27.7,28.0,69.0,60.6,67.7,64.3,67.2,71.5,82.8,82.3,70.1,68.9,61.1,65.1,199.3,236.5,200.1,191.4
WORLD,1970,5.1,6.9,9.2,13.4,16.4,19.0,20.2,19.6,17.6,13.9,9.5,6.0,13.0,19.6,13.7,5.7,-0.5,1.0,3.2,7.4,10.5,13.0,14.3,13.8,11.9,8.2,3.9,0.5,7.0,13.7,8.0,0.1,10.7,12.8,15.1,19.4,22.5,25.0,26.1,25.5,23.3,19.5,15.1,11.5,19.0,25.5,19.3,11.3,9.9,8.7,9.2,8.7,8.9,8.9,9.5,9.6,9.6,9.2,9.4,9.8,26.8,28.0,28.2,28.6,67.3,59.0,66.9,63.9,68.4,72.8,81.9,84.7,79.8,67.0,62.2,64.0,199.2,239.4,209.0,195.5
WORLD,1971,5.2,6.0,9.0,12.9,16.3,18.6,20.0,19.6,17.6,14.1,9.8,6.4,12.8,19.4,13.9,5.4,-0.4,0.2,3.0,6.9,10.3,12.7,14.1,13.7,11.9,8.4,4.3,1.0,6.8,13.5,8.2,-0.2,10.8,11.7,15.0,19.0,22.4,24.6,25.8,25.5,23.4,19.8,15.4,11.8,18.8,25.3,19.5,11.0,10.0,8.8,9.2,8.5,8.9,9.3,9.8,9.9,9.2,9.3,9.5,10.1,26.7,29.0,28.0,29.2,67.5,64.0,68.0,60.9,67.3,76.5,81.2,85.0,72.4,67.5,63.2,64.0,196.2,242.7,203.1,195.4
WORLD,1972,4.2,5.6,9.2,13.1,16.4,18.8,20.0,19.6,17.3,14.0,9.3,6.4,12.9,19.4,13.5,6.3,-1.4,-0.2,3.2,7.1,10.5,12.9,14.1,13.7,11.6,8.4,3.9,1.0,6.9,13.6,8.0,0.8,9.8,11.4,15.3,19.2,22.4,24.8,25.8,25.4,23.0,19.6,14.7,11.8,18.9,25.3,19.1,11.9,10.0,9.0,9.3,8.9,9.1,9.1,9.4,9.5,9.1,9.4,9.5,9.9,27.3,28.1,28.0,28.7,68.5,63.0,70.1,64.6,67.6,71.7,74.5,77.1,66.4,66.3,64.9,64.1,202.4,223.3,197.6,192.0
WORLD,1973,5.5,7.1,10.1,13.6,16.8,19.3,20.2,19.7,17.6,14.2,9.5,6.5,13.5,19.7,13.7,5.6,-0.1,1.4,4.2,7.7,10.9,13.4,14.5,14.0,11.8,8.6,4.0,1.0,7.6,14.0,8.1,0.1,11.0,12.8,16.0,19.5,22.7,25.1,26.0,25.5,23.3,19.8,15.0,12.0,19.4,25.5,19.4,11.1,9.7,9.1,9.1,9.0,9.1,9.6,10.2,9.9,9.6,9.8,9.7,9.9,27.1,29.7,29.1,29.4,65.4,62.4,68.5,68.4,70.5,75.6,84.9,86.3,77.9,72.1,67.7,70.5,207.4,246.8,217.7,214.2
WORLD,1974,4.6,5.7,9.4,13.2,16.3,18.7,20.0,19.5,17.3,13.7,9.3,6.0,13.0,19.4,13.5,6.0,-0.7,0.1,3.6,7.3,10.5,12.7,14.3,13.7,11.6,8.0,3.7,0.8,7.1,13.6,7.8,0.5,9.9,11.4,15.2,19.2,22.2,24.7,25.9,25.3,23.1,19.5,14.9,11.3,18.9,25.3,19.2,11.5,10.3,9.2,9.6,9.0,9.3,9.1,10.0,10.0,9.5,9.4,9.0,9.6,27.8,29.1,27.9,29.1,76.4,67.3,73.1,69.4,68.9,71.7,84.1,81.1,75.2,69.4,59.4,65.2,211.4,236.9,204.0,197.6
WORLD,1975,5.5,6.5,9.6,13.4,16.7,19.0,20.1,19.5,17.7,13.9,9.4,6.2,13.3,19.6,13.7,5.9,0.0,0.8,3.8,7.5,10.8,13.2,14.3,13.7,12.0,8.3,3.9,0.8,7.4,13.7,8.1,0.4,11.0,12.2,15.5,19.3,22.7,24.9,26.0,25.3,23.4,19.5,15.0,11.7,19.2,25.4,19.3,11.5,10.2,9.3,9.7,8.9,9.0,9.1,10.2,9.8,9.5,9.5,9.1,10.0,27.7,29.2,28.1,29.7,66.9,65.5,71.8,66.8,69.0,73.9,87.9,84.4,79.0,70.5,64.3,69.9,207.6,246.2,213.7,210.7
WORLD,1976,5.3,6.1,8.6,13.3,16.3,18.6,19.8,19.4,17.5,13.2,9.1,6.1,12.7,19.2,13.3,5.8,-0.2,0.5,2.8,7.3,10.4,12.7,13.9,13.5,11.7,7.8,3.6,0.6,6.8,13.3,7.7,0.3,10.9,11.8,14.5,19.3,22.2,24.5,25.7,25.3,23.3,18.7,14.6,11.6,18.7,25.2,18.9,11.3,10.0,9.7,9.3,8.6,9.1,8.9,9.4,9.3,9.0,9.8,8.9,9.4,26.9,27.6,27.7,28.3,70.4,70.4,71.3,64.2,67.6,71.6,75.9,76.9,65.7,71.8,60.4,63.7,203.1,224.3,197.9,195.4
WORLD,1977,4.6,6.6,10.0,13.7,16.8,19.2,20.1,19.6,17.7,14.0,10.1,6.3,13.5,19.6,13.9,6.0,-0.7,0.9,4.1,7.7,10.9,13.3,14.4,13.8,12.0,8.5,4.8,1.1,7.6,13.8,8.4,0.6,10.0,12.4,15.9,19.8,22.7,25.1,26.0,25.4,23.4,19.6,15.5,11.6,19.5,25.5,19.5,11.5,10.1,8.8,9.2,8.9,9.3,9.3,9.6,9.7,9.5,9.4,9.6,10.4,27.4,28.6,28.5,29.3,68.4,63.2,66.8,66.9,67.8,73.9,80.3,79.6,72.0,66.3,65.3,68.8,201.5,233.8,203.6,198.4
WORLD,1978,5.3,6.5,9.7,13.4,16.5,18.6,19.9,19.3,17.5,14.1,9.9,6.3,13.2,19.3,13.8,5.7,-0.1,0.9,3.9,7.4,10.6,12.8,14.3,13.6,11.9,8.5,4.5,0.8,7.3,13.6,8.3,0.2,10.6,12.2,15.5,19.4,22.3,24.4,25.7,25.1,23.2,19.7,15.2,11.7,19.1,25.1,19.3,11.3,10.1,8.8,9.4,8.8,9.3,9.6,10.4,9.6,9.6,9.3,9.4,10.1,27.5,29.6,28.3,29.5,69.3,60.3,70.1,65.6,70.6,73.9,86.7,79.1,75.9,65.0,62.3,69.8,206.2,239.7,203.1,205.3
WORLD,1979,5.0,6.0,9.6,12.9,16.5,19.0,20.1,19.7,17.7,14.3,9.9,7.3,13.0,19.6,14.0,6.4,-0.4,0.3,3.8,7.1,10.7,13.1,14.4,14.1,12.0,8.7,4.4,1.9,7.2,13.8,8.4,1.0,10.4,11.6,15.4,18.8,22.4,24.9,25.9,25.4,23.4,20.0,15.3,12.6,18.9,25.4,19.6,11.9,10.1,9.3,9.5,8.8,9.2,9.3,9.7,9.9,9.4,9.2,9.4,10.0,27.5,28.8,28.0,28.9,70.1,65.4,69.2,65.2,67.6,74.7,79.1,81.3,71.9,63.4,64.8,64.9,202.0,235.1,200.1,195.4
WORLD,1980,5.3,6.7,9.4,13.6,17.0,19.0,20.2,19.8,17.7,14.3,10.1,6.5,13.3,19.7,14.0,6.7,-0.2,1.2,3.5,7.6,11.1,13.2,14.4,14.1,12.0,8.8,4.7,1.2,7.4,13.9,8.5,1.2,10.8,12.3,15.2,19.6,22.8,24.9,26.0,25.5,23.5,19.8,15.6,12.0,19.2,25.5,19.6,12.2,9.9,9.0,9.0,8.6,9.0,9.2,9.6,9.7,9.0,9.1,9.4,9.7,26.5,28.6,27.5,28.5,66.1,64.4,65.4,64.2,67.6,73.3,80.5,82.5,67.8,64.3,63.3,64.1,197.2,236.3,195.5,196.9
WORLD,1981,6.3,7.3,10.3,13.9,16.8,19.1,20.2,20.0,17.7,14.2,9.9,7.2,13.6,19.7,13.9,6.2,0.9,1.7,4.4,8.0,10.9,13.3,14.5,14.2,12.0,8.6,4.6,1.7,7.8,14.0,8.4,0.6,11.6,12.9,16.1,19.8,22.6,24.9,25.9,25.8,23.4,19.7,15.2,12.6,19.5,25.5,19.5,11.7,9.8,9.0,9.6,8.8,9.2,9.4,10.0,9.6,9.0,9.3,9.1,9.6,27.6,29.1,27.4,28.5,68.8,64.0,69.8,65.4,72.7,75.6,87.4,79.9,69.9,68.0,62.9,64.3,207.8,242.9,200.7,197.4
WORLD,1982,4.9,6.4,9.2,13.5,16.6,18.8,20.2,19.7,17.8,14.0,9.5,7.0,13.1,19.6,13.7,6.7,-0.6,0.9,3.4,7.6,10.7,12.9,14.4,14.0,12.2,8.5,4.2,1.7,7.2,13.8,8.3,1.4,10.5,12.0,14.9,19.4,22.5,24.7,26.1,25.5,23.4,19.5,14.7,12.3,18.9,25.4,19.2,12.1,10.0,9.0,9.6,8.9,9.0,8.8,9.3,9.6,9.2,9.5,9.3,9.9,27.5,27.7,27.9,28.5,70.4,62.7,71.7,67.3,67.4,67.8,75.7,76.3,66.7,67.1,62.3,63.8,206.3,219.7,196.1,183.1
WORLD,1983,6.1,7.1,9.9,13.4,16.7,19.0,20.4,20.0,18.0,14.3,10.5,6.6,13.3,19.8,14.3,6.1,0.8,1.5,4.2,7.6,10.9,13.2,14.7,14.3,12.4,8.9,5.1,1.2,7.6,14.1,8.8,0.7,11.4,12.7,15.6,19.2,22.5,24.8,26.2,25.8,23.7,19.8,15.9,11.9,19.1,25.6,19.8,11.6,10.0,8.6,9.3,8.9,9.2,9.0,9.4,9.5,9.1,9.3,9.3,10.1,27.3,27.9,27.7,28.3,62.1,57.2,68.8,67.7,72.3,68.9,77.7,77.9,71.6,68.0,63.8,68.1,208.8,224.4,203.4,199.5
WORLD,1984,5.5,6.4,9.6,13.2,16.9,19.0,20.2,19.7,17.4,14.2,9.4,5.7,13.3,19.6,13.7,5.6,0.2,0.8,3.8,7.3,11.0,13.2,14.5,14.0,11.8,8.8,4.0,0.4,7.4,13.9,8.2,0.2,10.8,12.0,15.4,19.2,22.8,24.8,25.9,25.5,23.0,19.7,14.7,10.9,19.2,25.4,19.1,11.1,9.8,8.5,9.3,8.4,9.2,9.2,10.0,9.7,9.6,9.5,9.3,9.6,26.9,28.9,28.4,28.2,68.6,62.8,69.6,64.8,71.1,74.1,83.7,78.5,73.8,66.7,62.6,63.3,205.5,236.2,203.1,189.7
WORLD,1985,5.4,5.9,9.5,13.4,16.8,18.9,19.9,19.8,17.5,14.1,9.6,6.5,13.2,19.6,13.7,6.4,-0.0,0.2,3.8,7.5,10.9,13.1,14.2,14.1,11.9,8.7,4.3,1.2,7.4,13.8,8.3,0.9,10.8,11.5,15.3,19.3,22.7,24.8,25.8,25.5,23.2,19.6,14.9,11.8,19.1,25.4,19.2,11.9,9.7,8.9,9.2,8.7,9.1,9.1,10.0,9.8,9.2,9.4,9.6,9.9,27.0,28.9,28.3,28.3,64.4,62.1,67.2,65.0,67.2,69.4,80.4,82.6,72.9,67.4,64.6,64.5,199.4,232.4,204.9,190.9
WORLD,1986,5.9,6.8,9.9,13.6,16.9,19.1,20.1,19.7,17.5,14.1,9.5,6.5,13.5,19.6,13.7,6.5,0.4,1.1,4.0,7.8,11.0,13.3,14.4,14.0,11.9,8.6,4.3,1.1,7.6,13.9,8.3,0.9,11.4,12.6,15.8,19.6,22.7,25.0,25.8,25.5,23.2,19.6,14.8,11.8,19.4,25.4,19.2,12.0,9.7,8.7,9.1,8.7,9.0,9.2,10.0,9.6,9.4,9.6,9.4,9.6,26.7,28.8,28.5,27.9,66.6,59.8,67.1,64.6,65.5,72.7,80.2,74.7,70.8,70.1,63.1,60.4,197.3,227.7,204.0,183.3
WORLD,1987,5.5,7.4,9.3,13.5,16.8,19.1,20.5,19.9,18.0,14.2,9.7,7.2,13.2,19.8,14.0,6.6,-0.1,1.8,3.5,7.5,10.9,13.3,14.8,14.2,12.3,8.7,4.3,1.8,7.3,14.1,8.4,1.1,11.1,13.1,15.2,19.6,22.7,25.0,26.3,25.6,23.8,19.7,15.1,12.6,19.2,25.6,19.5,12.1,9.6,8.7,9.1,8.2,9.0,9.1,9.5,9.6,9.0,8.8,9.0,9.6,26.2,28.1,26.8,28.3,64.5,58.4,66.4,59.2,64.5,68.2,77.9,79.5,68.2,61.5,61.3,66.4,190.1,225.6,191.0,193.7
WORLD,1988,6.0,6.7,10.0,13.8,17.0,19.4,20.5,20.0,18.0,14.5,9.8,7.1,13.6,20.0,14.1,6.5,0.5,1.1,4.2,7.9,11.2,13.5,14.7,14.3,12.3,8.9,4.4,1.8,7.8,14.2,8.5,1.0,11.4,12.3,15.8,19.8,22.9,25.3,26.3,25.7,23.7,20.2,15.4,12.5,19.5,25.8,19.8,12.0,9.8,8.9,9.3,8.7,8.9,9.1,10.0,10.0,9.2,8.8,9.0,10.0,26.9,29.1,27.0,28.3,64.5,62.8,70.2,63.9,65.0,73.2,86.7,89.6,75.2,63.5,63.1,67.9,199.1,249.5,201.9,193.9
WORLD,1989,5.4,6.9,10.0,13.6,16.8,19.1,20.3,19.9,17.7,14.4,9.7,6.9,13.5,19.8,14.0,6.5,0.0,1.3,4.1,7.6,10.9,13.4,14.6,14.1,12.0,8.8,4.3,1.5,7.6,14.0,8.4,1.1,10.9,12.6,15.8,19.6,22.7,24.9,26.2,25.7,23.5,20.1,15.2,12.2,19.4,25.6,19.6,12.0,9.7,8.7,9.6,8.7,9.3,9.6,9.8,9.7,9.1,9.4,9.2,9.9,27.5,29.2,27.7,28.8,65.7,60.3,72.7,64.1,68.6,74.9,81.7,80.3,70.9,67.5,61.0,69.2,205.5,237.0,199.4,198.3
WORLD,1990,5.8,7.0,11.0,14.0,17.1,19.4,20.3,20.1,17.8,14.6,10.4,6.9,14.0,19.9,14.3,6.6,0.5,1.4,5.1,8.2,11.2,13.5,14.6,14.3,12.1,9.0,4.8,1.5,8.2,14.1,8.6,1.2,11.1,12.5,16.8,19.8,23.0,25.3,26.1,25.9,23.6,20.2,16.0,12.4,19.9,25.7,19.9,12.1,9.8,9.2,9.1,9.1,9.3,8.9,10.0,9.4,9.0,9.3,9.2,9.9,27.4,28.3,27.5,28.1,66.8,62.3,63.9,68.2,71.7,72.5,82.5,76.7,70.0,67.7,61.3,65.7,203.8,231.8,198.9,198.6
WORLD,1991,5.7,7.2,9.8,13.9,16.9,19.5,20.5,20.0,18.0,14.5,9.9,6.5,13.6,20.0,14.1,6.6,0.4,1.5,4.0,8.0,11.1,13.7,14.8,14.3,12.3,8.8,4.6,1.3,7.7,14.3,8.6,1.2,11.0,12.9,15.6,19.9,22.8,25.3,26.3,25.8,23.8,20.1,15.3,11.8,19.4,25.8,19.7,12.0,9.8,8.5,9.4,8.3,8.9,9.3,9.4,9.1,8.6,8.9,9.0,9.6,26.5,27.8,26.5,27.9,71.7,61.2,70.4,62.6,66.3,74.0,78.8,76.5,64.4,62.0,59.0,64.0,199.3,229.4,185.4,187.2
WORLD,1992,6.2,7.0,10.0,13.4,16.8,19.0,19.8,19.5,17.3,13.9,9.4,6.7,13.4,19.4,13.5,6.5,0.8,1.5,4.3,7.6,10.9,13.1,14.1,13.9,11.8,8.3,4.0,1.5,7.6,13.7,8.0,1.1,11.6,12.6,15.8,19.2,22.6,24.8,25.6,25.2,22.9,19.6,14.7,12.0,19.2,25.2,19.1,11.9,9.4,8.9,9.0,8.6,8.8,8.9,9.5,9.6,9.0,9.0,9.4,9.6,26.4,28.0,27.4,28.4,61.8,61.4,62.9,61.9,63.7,68.1,78.3,78.7,70.1,63.4,63.4,64.9,188.4,225.0,196.9,197.3
WORLD,1993,5.8,7.0,10.1,13.6,16.9,19.1,20.3,19.8,17.4,14.3,9.3,6.7,13.5,19.7,13.7,6.1,0.5,1.4,4.2,7.6,11.1,13.3,14.7,14.1,11.8,8.7,4.0,1.4,7.6,14.0,8.2,0.7,11.2,12.6,15.9,19.5,22.7,24.9,25.9,25.4,23.1,19.8,14.7,12.0,19.4,25.4,19.2,11.5,9.9,8.9,8.8,8.3,9.1,9.3,9.6,9.7,9.1,9.0,8.9,9.6,26.2,28.5,27.0,28.3,68.4,64.0,63.1,62.6,66.3,74.6,79.9,77.7,70.4,62.8,62.7,65.0,192.0,232.2,195.8,195.3
WORLD,1994,5.6,6.0,10.0,13.9,17.1,19.4,20.4,20.0,18.0,14.7,10.3,6.9,13.6,19.9,14.3,7.0,0.2,0.4,4.1,7.9,11.2,13.6,14.6,14.2,12.3,9.2,4.9,1.6,7.7,14.1,8.8,1.6,11.0,11.6,15.8,19.9,23.1,25.3,26.3,25.8,23.8,20.2,15.7,12.1,19.6,25.8,19.9,12.4,9.9,8.7,9.0,8.3,8.8,9.2,9.3,9.2,8.7,9.1,9.3,9.4,26.1,27.7,27.1,27.7,67.6,62.7,68.6,61.2,65.3,73.9,78.2,81.9,69.0,66.6,63.3,61.8,195.0,233.9,198.9,188.5
WORLD,1995,6.3,7.8,10.1,13.8,16.9,19.5,20.5,20.4,18.1,14.9,10.2,6.7,13.6,20.1,14.4,6.3,0.9,2.2,4.3,7.9,11.1,13.7,14.8,14.6,12.4,9.3,4.7,1.4,7.8,14.3,8.8,0.8,11.6,13.5,16.0,19.8,22.7,25.4,26.3,26.2,23.9,20.4,15.8,12.0,19.5,26.0,20.0,11.8,9.5,8.8,9.3,8.4,9.0,8.8,9.8,9.3,9.0,9.1,9.2,9.4,26.7,27.9,27.2,28.1,65.2,61.6,68.4,63.6,66.3,72.1,84.5,82.7,68.9,67.1,64.3,65.9,198.3,239.4,200.3,202.5
WORLD,1996,5.3,7.0,9.6,13.3,16.9,19.2,20.4,19.9,17.6,14.2,9.8,6.8,13.3,19.8,13.9,6.5,-0.2,1.2,3.7,7.4,11.1,13.4,14.7,14.2,12.0,8.7,4.5,1.4,7.4,14.1,8.4,1.0,10.8,12.7,15.4,19.2,22.8,25.0,26.1,25.6,23.2,19.7,15.1,12.3,19.1,25.6,19.3,12.0,9.8,8.9,9.0,8.4,8.9,9.1,9.7,9.6,9.1,9.1,9.1,9.5,26.3,28.4,27.4,28.3,71.5,65.2,70.9,64.7,66.3,74.4,81.7,81.4,72.1,69.0,64.8,65.1,201.9,237.5,205.9,204.3
WORLD,1997,5.7,7.1,10.1,13.7,16.9,19.4,20.5,20.1,18.2,14.7,10.1,7.1,13.5,20.0,14.3,7.0,0.2,1.5,4.3,7.8,11.1,13.6,14.8,14.4,12.5,9.2,4.7,1.8,7.7,14.3,8.8,1.6,11.1,12.7,15.8,19.7,22.6,25.3,26.2,25.9,23.9,20.2,15.5,12.3,19.4,25.8,19.9,12.4,10.0,8.8,9.1,8.6,9.2,9.0,9.3,9.2,8.7,9.2,9.2,9.7,26.9,27.6,27.1,28.4,73.4,65.8,69.1,65.2,65.2,71.8,78.1,77.2,66.0,66.7,64.4,68.8,199.5,227.1,197.1,199.9
WORLD,1998,5.8,8.0,10.2,14.4,17.4,19.8,21.1,20.6,18.2,14.8,9.9,7.4,14.0,20.5,14.3,7.1,0.6,2.4,4.4,8.4,11.5,14.0,15.4,15.0,12.7,9.3,4.6,2.0,8.1,14.8,8.8,1.7,11.1,13.7,16.0,20.3,23.4,25.6,26.7,26.3,23.9,20.3,15.3,12.7,19.9,26.2,19.8,12.6,9.8,8.8,9.0,8.7,8.9,9.3,9.9,9.8,9.3,9.6,8.9,9.4,26.7,28.9,27.8,28.2,68.6,62.5,65.7,66.0,68.2,76.9,85.0,85.0,75.8,73.0,65.5,65.3,199.9,247.0,214.3,203.7
WORLD,1999,6.1,8.0,9.7,13.9,17.0,19.3,20.6,20.1,18.1,14.6,10.2,7.5,13.5,20.0,14.3,6.9,0.7,2.3,3.9,8.0,11.1,13.5,14.9,14.4,12.5,9.1,4.8,2.2,7.6,14.3,8.8,1.5,11.5,13.7,15.5,19.9,22.9,25.2,26.3,25.9,23.8,20.1,15.6,12.9,19.4,25.8,19.9,12.3,10.0,8.8,9.2,8.5,8.9,8.9,9.6,9.7,9.2,9.6,9.1,9.7,26.6,28.3,28.0,28.6,73.2,65.3,73.0,64.7,67.7,72.0,81.7,84.9,75.9,73.6,64.2,68.3,205.4,238.5,213.7,208.2
WORLD,2000,5.6,7.5,10.4,14.4,17.1,19.3,20.5,20.2,18.0,14.3,9.6,6.5,14.0,20.0,13.9,6.4,0.2,2.0,4.6,8.5,11.3,13.6,14.7,14.5,12.3,8.9,4.3,1.2,8.1,14.2,8.5,1.0,11.0,13.1,16.2,20.4,23.0,25.2,26.3,26.0,23.7,19.7,14.9,11.7,19.9,25.8,19.4,11.9,9.9,9.0,9.2,8.7,9.0,9.3,9.7,9.6,9.2,9.3,9.1,9.6,27.0,28.6,27.7,28.0,69.2,70.7,71.7,67.7,70.2,76.3,81.0,79.5,72.8,70.6,67.1,67.5,209.6,236.7,210.5,199.6
WORLD,2001,6.0,6.9,10.4,14.1,17.4,19.4,20.7,20.5,18.1,14.6,10.8,7.0,13.9,20.2,14.5,7.2,0.6,1.2,4.5,8.1,11.4,13.5,15.0,14.7,12.5,9.2,5.4,1.8,8.0,14.4,9.0,1.7,11.3,12.6,16.2,20.1,23.3,25.3,26.5,26.3,23.8,20.1,16.2,12.3,19.9,26.0,20.0,12.7,9.7,8.8,9.5,8.3,8.9,9.2,9.6,9.2,8.9,9.5,9.1,9.4,26.7,28.1,27.5,27.9,68.7,63.4,73.4,60.0,65.7,74.3,79.4,75.4,69.0,70.7,63.7,65.3,199.1,229.0,203.3,194.4
WORLD,2002,6.5,8.0,10.7,13.9,17.1,19.6,20.9,20.3,18.3,14.5,10.5,6.7,13.9,20.3,14.4,6.7,1.1,2.3,4.8,8.0,11.2,13.7,15.1,14.6,12.6,9.1,5.1,1.5,8.0,14.5,8.9,1.3,12.0,13.7,16.7,19.9,23.1,25.5,26.8,26.2,24.1,20.0,15.9,12.0,19.9,26.1,20.0,12.2,9.8,8.8,9.2,8.5,9.1,8.9,9.2,9.1,9.0,9.0,8.9,9.5,26.8,27.2,26.9,27.6,67.3,61.9,67.5,65.4,68.4,72.4,75.6,78.3,70.4,68.0,61.9,69.1,201.4,226.3,200.3,198.2
WORLD,2003,6.4,7.1,10.0,14.0,17.4,19.5,20.7,20.4,18.3,15.1,10.3,7.6,13.8,20.2,14.5,7.1,0.9,1.5,4.2,8.1,11.5,13.7,14.9,14.7,12.6,9.5,5.0,2.3,7.9,14.5,9.0,1.7,11.9,12.7,15.9,19.9,23.3,25.4,26.5,26.2,24.0,20.7,15.6,13.0,19.7,26.0,20.1,12.5,9.4,8.7,8.9,8.5,8.8,9.1,9.3,9.7,9.0,9.2,9.0,9.4,26.2,28.1,27.1,28.4,64.2,64.8,67.9,63.4,65.3,76.2,79.9,81.0,73.1,69.3,60.7,65.0,196.7,237.1,203.0,203.6
WORLD,2004,6.0,7.6,10.5,14.1,16.9,19.4,20.4,20.0,18.1,14.9,10.9,6.8,13.9,19.9,14.6,6.7,0.7,2.0,4.7,8.2,11.2,13.5,14.8,14.3,12.5,9.4,5.5,1.5,8.0,14.2,9.1,1.3,11.3,13.2,16.4,20.0,22.8,25.2,26.2,25.8,23.9,20.4,16.2,12.1,19.7,25.8,20.2,12.0,9.9,9.0,9.1,8.4,9.1,9.0,9.8,9.3,9.1,9.1,9.1,9.4,26.7,28.1,27.2,27.2,72.1,66.6,66.9,64.5,71.2,70.1,82.2,77.6,70.8,66.5,63.1,65.7,202.5,229.9,200.4,189.7
WORLD,2005,6.2,6.9,10.5,14.5,17.4,19.8,20.9,20.3,18.6,15.2,10.9,7.3,14.1,20.4,14.9,6.9,0.9,1.4,4.6,8.5,11.5,14.2,15.2,14.7,12.8,9.6,5.6,2.0,8.2,14.7,9.4,1.5,11.5,12.5,16.4,20.5,23.3,25.6,26.7,26.1,24.4,20.8,16.3,12.5,20.0,26.1,20.5,12.3,9.6,8.1,9.0,8.1,9.0,9.2,9.5,9.6,8.7,8.9,8.9,9.3,26.2,28.3,26.5,27.6,66.6,57.5,68.9,61.1,68.5,74.2,80.1,80.3,70.2,68.7,62.1,67.5,198.4,234.5,201.0,202.0
WORLD,2006,5.9,7.5,10.4,13.9,17.2,19.8,20.9,20.4,18.3,15.1,10.3,7.8,13.8,20.4,14.6,7.4,0.5,1.9,4.6,8.0,11.3,13.9,15.1,14.6,12.6,9.6,5.0,2.5,7.9,14.5,9.1,1.9,11.2,13.2,16.2,19.8,23.1,25.7,26.7,26.2,24.1,20.6,15.7,13.1,19.7,26.2,20.1,12.8,9.4,8.9,9.4,8.8,8.9,8.7,9.4,9.3,8.9,9.3,9.4,9.5,27.1,27.3,27.7,28.0,71.3,63.2,73.4,69.2,69.4,71.1,80.9,81.1,70.6,70.3,66.0,67.7,212.0,233.2,206.9,198.1
WORLD,2007,7.0,7.4,10.5,14.6,17.4,19.5,20.7,20.4,18.4,15.1,10.5,7.3,14.2,20.2,14.7,6.5,1.6,1.7,4.7,8.7,11.5,13.7,15.0,14.7,12.7,9.6,5.0,2.1,8.3,14.4,9.1,1.1,12.4,13.1,16.4,20.5,23.3,25.4,26.5,26.2,24.2,20.7,16.0,12.5,20.1,26.0,20.3,12.0,9.9,8.6,9.3,8.3,9.2,8.9,9.7,9.5,9.0,8.8,8.8,9.7,26.8,28.1,26.6,28.4,69.0,61.4,70.8,64.6,69.3,72.8,84.2,83.8,72.5,67.8,60.9,67.9,204.6,240.7,201.2,207.3
WORLD,2008,5.4,6.9,11.0,13.9,17.2,19.5,20.8,20.3,18.1,15.1,10.7,7.1,14.0,20.2,14.6,6.8,0.1,1.2,5.1,7.9,11.2,13.7,15.0,14.6,12.5,9.6,5.4,1.7,8.1,14.4,9.2,1.3,10.7,12.6,17.0,20.0,23.1,25.4,26.6,26.0,23.7,20.7,16.1,12.4,20.1,26.0,20.2,12.3,9.8,8.9,9.4,8.5,8.6,9.1,9.7,9.6,9.1,9.3,9.2,9.7,26.4,28.4,27.7,27.9,71.3,68.1,71.3,64.0,66.0,75.8,86.3,86.2,72.4,69.9,66.2,69.0,201.3,248.3,208.4,207.8
WORLD,2009,6.1,7.3,10.2,14.2,17.2,19.5,20.6,20.5,18.6,14.8,10.5,6.8,13.9,20.2,14.6,6.7,0.6,1.6,4.3,8.2,11.3,13.7,14.8,14.7,12.9,9.3,5.1,1.6,7.9,14.4,9.1,1.4,11.5,12.9,16.1,20.2,23.1,25.4,26.4,26.4,24.3,20.3,15.9,12.1,19.8,26.1,20.2,12.1,9.4,8.8,9.2,8.4,8.9,9.1,9.6,9.2,8.6,9.1,8.8,9.7,26.6,28.0,26.5,27.8,71.2,67.7,70.4,65.6,66.5,70.6,81.2,77.6,66.6,68.7,61.2,70.9,202.6,229.4,196.4,205.1
WORLD,2010,6.0,7.3,10.8,14.5,17.6,19.9,21.0,20.5,18.3,15.1,11.0,6.8,14.3,20.5,14.8,6.5,0.6,1.8,4.9,8.6,11.7,14.1,15.3,14.8,12.7,9.6,5.6,1.4,8.4,14.7,9.3,1.0,11.5,12.9,16.7,20.4,23.4,25.7,26.8,26.3,23.9,20.6,16.5,12.2,20.2,26.3,20.4,11.9,9.4,8.7,9.1,8.4,9.2,9.1,9.8,9.6,9.4,9.1,9.1,9.8,26.8,28.5,27.6,28.6,69.0,65.2,67.7,66.3,70.9,75.6,89.5,85.1,80.9,68.9,65.7,70.9,204.9,250.2,215.5,211.0
WORLD,2011,5.7,6.9,10.2,14.3,17.2,19.7,20.9,20.5,18.4,15.1,10.2,7.3,13.9,20.4,14.5,6.6,0.4,1.3,4.4,8.4,11.3,13.9,15.2,14.6,12.6,9.6,4.8,2.0,8.0,14.6,9.0,1.2,11.0,12.6,16.0,20.3,23.2,25.6,26.7,26.3,24.3,20.6,15.5,12.6,19.8,26.2,20.1,12.1,9.6,9.2,9.2,8.5,8.9,9.2,9.7,9.4,8.6,9.4,9.0,9.2,26.5,28.3,27.0,27.1,69.8,70.4,73.9,66.7,69.2,75.2,82.0,81.6,71.2,70.6,65.1,66.1,209.8,238.9,206.9,201.4
WORLD,2012,5.8,6.8,10.2,14.5,17.7,19.9,20.9,20.5,18.5,14.9,10.6,6.6,14.1,20.4,14.7,6.7,0.4,1.2,4.3,8.6,11.8,14.1,15.1,14.6,12.7,9.4,5.2,1.3,8.2,14.6,9.1,1.3,11.2,12.5,16.1,20.5,23.7,25.8,26.8,26.4,24.4,20.5,15.9,11.8,20.1,26.3,20.3,12.2,9.3,8.6,8.8,8.7,8.7,8.9,9.3,9.1,8.7,9.0,9.0,9.7,26.2,27.4,26.7,27.5,68.9,66.3,70.0,66.0,66.1,69.9,79.5,79.5,71.9,66.1,63.6,67.4,202.1,228.9,201.6,197.2
WORLD,2013,6.2,7.5,10.2,13.9,17.5,19.9,20.8,20.3,18.3,14.9,10.9,7.3,13.9,20.3,14.7,6.8,0.7,1.9,4.3,8.0,11.6,14.0,15.1,14.5,12.6,9.3,5.4,2.0,7.9,14.5,9.1,1.3,11.6,13.1,16.2,19.9,23.4,25.8,26.6,26.2,24.1,20.5,16.3,12.7,19.9,26.2,20.3,12.3,9.4,8.5,9.0,8.4,9.2,9.1,9.6,9.4,9.2,9.1,9.3,9.6,26.6,28.2,27.5,27.5,66.1,63.7,68.9,63.2,73.1,74.7,83.0,83.3,74.5,68.8,66.3,69.4,205.1,240.9,209.7,198.1
WORLD,2014,6.3,6.8,10.7,14.5,17.5,19.8,20.8,20.5,18.3,15.0,10.3,7.6,14.2,20.4,14.6,7.3,0.8,1.2,4.7,8.5,11.6,14.0,15.0,14.7,12.6,9.5,4.9,2.4,8.3,14.6,9.0,1.9,11.9,12.4,16.6,20.5,23.5,25.7,26.6,26.4,24.1,20.6,15.7,12.8,20.2,26.2,20.1,12.8,9.3,8.6,8.9,8.6,9.0,8.9,9.4,9.3,8.9,8.9,9.0,9.4,26.5,27.6,26.8,27.6,65.8,63.0,66.0,64.7,68.0,73.7,78.7,80.8,72.3,65.3,64.3,67.2,198.7,233.2,201.9,194.3
WORLD,2015,6.5,7.8,10.9,14.2,17.6,20.0,21.0,20.6,18.6,15.2,10.8,8.2,14.2,20.5,14.9,7.9,1.1,2.1,5.0,8.3,11.7,14.2,15.2,14.9,12.9,9.7,5.5,3.1,8.3,14.7,9.4,2.5,12.0,13.5,16.8,20.2,23.6,25.9,26.8,26.5,24.4,20.8,16.2,13.4,20.2,26.4,20.5,13.3,9.7,8.5,9.0,8.5,8.8,8.8,9.4,9.1,8.5,8.8,9.1,9.3,26.3,27.3,26.4,27.3,66.7,60.4,67.3,64.5,66.4,72.3,77.9,80.1,66.6,63.0,63.8,63.4,198.2,230.2,193.4,190.5
WORLD,2016,6.7,8.7,11.6,14.9,17.6,20.0,21.1,20.8,18.7,14.7,10.5,7.4,14.7,20.6,14.6,7.4,1.3,3.0,5.8,9.0,11.7,14.1,15.4,15.0,13.0,9.3,5.0,2.1,8.8,14.8,9.1,1.9,12.0,14.4,17.5,20.9,23.5,25.9,26.8,26.7,24.4,20.2,15.9,12.8,20.6,26.5,20.2,12.8,9.5,8.5,8.9,8.6,9.2,9.2,9.8,9.3,9.0,8.7,8.8,9.6,26.7,28.3,26.4,27.9,66.6,60.5,67.0,65.7,68.7,74.3,86.6,81.7,72.1,66.1,62.4,66.5,201.4,242.6,200.6,202.9
WORLD,2017,6.6,8.0,11.1,14.4,17.5,19.9,21.1,20.7,18.6,15.1,10.6,7.7,14.3,20.6,14.7,7.1,1.2,2.4,5.2,8.6,11.6,14.0,15.2,14.8,12.8,9.5,5.1,2.4,8.5,14.7,9.1,1.6,12.0,13.6,17.0,20.3,23.4,25.8,27.0,26.6,24.4,20.6,16.1,13.1,20.2,26.5,20.4,12.6,9.5,8.8,9.2,8.8,9.0,8.9,9.3,9.4,8.7,9.2,9.0,9.2,27.0,27.6,26.9,27.4,70.1,66.4,72.8,70.3,71.1,74.2,80.9,83.3,70.1,70.1,63.1,65.2,214.1,238.4,203.2,199.9
WORLD,2018,6.2,7.4,10.7,14.3,17.6,19.8,21.0,20.4,18.4,15.2,10.3,7.4,14.2,20.4,14.6,7.2,0.8,1.7,4.7,8.2,11.6,13.9,15.2,14.6,12.7,9.7,5.0,2.1,8.2,14.6,9.1,1.7,11.7,13.1,16.6,20.4,23.6,25.7,26.9,26.3,24.2,20.7,15.6,12.7,20.2,26.3,20.2,12.6,9.5,8.7,9.3,8.3,8.7,8.8,9.2,9.4,8.9,9.2,9.2,9.4,26.3,27.5,27.3,27.7,69.3,65.4,69.4,65.0,68.5,72.9,81.6,80.8,73.2,68.3,65.3,68.8,202.9,235.4,206.7,196.4
WORLD,2019,6.6,7.5,11.1,14.6,17.4,20.0,21.0,20.5,18.7,15.3,10.6,7.9,14.3,20.5,14.8,7.9,1.1,1.8,5.2,8.6,11.5,14.1,15.2,14.7,12.9,9.7,5.1,2.5,8.4,14.7,9.2,2.4,12.1,13.2,17.0,20.6,23.3,26.0,26.9,26.4,24.6,20.9,16.1,13.4,20.3,26.4,20.5,13.3,9.5,8.7,9.1,8.5,9.2,8.7,9.4,9.0,8.9,9.3,8.8,9.5,26.9,27.1,27.0,28.2,66.4,61.3,68.8,65.6,70.4,71.8,80.0,79.6,70.7,72.7,62.7,66.6,204.9,231.4,206.0,200.9
WORLD,2020,7.2,8.5,11.4,14.5,17.6,19.9,21.0,20.6,18.7,15.1,11.2,7.4,14.5,20.5,15.0,7.0,1.8,2.8,5.5,8.5,11.6,14.0,15.2,14.8,12.9,9.4,5.7,2.1,8.5,14.7,9.3,1.5,12.5,14.2,17.3,20.6,23.6,25.9,26.8,26.5,24.6,20.7,16.6,12.7,20.5,26.4,20.6,12.5,9.8,8.9,9.3,8.3,8.8,9.1,9.6,9.3,8.8,9.0,8.9,9.0,26.4,28.0,26.7,27.2,69.6,64.6,68.7,63.7,66.7,75.7,84.2,83.8,73.7,67.3,62.7,63.8,199.2,243.7,203.8,195.0
WORLD,2021,6.3,7.2,10.7,14.3,17.5,20.1,21.2,20.8,18.6,15.2,10.7,7.6,14.2,20.7,14.9,7.2,0.9,1.4,4.8,8.2,11.5,14.2,15.4,14.9,12.8,9.7,5.3,2.2,8.2,14.8,9.3,1.7,11.7,12.9,16.7,20.4,23.5,26.1,27.1,26.6,24.4,20.8,16.2,13.0,20.2,26.6,20.5,12.8,9.5,8.7,9.3,8.2,8.6,8.8,9.3,9.4,8.9,9.1,9.2,9.5,26.1,27.5,27.1,27.7,68.8,62.4,73.4,62.1,66.3,72.9,82.1,86.0,73.3,72.1,67.0,67.1,201.8,241.0,212.4,197.1
WORLD,2022,6.5,7.5,10.8,14.4,17.5,19.9,21.1,20.7,18.5,15.3,10.5,7.2,14.2,20.6,14.8,7.2,1.1,1.8,4.9,8.5,11.6,14.0,15.2,14.9,12.7,9.7,5.1,1.9,8.3,14.7,9.2,1.7,12.0,13.3,16.7,20.4,23.4,25.9,27.0,26.5,24.3,20.9,15.9,12.5,20.2,26.5,20.4,12.7,9.5,8.7,8.9,8.4,8.8,9.0,9.4,9.4,9.2,9.1,9.2,9.5,26.0,27.9,27.5,27.6,66.8,63.3,71.2,66.0,67.4,75.2,84.4,84.0,76.1,68.7,66.1,65.8,204.6,243.6,210.9,197.7
WORLD,2023,6.6,7.9,11.2,14.1,17.6,20.1,21.4,21.2,19.1,15.8,11.5,8.1,14.3,20.9,15.5,7.8,1.1,2.2,5.3,8.1,11.6,14.2,15.5,15.3,13.4,10.2,6.1,2.7,8.3,15.0,9.9,2.3,12.0,13.6,17.1,20.1,23.7,26.1,27.3,27.0,25.0,21.5,17.0,13.5,20.3,26.8,21.1,13.3,9.7,8.4,9.4,8.5,8.5,8.8,9.4,9.3,8.8,9.2,9.3,9.7,26.4,27.6,27.2,28.4,70.8,61.1,69.9,64.1,63.9,71.1,83.5,78.9,70.1,66.5,63.4,66.1,197.9,233.6,200.1,201.0
WORLD,2024,6.9,8.3,11.3,15.0,17.7,20.3,21.3,21.0,19.0,15.7,11.5,8.2,14.7,20.9,15.4,-999.0,1.4,2.7,5.5,9.1,11.8,14.4,15.5,15.2,13.2,10.1,6.2,2.9,8.8,15.0,9.8,-999.0,12.3,14.0,17.2,20.9,23.6,26.3,27.1,26.8,24.8,21.3,16.8,13.5,20.6,26.7,20.9,-999.0,9.8,8.9,9.1,8.8,8.9,9.1,9.5,9.3,8.7,9.2,9.2,9.3,26.8,27.9,27.1,-999.0,70.2,64.6,68.5,68.1,69.1,76.7,86.3,81.0,71.4,67.9,66.3,64.6,205.7,244.0,205.7,-999.0
AFGHANISTAN,1901,-1.2,1.8,8.4,13.2,17.6,21.4,24.5,22.8,18.5,10.7,7.7,3.5,13.1,22.9,12.3,2.2,-7.2,-4.1,2.2,6.5,10.0,13.1,16.5,14.5,9.5,2.4,0.2,-2.8,6.2,14.7,4.0,-3.8,4.8,7.7,14.6,20.0,25.2,29.7,32.6,31.2,27.5,19.0,15.3,9.9,20.0,31.2,20.6,8.2,4.5,2.8,6.2,6.1,6.5,2.1,1.2,0.7,1.0,2.4,2.2,2.5,18.9,3.9,5.6,10.2,48.9,32.1,53.5,35.8,57.7,18.3,4.2,2.5,3.4,10.3,13.1,19.6,147.0,25.0,26.9,89.4
AFGHANISTAN,1902,1.3,1.7,7.1,12.1,18.6,23.1,24.1,23.5,18.1,12.3,6.5,3.0,12.6,23.6,12.3,0.9,-4.5,-4.0,0.9,5.4,10.8,14.8,16.0,15.1,8.8,3.9,-1.0,-3.1,5.7,15.3,3.9,-5.0,7.1,7.5,13.2,18.8,26.5,31.5,32.3,31.9,27.4,20.7,14.1,9.1,19.5,31.9,20.7,6.9,3.7,4.0,6.3,6.4,3.6,1.6,1.4,0.7,0.7,3.3,4.2,2.9,16.3,3.8,8.2,12.4,34.3,35.5,54.2,38.3,16.8,6.3,4.3,2.5,1.9,15.8,42.5,26.4,109.4,13.1,60.2,130.2
AFGHANISTAN,1903,-2.2,2.0,2.1,11.2,16.5,22.5,24.1,23.1,18.9,13.4,5.3,0.5,9.9,23.2,12.5,-0.8,-8.2,-3.7,-3.6,4.5,8.9,14.1,16.1,14.7,10.0,4.9,-2.4,-5.8,3.3,15.0,4.1,-6.9,3.8,7.8,8.0,17.9,24.1,30.9,32.1,31.5,27.8,21.9,13.0,6.8,16.7,31.5,20.9,5.2,4.6,4.9,7.2,6.5,7.3,1.9,1.8,1.7,1.2,0.7,2.3,2.9,20.9,5.3,4.2,11.5,50.8,53.1,69.3,41.8,59.4,10.3,5.7,5.4,5.8,3.0,13.8,24.8,170.5,21.4,22.7,119.0
AFGHANISTAN,1904,-6.3,3.3,6.9,11.5,17.5,21.9,24.1,23.1,17.8,10.6,8.0,3.4,12.0,23.0,12.1,-0.4,-12.4,-2.4,1.0,5.0,10.0,13.6,16.1,14.8,8.4,1.9,0.9,-3.0,5.3,14.8,3.7,-6.4,-0.2,9.0,12.8,18.0,25.1,30.1,32.3,31.5,27.1,19.3,15.2,9.8,18.6,31.3,20.5,5.6,4.8,3.8,7.1,6.3,5.2,0.8,1.8,1.0,1.1,2.7,2.8,3.0,18.5,3.6,6.7,11.7,61.1,33.0,75.6,38.5,36.5,3.1,5.1,4.1,8.6,14.6,19.6,26.5,150.6,12.4,42.8,120.3
AFGHANISTAN,1905,-2.6,-2.0,3.3,12.6,17.9,22.5,24.1,22.9,18.2,14.1,6.9,1.5,11.3,23.2,13.1,-0.1,-8.4,-7.8,-3.2,5.6,10.2,14.4,16.7,14.8,8.8,5.4,-0.4,-4.7,4.2,15.3,4.6,-6.1,3.2,3.9,9.8,19.7,25.7,30.7,31.7,31.0,27.5,22.8,14.3,7.7,18.4,31.1,21.6,5.9,4.8,3.9,6.8,6.2,4.6,1.3,1.5,0.9,1.1,0.8,1.7,3.9,17.7,3.7,3.6,13.3,57.4,36.4,64.1,35.3,28.0,7.4,3.5,3.1,5.0,3.9,8.9,42.8,127.4,13.9,17.9,152.0
AFGHANISTAN,1906,-1.9,0.1,6.3,10.6,17.9,22.7,24.0,23.9,17.9,13.5,7.0,3.4,11.6,23.6,12.8,1.1,-7.8,-6.0,-0.4,3.8,10.2,14.7,16.0,15.6,9.0,5.0,-0.4,-2.4,4.5,15.4,4.5,-4.6,4.0,6.1,12.9,17.5,25.6,30.8,32.1,32.3,26.9,22.0,14.4,9.2,18.7,31.7,21.1,6.7,3.7,5.7,6.8,7.2,4.7,1.6,1.7,1.5,0.8,1.2,2.0,3.8,18.7,4.8,4.1,13.3,30.5,78.7,56.1,50.1,28.2,5.6,5.1,5.7,2.6,4.6,9.7,38.1,134.4,16.4,16.9,142.6
AFGHANISTAN,1907,-0.2,0.0,6.1,13.1,15.9,20.6,24.4,22.6,17.7,10.5,5.2,2.3,11.7,22.5,11.1,1.0,-6.1,-5.3,-0.1,6.4,8.3,12.4,17.0,14.0,9.0,2.1,-2.1,-4.7,4.9,14.5,3.0,-5.3,5.6,5.4,12.3,19.9,23.6,28.9,31.8,31.1,26.6,18.9,12.5,9.2,18.6,30.6,19.3,7.2,4.6,4.8,6.4,7.5,5.3,1.6,1.9,1.0,0.4,2.5,2.1,1.7,19.2,4.5,5.0,11.8,52.2,52.2,52.3,60.6,40.0,14.4,6.4,4.4,3.4,13.3,12.6,13.3,152.9,25.1,29.3,138.5
AFGHANISTAN,1908,-0.2,0.9,5.4,12.4,16.7,22.2,24.8,22.7,17.9,10.7,7.2,1.8,11.5,23.2,11.9,0.2,-6.1,-4.9,-0.2,6.4,9.6,13.9,17.0,14.3,8.4,2.3,-0.9,-4.4,5.3,15.0,3.3,-5.9,5.7,6.7,11.1,18.5,23.8,30.5,32.6,31.1,27.4,19.2,15.4,8.0,17.8,31.4,20.7,6.2,5.3,4.7,6.7,8.1,4.4,1.5,1.3,1.2,1.7,1.2,1.2,4.1,19.2,4.0,4.1,13.5,71.4,53.7,57.0,69.9,22.9,6.2,5.0,6.4,4.6,4.5,6.4,37.5,149.8,17.5,15.4,133.9
AFGHANISTAN,1909,-2.8,1.5,7.3,14.1,17.4,22.0,23.7,23.2,17.8,11.9,9.2,3.1,12.9,23.0,12.9,1.9,-8.9,-4.3,1.2,7.3,9.7,13.6,15.7,14.9,8.8,3.4,1.6,-3.2,6.1,14.8,4.6,-4.1,3.3,7.4,13.5,20.9,25.1,30.4,31.7,31.6,26.8,20.4,16.8,9.5,19.8,31.2,21.3,8.0,4.4,5.1,6.5,7.7,4.7,2.0,2.6,1.0,0.7,1.8,1.5,3.4,18.8,5.6,4.0,13.3,42.2,54.3,54.0,53.4,32.7,7.0,11.1,3.5,2.8,6.7,10.3,32.4,140.1,21.5,19.8,151.2
AFGHANISTAN,1910,0.4,2.3,5.5,11.8,18.6,21.8,24.8,23.1,17.8,12.1,5.7,-1.4,12.0,23.2,11.8,-0.5,-5.5,-3.5,-0.7,5.0,10.9,13.5,16.7,14.8,8.9,3.7,-1.8,-7.7,5.1,15.0,3.6,-6.6,6.4,8.1,11.6,18.6,26.3,30.1,32.9,31.5,26.7,20.5,13.3,5.0,18.8,31.5,20.2,5.5,5.3,4.6,6.9,6.4,4.7,2.1,2.6,2.0,0.5,1.0,1.4,3.2,18.0,6.6,2.9,13.0,73.8,45.0,65.8,46.4,26.9,6.9,13.3,13.1,1.0,3.7,7.6,26.5,139.0,33.3,12.3,134.2
AFGHANISTAN,1911,-2.2,2.0,5.6,12.3,17.9,22.9,23.9,23.1,18.3,11.2,4.7,0.2,11.9,23.3,11.4,1.0,-8.1,-3.9,-0.5,5.6,10.3,14.6,15.9,14.8,9.3,2.8,-2.9,-6.2,5.1,15.1,3.1,-5.0,3.7,7.8,11.7,19.1,25.5,31.3,32.0,31.5,27.2,19.7,12.3,6.6,18.8,31.6,19.8,7.0,5.0,4.8,7.7,6.3,5.7,1.1,1.1,0.6,0.5,1.5,2.8,3.2,19.8,2.8,4.7,12.2,63.2,44.5,83.8,39.8,34.8,3.4,2.8,2.4,1.3,6.7,16.8,24.3,158.5,8.6,24.8,130.1
AFGHANISTAN,1912,-0.6,3.3,6.5,13.0,17.1,22.5,24.6,22.3,16.6,13.4,5.7,1.6,12.2,23.1,11.9,0.6,-6.3,-2.5,0.2,6.0,9.3,14.0,16.4,14.0,7.4,4.7,-2.1,-4.4,5.2,14.8,3.3,-5.1,5.2,9.2,12.8,20.1,24.9,31.0,32.8,30.7,25.9,22.1,13.5,7.6,19.3,31.5,20.5,6.3,4.7,4.3,6.3,7.3,5.0,1.5,1.8,1.1,0.6,1.5,2.1,3.6,18.7,4.4,4.2,12.9,58.2,47.6,58.6,55.2,26.0,7.0,4.8,5.0,8.5,5.5,9.8,34.9,139.8,16.9,23.8,127.3
AFGHANISTAN,1913,0.6,-0.3,4.8,11.0,18.6,21.7,25.0,22.5,18.2,12.7,6.5,3.7,11.5,23.1,12.5,2.7,-4.9,-5.9,-1.4,4.4,10.8,13.3,16.8,14.3,8.7,4.9,-0.6,-2.5,4.6,14.8,4.3,-3.4,6.1,5.3,10.9,17.7,26.5,30.1,33.3,30.8,27.7,20.6,13.7,9.9,18.3,31.4,20.7,8.8,4.2,5.2,5.3,6.2,4.4,1.0,1.1,1.2,0.8,3.3,3.2,4.1,15.9,3.4,7.3,13.6,39.7,52.6,41.4,48.5,25.9,4.4,3.8,5.4,3.0,15.3,20.9,44.9,115.7,13.7,39.2,148.2
AFGHANISTAN,1914,3.0,1.5,7.5,13.1,17.5,23.8,24.5,23.1,19.1,12.7,6.6,-0.0,12.7,23.8,12.8,0.8,-3.3,-4.3,0.6,5.9,9.8,15.3,16.0,14.6,9.4,4.2,0.6,-5.8,5.4,15.3,4.7,-5.6,9.3,7.2,14.5,20.3,25.2,32.3,33.1,31.6,28.8,21.2,12.8,5.8,20.0,32.3,20.9,7.1,4.2,5.3,6.9,8.0,4.1,1.8,2.0,0.9,0.9,3.8,4.5,2.9,19.0,4.7,9.2,9.2,40.0,63.2,61.6,60.8,20.0,11.3,11.4,4.5,4.9,25.7,45.9,24.0,142.4,27.2,76.5,97.8
AFGHANISTAN,1915,1.2,1.2,10.2,12.7,19.6,23.0,23.9,24.2,19.9,12.5,7.8,3.1,14.2,23.7,13.4,1.2,-5.7,-5.1,3.5,6.2,11.5,14.5,16.0,15.6,10.6,3.5,-0.8,-3.9,7.1,15.4,4.4,-4.9,8.1,7.5,17.1,19.2,27.7,31.5,31.9,32.8,29.1,21.5,16.4,10.1,21.3,32.1,22.3,7.2,1.9,4.4,6.7,9.9,3.0,1.4,2.1,0.6,0.7,1.1,1.3,2.8,19.6,4.2,3.1,11.7,17.0,56.8,56.6,97.3,12.9,5.5,6.3,2.7,2.7,5.3,7.3,18.9,166.7,14.6,15.3,109.6
AFGHANISTAN,1916,0.9,-0.5,7.1,13.3,17.5,20.3,24.0,24.2,18.2,11.3,2.9,1.9,12.7,22.8,10.8,2.8,-4.7,-6.0,1.2,6.7,9.6,12.1,15.7,15.6,8.9,2.2,-5.4,-5.2,5.8,14.5,1.9,-3.8,6.5,4.9,13.1,20.0,25.4,28.5,32.3,32.9,27.5,20.4,11.2,8.9,19.5,31.2,19.7,9.4,4.7,4.2,6.9,8.3,4.9,1.3,1.2,1.8,0.9,1.1,1.0,1.9,20.1,4.3,3.0,9.4,51.3,39.3,68.7,63.3,25.3,6.8,3.7,15.2,2.9,3.6,5.6,13.6,157.3,25.7,12.1,79.9
AFGHANISTAN,1917,2.5,4.1,7.0,13.1,19.5,21.7,23.8,23.0,17.9,11.0,5.3,0.6,13.2,22.8,11.4,0.5,-4.1,-2.0,-0.5,5.8,11.9,13.4,15.9,14.8,8.8,2.6,-3.0,-6.2,5.7,14.7,2.8,-5.6,9.1,10.2,14.5,20.4,27.2,30.0,31.9,31.2,27.1,19.5,13.6,7.5,20.7,31.0,20.0,6.5,3.7,3.8,5.8,3.0,3.1,1.1,1.3,1.4,1.1,1.5,1.1,2.8,11.9,3.8,3.6,11.2,32.7,33.5,46.7,16.1,13.6,4.6,3.3,10.1,7.4,5.7,5.9,22.0,76.4,18.0,19.1,105.4
AFGHANISTAN,1918,-0.7,1.5,5.3,10.9,18.4,21.8,24.8,22.9,18.1,12.4,5.6,0.6,11.5,23.1,12.1,-0.4,-6.6,-4.0,-0.7,4.1,10.6,13.5,16.7,14.4,9.0,3.9,-1.9,-5.6,4.7,14.8,3.7,-6.5,5.2,7.0,11.4,17.7,26.2,30.1,32.9,31.5,27.3,21.0,13.2,6.9,18.4,31.5,20.5,5.7,3.8,4.7,8.1,6.8,3.7,1.5,1.4,1.0,0.8,1.8,2.5,4.1,18.6,4.0,5.1,13.6,33.0,50.4,82.9,51.3,18.4,7.3,4.0,3.6,3.3,6.8,18.4,38.4,152.6,14.9,28.4,140.1
AFGHANISTAN,1919,-2.3,0.4,5.8,13.0,16.6,22.5,24.7,23.0,17.5,12.4,6.2,1.9,11.8,23.4,12.0,0.1,-8.4,-5.5,-0.5,6.0,9.0,14.2,16.6,14.6,8.5,3.8,-1.7,-4.3,4.8,15.2,3.5,-5.8,3.8,6.3,12.2,20.0,24.1,30.9,32.7,31.4,26.5,21.0,14.2,8.2,18.8,31.7,20.6,6.0,4.4,5.0,6.8,6.8,4.9,1.5,1.6,1.8,0.9,1.3,2.0,4.5,18.5,5.0,4.2,14.5,51.7,50.0,64.4,44.1,25.7,4.5,4.8,10.8,2.5,5.8,12.0,60.1,134.1,20.1,20.3,173.3
AFGHANISTAN,1920,0.3,-1.9,6.5,10.6,15.7,21.2,23.6,22.2,18.3,13.1,4.3,-1.7,10.9,22.3,11.9,-0.5,-5.4,-7.7,0.4,4.0,8.1,13.0,15.7,13.9,9.5,4.5,-2.7,-7.7,4.1,14.2,3.8,-6.3,5.9,3.9,12.7,17.3,23.3,29.3,31.5,30.6,27.1,21.6,11.3,4.3,17.8,30.5,20.0,5.3,4.8,5.2,7.3,6.6,4.8,1.6,1.6,1.0,0.8,1.6,2.4,3.2,18.6,4.1,4.8,11.3,60.5,52.6,70.4,47.7,26.5,6.9,3.9,3.0,3.0,6.7,18.9,24.9,144.6,13.8,28.6,102.7
AFGHANISTAN,1921,-0.4,0.7,5.3,13.5,16.4,21.5,24.4,21.8,17.4,12.3,6.1,2.7,11.7,22.6,12.0,1.6,-6.4,-4.9,-0.7,7.0,8.7,13.3,15.9,13.4,7.9,3.3,-1.1,-2.8,5.0,14.2,3.3,-4.1,5.5,6.2,11.2,20.2,24.1,29.8,32.9,30.2,27.0,21.5,13.4,8.3,18.5,31.0,20.6,7.2,3.8,4.3,6.5,6.6,3.4,1.3,1.8,1.6,0.5,1.9,2.8,4.3,16.6,4.7,5.1,14.3,36.4,41.4,60.5,47.7,23.2,7.5,5.6,7.4,1.1,8.8,17.5,59.2,131.3,20.4,27.5,173.5
AFGHANISTAN,1922,0.5,1.5,7.4,13.3,17.1,21.9,24.1,22.7,18.2,12.8,7.2,2.9,12.6,22.9,12.7,1.2,-5.0,-4.3,1.4,6.2,9.5,13.3,15.5,14.2,8.8,4.3,-0.5,-3.4,5.7,14.3,4.2,-4.8,6.0,7.3,13.4,20.4,24.7,30.5,32.7,31.3,27.5,21.4,14.8,9.3,19.5,31.5,21.2,7.2,4.5,5.6,7.1,5.6,5.5,1.9,1.8,1.4,1.1,2.1,2.2,3.6,18.2,5.1,5.3,13.8,42.7,71.6,63.5,34.6,36.5,7.4,6.3,6.5,5.5,8.5,13.2,30.9,134.6,20.3,27.2,153.1
AFGHANISTAN,1923,-0.7,1.3,7.2,11.8,16.9,22.0,23.2,23.3,16.0,12.1,4.9,0.1,12.0,22.8,11.0,0.5,-6.6,-4.6,1.0,5.4,8.6,13.9,15.2,14.5,6.8,3.4,-3.4,-7.2,5.0,14.5,2.3,-6.0,5.2,7.2,13.4,18.3,25.2,30.2,31.2,32.0,25.2,20.8,13.2,7.4,18.9,31.1,19.7,7.0,4.8,5.5,7.5,7.8,5.1,1.5,1.3,1.8,0.8,3.3,1.8,2.6,20.4,4.6,5.9,13.3,52.8,69.4,69.6,56.5,33.4,5.0,4.0,10.8,2.8,17.0,10.3,20.1,159.5,19.8,30.2,141.6
AFGHANISTAN,1924,-0.3,1.7,7.2,12.2,15.0,21.1,24.1,23.1,17.3,12.4,5.9,0.8,11.5,22.8,11.9,-1.1,-6.6,-4.2,0.9,6.1,6.9,12.8,15.7,14.8,8.3,3.0,-2.4,-5.5,4.6,14.4,3.0,-7.3,6.1,7.7,13.5,18.4,23.1,29.4,32.7,31.5,26.3,21.9,14.3,7.1,18.3,31.2,20.8,5.1,4.6,6.1,6.6,8.6,6.1,1.0,1.9,1.0,1.3,1.5,2.5,4.8,21.3,3.9,5.4,13.2,45.7,75.8,56.9,67.5,50.4,4.5,6.7,3.3,8.1,5.7,15.9,54.0,174.7,14.5,29.7,135.9
AFGHANISTAN,1925,-2.7,-1.4,8.5,13.1,18.2,22.6,24.6,23.1,18.4,13.2,5.8,4.6,13.3,23.4,12.5,2.6,-8.8,-7.8,1.5,5.6,9.6,14.2,16.5,14.7,9.3,5.2,-2.4,-1.9,5.6,15.2,4.0,-3.5,3.3,5.0,15.5,20.7,26.9,31.0,32.7,31.5,27.5,21.3,14.1,11.0,21.1,31.7,21.0,8.6,4.1,4.3,5.8,5.8,4.6,0.6,2.1,1.3,1.0,3.0,3.0,1.4,16.2,4.0,7.0,11.0,38.2,43.7,43.2,37.8,31.8,2.3,8.9,5.4,5.1,19.7,19.5,12.7,112.8,16.6,44.3,106.3
AFGHANISTAN,1926,0.7,2.5,7.2,10.6,17.8,21.5,24.0,24.0,18.7,12.4,3.2,2.7,11.8,23.2,11.4,-0.0,-5.3,-3.2,0.5,4.1,10.1,13.3,16.0,15.7,9.7,3.5,-4.3,-3.4,4.9,15.0,3.0,-5.9,6.7,8.2,13.8,17.0,25.5,29.8,31.9,32.5,27.7,21.3,10.8,8.8,18.8,31.4,19.9,5.8,4.3,5.2,7.6,7.9,4.5,1.4,1.6,1.2,1.2,0.9,2.3,3.5,20.0,4.2,4.4,12.2,39.0,54.6,79.2,62.2,24.7,9.3,4.3,6.4,5.9,3.7,12.8,29.7,166.2,20.0,22.4,106.3
AFGHANISTAN,1927,-3.0,0.2,4.8,13.2,17.8,22.3,25.1,23.4,18.4,14.4,5.9,2.4,11.9,23.6,12.9,0.3,-8.7,-5.6,-1.9,6.0,9.9,13.7,17.1,14.9,9.5,5.4,-2.1,-3.7,4.7,15.2,4.3,-5.3,2.7,6.0,11.5,20.5,25.7,30.9,33.1,31.9,27.4,23.4,14.0,8.4,19.2,32.0,21.6,6.0,4.0,4.6,5.8,6.3,3.8,0.7,1.5,0.9,1.0,0.7,2.2,4.9,15.9,3.1,4.0,14.5,35.1,41.5,47.6,40.8,20.5,3.8,4.5,3.7,3.3,3.3,13.3,55.6,108.9,11.9,19.9,158.1
AFGHANISTAN,1928,-2.7,1.3,4.2,13.0,18.1,22.4,23.3,21.8,16.7,12.2,6.7,1.2,11.8,22.5,11.9,-1.2,-7.8,-4.5,-1.4,6.2,10.4,14.0,15.5,13.9,7.7,3.5,-1.4,-4.7,5.0,14.4,3.3,-7.0,2.5,7.1,9.8,19.9,26.0,30.8,31.1,29.7,25.8,20.9,14.7,7.1,18.6,30.6,20.5,4.6,4.5,5.2,6.3,6.0,4.0,1.1,1.5,1.2,0.7,0.7,3.3,4.2,16.3,3.9,4.7,14.8,42.3,60.2,55.2,34.6,19.0,5.4,4.0,3.9,2.8,3.4,21.6,45.9,108.7,13.2,27.7,167.2
AFGHANISTAN,1929,-4.3,-0.5,7.6,14.7,17.3,21.3,23.7,22.0,19.2,11.3,5.5,-2.4,13.2,22.4,12.0,-3.1,-10.2,-6.1,1.4,7.4,9.3,13.1,15.9,13.6,10.3,2.6,-2.4,-7.8,6.0,14.2,3.5,-8.7,1.6,5.0,13.8,22.1,25.2,29.7,31.6,30.5,28.1,19.9,13.3,3.1,20.4,30.6,20.5,2.5,4.5,6.1,5.6,5.5,3.4,1.3,2.3,1.5,0.4,1.4,2.2,3.6,14.5,5.1,4.0,13.2,45.0,76.4,45.1,31.0,15.0,4.8,17.7,9.3,0.9,5.5,14.1,35.2,91.1,31.8,20.5,141.0
AFGHANISTAN,1930,-6.0,-1.0,6.4,11.7,17.4,22.4,24.9,22.5,16.7,12.0,7.5,0.0,11.8,23.3,12.1,-1.7,-11.7,-6.7,0.4,5.3,9.8,13.9,16.6,14.1,8.0,3.9,-0.7,-6.4,5.1,14.8,3.7,-7.0,-0.3,4.7,12.3,18.1,25.1,31.0,33.3,31.0,25.4,20.1,15.7,6.5,18.5,31.7,20.4,3.7,4.7,4.9,6.2,8.2,4.8,1.6,1.8,1.1,1.2,2.0,1.9,3.2,19.3,4.5,5.1,14.2,47.8,58.0,48.7,66.4,28.4,6.2,10.1,3.8,5.2,7.4,8.9,27.5,143.5,20.2,21.5,158.3
AFGHANISTAN,1931,-1.3,-3.8,7.0,13.7,16.0,20.9,23.8,23.3,19.0,12.2,4.7,0.9,12.3,22.7,12.0,0.7,-6.3,-8.4,0.6,7.2,9.1,12.7,15.7,15.0,9.8,3.6,-2.3,-4.9,5.6,14.5,3.7,-4.9,3.7,0.9,13.5,20.3,22.9,29.1,32.1,31.6,28.3,20.7,11.8,6.8,18.9,30.9,20.3,6.3,5.5,5.5,5.8,7.0,6.5,2.3,2.2,1.4,0.7,1.3,3.9,4.0,19.4,5.8,5.9,13.3,70.3,60.5,43.1,53.5,54.2,11.3,10.5,4.1,1.9,9.9,35.2,43.5,150.8,25.9,47.0,152.2
AFGHANISTAN,1932,-0.8,2.0,7.7,14.4,16.4,21.9,24.7,21.7,18.0,11.3,4.5,-2.8,12.8,22.7,11.3,-1.6,-5.5,-4.4,1.8,7.1,8.5,13.4,16.9,13.4,9.0,2.6,-2.8,-8.8,5.8,14.6,2.9,-7.4,3.8,8.4,13.7,21.7,24.3,30.3,32.6,30.0,27.0,20.1,11.7,3.2,19.9,31.0,19.6,4.2,5.4,4.0,7.2,6.1,5.0,1.9,2.1,1.7,0.5,2.1,1.9,3.5,18.4,5.6,4.5,12.8,71.3,37.4,71.1,36.5,25.8,7.1,9.1,7.5,1.2,8.6,10.8,27.9,133.5,23.8,20.6,117.1
AFGHANISTAN,1933,-4.3,2.3,4.6,12.0,18.2,21.6,25.1,23.1,17.4,12.0,6.7,2.7,11.6,23.3,12.0,0.0,-9.8,-3.5,-1.2,5.2,10.1,13.4,16.9,14.7,8.0,3.1,-0.6,-2.7,4.7,15.0,3.5,-5.6,1.2,8.2,10.4,18.8,26.4,29.9,33.3,31.5,26.8,20.9,14.0,8.0,18.5,31.6,20.5,5.6,4.6,4.8,8.1,7.1,4.8,2.2,1.7,1.8,0.9,1.1,2.7,4.2,20.0,5.6,4.7,13.1,44.3,44.9,87.6,48.6,23.3,9.3,5.4,9.7,3.6,4.1,16.6,53.3,159.6,24.3,24.3,154.8
AFGHANISTAN,1934,-5.8,3.3,6.5,11.6,14.8,22.2,23.7,23.4,16.9,11.4,4.3,2.3,10.9,23.1,10.9,0.3,-11.4,-2.7,0.0,5.6,8.1,13.9,15.7,14.9,8.0,2.4,-3.2,-3.1,4.6,14.8,2.4,-5.2,-0.3,9.2,12.9,17.7,21.5,30.5,31.8,31.9,25.9,20.5,11.9,7.7,17.4,31.4,19.4,5.9,4.2,4.6,6.4,8.8,6.5,1.4,1.0,0.8,0.7,1.2,2.2,3.9,21.7,3.2,4.0,14.1,41.3,60.2,53.2,75.4,54.0,5.7,2.4,4.8,3.1,4.9,9.9,40.8,182.5,12.9,17.8,162.2
AFGHANISTAN,1935,-4.3,3.0,6.5,12.2,16.9,20.1,24.1,23.7,17.6,12.6,4.2,1.2,11.9,22.6,11.5,0.6,-9.8,-2.9,0.0,4.8,9.2,12.5,15.9,15.0,8.5,4.1,-2.2,-4.9,4.7,14.5,3.5,-5.7,1.1,8.9,13.0,19.6,24.7,27.9,32.4,32.4,26.8,21.1,10.6,7.3,19.1,30.9,19.5,7.0,4.6,5.7,6.2,7.0,4.4,2.6,1.8,1.2,0.6,2.4,3.6,2.5,17.6,5.6,6.6,11.0,54.2,67.2,52.1,51.0,23.8,14.2,5.7,5.9,2.4,10.5,35.0,18.4,126.9,25.8,47.9,108.9
AFGHANISTAN,1936,-2.1,2.8,4.7,12.0,18.7,22.5,24.0,22.4,18.8,14.3,6.2,0.4,11.8,23.0,13.1,-0.3,-8.8,-3.4,-1.6,5.0,10.7,13.7,15.6,13.6,9.4,5.0,-2.2,-5.4,4.7,14.3,4.1,-6.1,4.6,9.0,11.0,19.1,26.7,31.3,32.4,31.2,28.3,23.6,14.5,6.2,18.9,31.7,22.2,5.6,3.2,5.2,7.2,6.9,6.1,1.2,1.1,1.1,0.8,1.1,2.1,4.3,20.1,3.3,4.1,13.6,26.4,64.1,61.6,56.9,25.0,4.7,3.2,4.3,3.1,8.0,17.7,38.3,143.5,12.2,28.8,143.5
AFGHANISTAN,1937,-3.2,2.0,4.6,10.6,17.6,22.2,24.6,23.6,18.5,11.9,4.4,0.2,10.9,23.5,11.6,1.1,-8.9,-4.2,-1.5,3.5,10.0,13.8,16.2,14.8,9.1,3.2,-3.8,-7.2,4.0,14.9,2.8,-5.4,2.4,8.2,10.6,17.7,25.1,30.7,33.1,32.4,28.0,20.6,12.6,7.6,17.8,32.1,20.4,7.5,4.1,5.2,6.9,7.1,4.8,0.6,1.8,0.5,0.9,2.4,1.6,3.1,18.8,2.9,4.9,13.5,42.7,62.4,56.0,68.8,33.2,2.5,5.9,2.1,2.5,11.7,11.5,28.7,158.0,10.5,25.7,163.2
AFGHANISTAN,1938,0.3,2.6,5.4,14.2,19.7,21.2,23.4,22.9,17.9,12.1,4.8,1.5,13.1,22.5,11.6,1.1,-5.5,-3.5,-0.5,6.8,11.5,12.6,15.2,14.0,8.2,3.0,-3.0,-4.4,5.9,14.0,2.7,-4.8,6.1,8.8,11.3,21.7,27.9,29.9,31.6,31.9,27.6,21.4,12.6,7.3,20.3,31.1,20.5,6.9,5.3,5.2,7.4,5.4,2.5,1.5,1.6,1.1,0.9,0.7,2.4,3.8,15.3,4.1,4.1,14.4,75.4,59.1,72.0,38.0,11.6,6.3,7.3,5.0,1.9,2.8,18.9,31.9,121.6,18.6,23.5,173.1
AFGHANISTAN,1939,0.2,1.5,5.0,10.0,17.4,23.4,24.5,22.8,18.5,12.6,7.0,4.4,10.8,23.6,12.7,2.8,-5.6,-4.4,-1.2,3.1,9.2,14.6,16.3,13.9,9.2,4.0,-0.8,-2.6,3.7,14.9,4.1,-3.5,6.0,7.5,11.3,17.0,25.5,32.4,32.7,31.8,27.9,21.2,14.8,11.4,18.0,32.3,21.3,9.2,4.7,6.0,8.4,6.6,3.9,0.9,1.3,0.8,0.3,2.3,2.2,2.8,19.0,2.9,4.8,13.2,55.5,85.6,86.1,51.1,22.8,3.6,5.6,3.5,0.6,11.2,14.6,25.0,159.9,12.7,26.4,129.8
AFGHANISTAN,1940,0.8,3.3,5.2,13.4,17.5,23.0,24.9,22.7,18.5,14.1,7.2,3.6,12.0,23.5,13.3,2.6,-5.1,-2.7,-1.1,5.7,9.5,14.4,16.7,14.2,9.3,5.7,-0.6,-3.5,4.7,15.1,4.8,-4.0,6.8,9.2,11.6,21.2,25.5,31.6,33.2,31.1,27.6,22.5,15.1,10.6,19.4,32.0,21.7,9.1,5.0,5.4,6.9,5.0,5.1,1.7,1.1,0.8,0.7,2.6,2.3,3.3,17.0,3.6,5.6,12.1,56.5,48.4,61.3,35.4,26.3,8.7,3.8,4.0,3.4,15.8,12.2,31.4,123.0,16.6,31.3,130.4
AFGHANISTAN,1941,-0.5,4.7,9.2,13.9,19.3,23.5,24.0,23.8,18.5,15.0,6.7,2.5,14.1,23.8,13.4,1.0,-6.9,-1.4,2.7,7.2,11.3,14.7,15.7,15.3,9.0,6.1,-1.2,-3.5,7.0,15.2,4.6,-4.6,5.9,10.9,15.8,20.6,27.3,32.3,32.5,32.3,28.1,24.0,14.6,8.4,21.2,32.4,22.2,6.7,4.3,4.5,6.0,7.9,3.7,0.6,0.9,1.0,0.7,0.8,2.0,4.8,17.6,2.5,3.5,15.6,45.3,53.6,61.6,73.5,19.5,2.9,3.7,3.9,2.3,3.4,12.2,48.4,154.6,10.5,17.9,188.6
AFGHANISTAN,1942,0.2,0.5,7.5,12.7,18.3,22.2,24.7,22.3,17.6,13.4,8.3,1.2,12.8,23.1,13.1,-0.0,-5.7,-4.6,0.9,5.5,10.5,14.0,16.4,13.9,8.1,4.5,0.9,-5.1,5.6,14.8,4.5,-6.0,6.0,5.6,14.3,19.9,26.1,30.5,33.0,30.8,27.0,22.3,15.6,7.5,20.1,31.5,21.7,5.9,5.4,5.4,6.9,5.6,4.8,2.9,1.7,0.8,0.7,1.7,3.1,2.9,17.2,5.4,5.6,12.6,73.1,67.1,59.6,46.7,34.5,11.0,10.3,2.8,2.2,10.6,26.4,26.1,140.8,24.0,39.2,128.5
AFGHANISTAN,1943,-1.8,0.6,4.7,11.6,16.9,21.3,24.8,23.3,17.9,11.8,5.8,3.3,11.1,23.1,11.8,2.4,-7.8,-4.9,-0.5,4.9,9.4,12.9,16.3,14.9,8.8,2.9,-1.5,-2.8,4.6,14.7,3.4,-4.0,4.2,6.1,10.0,18.4,24.5,29.8,33.4,31.8,27.1,20.7,13.0,9.5,17.6,31.6,20.3,8.7,4.6,5.0,8.6,7.8,6.1,1.0,1.3,0.9,0.5,1.9,2.6,3.5,22.4,3.2,5.0,12.9,61.3,41.0,80.7,54.6,40.8,3.0,4.4,5.9,2.2,15.6,22.0,31.7,176.1,13.2,39.8,150.1
AFGHANISTAN,1944,0.8,3.0,9.8,12.8,18.9,22.4,25.9,23.3,17.6,12.3,6.4,-3.1,13.8,23.9,12.1,-2.0,-5.3,-3.8,2.5,5.9,10.8,13.8,17.2,14.6,8.5,3.9,-1.1,-9.1,6.4,15.2,3.7,-7.7,6.9,9.9,17.0,19.8,27.1,30.9,34.7,32.0,26.9,20.7,13.9,2.8,21.3,32.5,20.5,3.7,4.4,5.0,5.7,6.2,3.0,1.1,1.4,1.5,1.4,2.2,2.5,3.3,14.9,3.9,6.1,12.6,52.9,65.5,48.3,56.9,18.4,3.3,6.8,9.2,3.2,10.7,20.0,28.6,123.5,19.3,33.8,136.4
AFGHANISTAN,1945,-2.3,-0.7,5.5,12.2,16.5,21.9,23.9,24.1,18.8,13.3,5.8,1.6,11.4,23.3,12.6,1.7,-7.8,-6.3,-0.3,5.2,9.0,13.7,15.5,15.3,9.4,3.5,-1.3,-5.0,4.6,14.8,3.9,-4.5,3.3,5.0,11.4,19.2,24.1,30.2,32.4,32.8,28.2,23.1,13.0,8.3,18.2,31.8,21.4,7.9,5.1,4.2,6.6,6.2,4.4,2.2,1.2,1.3,0.7,1.1,4.0,2.9,17.2,4.6,5.7,12.1,56.3,51.5,74.1,46.0,35.9,11.7,5.4,5.7,2.2,4.5,33.3,30.4,156.1,22.8,39.9,136.8
AFGHANISTAN,1946,-1.0,4.4,7.5,14.6,20.1,21.9,23.9,22.9,18.8,14.1,3.6,-2.3,14.1,22.9,12.2,0.1,-6.4,-2.1,1.2,7.0,11.6,13.5,15.6,14.6,9.3,5.1,-4.6,-8.9,6.6,14.5,3.3,-5.9,4.4,11.0,14.0,22.2,28.6,30.4,32.3,31.2,28.4,23.1,11.8,4.2,21.6,31.3,21.1,6.1,4.7,4.6,6.3,4.5,2.7,1.3,1.4,1.0,0.4,1.4,1.8,3.2,13.6,3.8,3.6,12.9,50.0,56.5,53.3,23.5,13.3,4.5,4.8,3.8,1.1,5.8,13.5,30.2,90.1,13.0,20.4,145.8
AFGHANISTAN,1947,0.4,2.2,9.5,13.7,17.6,21.4,24.0,24.2,18.5,12.6,9.1,1.9,13.6,23.2,13.4,2.0,-5.2,-3.7,2.8,6.2,9.8,12.9,15.3,15.4,9.3,3.7,0.8,-5.4,6.3,14.6,4.6,-5.2,6.1,8.0,16.3,21.2,25.4,29.8,32.6,33.0,27.7,21.6,17.4,9.3,20.9,31.8,22.3,9.1,4.8,4.9,5.5,3.5,3.6,1.2,1.6,0.9,0.6,1.0,2.5,2.6,12.6,3.7,4.1,9.7,55.1,60.5,51.1,29.4,19.7,4.4,6.0,3.8,2.1,4.2,16.3,23.7,100.2,14.1,22.6,98.2
AFGHANISTAN,1948,1.4,2.6,6.1,12.3,18.9,21.9,25.1,23.0,18.1,12.3,5.5,-0.2,12.5,23.3,12.0,-0.5,-5.8,-4.4,-0.2,6.1,10.9,13.4,16.9,14.7,9.0,3.3,-2.7,-5.8,5.6,15.0,3.2,-6.2,8.5,9.6,12.4,18.6,27.0,30.4,33.4,31.4,27.2,21.2,13.7,5.4,19.3,31.7,20.7,5.1,2.7,4.4,5.7,8.4,3.0,1.2,1.5,0.9,0.8,1.0,1.5,5.1,17.1,3.6,3.3,13.7,28.9,45.7,62.7,63.2,17.7,8.8,6.1,5.2,1.4,6.0,9.2,59.8,143.6,20.1,16.7,147.5
AFGHANISTAN,1949,-2.6,1.3,6.0,12.9,17.7,20.8,24.6,22.5,18.0,9.9,3.8,1.6,12.2,22.6,10.6,-0.8,-8.3,-4.5,0.4,6.3,10.2,12.8,16.1,14.5,8.8,1.3,-4.1,-5.2,5.6,14.4,2.0,-7.2,3.0,7.0,11.7,19.5,25.1,28.8,33.2,30.5,27.3,18.6,11.7,8.4,18.8,30.9,19.2,5.6,4.2,4.4,8.6,7.0,3.7,2.7,0.9,2.1,0.4,0.6,1.2,3.5,19.3,5.6,2.2,12.7,42.2,45.5,80.1,49.9,22.6,15.4,3.5,6.0,2.0,3.8,10.0,29.8,152.6,24.9,15.7,149.3
AFGHANISTAN,1950,-2.4,-1.6,6.6,10.9,18.3,22.2,24.4,22.9,17.1,12.5,3.2,-1.7,11.9,23.1,10.9,-1.6,-8.4,-8.0,0.0,3.9,10.4,13.8,16.2,14.4,7.6,3.3,-4.6,-8.4,4.8,14.8,2.1,-7.8,3.6,4.7,13.3,18.0,26.2,30.7,32.5,31.4,26.6,21.8,11.0,5.1,19.1,31.5,19.8,4.5,5.6,3.6,5.7,6.2,4.8,1.1,1.4,1.2,0.6,0.8,2.0,1.5,16.7,3.7,3.4,11.1,76.5,42.9,52.2,48.8,32.3,4.7,5.6,6.4,1.0,6.6,18.0,10.3,133.3,16.7,25.6,112.8
AFGHANISTAN,1951,-1.5,-1.8,5.3,12.1,17.6,20.5,24.1,22.7,19.0,14.2,6.3,3.7,11.7,22.4,13.1,2.5,-7.2,-7.8,-0.9,5.0,10.0,12.0,15.8,13.8,9.8,6.9,-1.4,-2.8,4.7,13.8,5.1,-3.5,4.1,4.2,11.5,19.2,25.3,29.1,32.4,31.7,28.2,21.5,13.9,10.2,18.7,31.1,21.2,8.5,4.5,5.2,6.6,6.3,7.5,1.1,1.5,0.9,0.4,3.5,2.3,3.1,20.4,3.4,6.2,13.1,42.4,60.1,70.1,38.0,55.8,3.5,4.9,4.4,0.8,16.3,16.5,29.0,163.8,12.8,33.6,160.2
AFGHANISTAN,1952,-0.1,3.9,6.5,13.4,17.3,22.1,24.4,22.9,17.6,12.1,4.0,0.7,12.4,23.1,11.3,2.1,-5.7,-1.9,0.4,6.6,9.4,13.8,16.3,14.5,8.5,2.4,-3.2,-5.9,5.4,14.9,2.6,-4.5,5.5,9.8,12.6,20.3,25.3,30.4,32.6,31.3,26.8,21.9,11.3,7.3,19.4,31.4,20.0,8.6,4.4,5.5,6.1,6.4,5.0,1.1,1.4,0.8,0.5,0.6,1.7,3.0,17.5,3.3,2.8,11.4,51.4,79.8,63.2,49.0,33.1,5.6,6.5,3.9,1.9,2.5,13.1,28.7,145.3,15.9,17.6,140.9
AFGHANISTAN,1953,0.6,4.9,7.1,12.5,17.7,22.0,24.9,22.8,18.1,11.1,5.2,1.6,12.5,23.2,11.5,0.4,-5.8,-1.7,1.2,5.9,10.4,13.8,16.8,14.2,8.8,2.7,-1.7,-3.4,5.8,14.9,3.3,-5.0,7.0,11.4,13.1,19.2,25.1,30.2,33.1,31.5,27.5,19.4,12.0,6.7,19.1,31.6,19.7,5.9,3.8,4.6,6.7,6.8,4.9,3.2,1.3,1.0,0.7,2.6,3.7,5.1,18.4,5.5,7.0,16.7,44.9,67.2,78.8,48.6,38.7,17.0,5.6,5.8,3.1,14.9,26.9,50.2,166.1,28.3,45.0,206.3
AFGHANISTAN,1954,-0.7,0.4,5.1,12.7,17.8,21.2,24.0,22.8,18.2,12.1,5.4,0.9,11.9,22.7,11.9,1.6,-6.5,-5.2,-0.5,6.5,9.7,13.0,16.1,14.5,8.9,2.9,-2.0,-5.6,5.2,14.5,3.3,-5.1,5.1,6.0,10.7,19.0,26.0,29.5,32.0,31.2,27.4,21.3,12.8,7.3,18.6,30.9,20.5,8.3,5.2,6.4,7.2,7.3,2.8,1.7,2.0,0.7,0.6,1.4,3.6,2.6,17.3,4.4,5.5,8.4,69.3,86.8,65.9,44.7,16.0,5.9,9.3,3.9,1.6,6.3,22.9,23.8,126.7,19.0,30.8,74.9
AFGHANISTAN,1955,-0.1,4.0,7.7,11.5,16.3,22.0,24.6,23.6,18.7,11.6,7.3,3.5,11.9,23.4,12.5,1.3,-6.6,-3.2,2.0,4.1,8.9,13.9,16.0,15.0,9.3,2.2,-1.1,-2.6,5.0,15.0,3.5,-4.7,6.5,11.3,13.4,19.0,23.8,30.2,33.2,32.3,28.1,21.0,15.8,9.6,18.8,31.9,21.6,7.4,3.2,2.6,7.8,4.0,5.8,1.7,1.7,1.3,0.6,0.8,1.4,4.2,17.5,4.7,2.8,12.7,28.2,22.9,88.5,29.9,53.4,9.0,9.2,7.5,2.1,3.7,7.6,44.1,171.8,25.7,13.5,147.5
AFGHANISTAN,1956,-1.3,1.8,6.0,13.2,18.8,21.2,24.6,22.5,18.3,11.9,6.8,0.9,12.6,22.7,12.3,-1.0,-7.1,-4.5,0.7,6.6,10.9,12.7,16.5,14.1,9.6,2.5,-2.2,-5.1,6.1,14.4,3.3,-6.4,4.5,8.0,11.3,19.8,26.6,29.8,32.7,30.9,27.1,21.3,15.7,6.9,19.2,31.1,21.4,4.5,3.5,5.0,9.4,7.1,1.7,1.7,1.9,1.0,0.8,2.6,0.7,3.8,18.2,4.7,4.0,13.8,43.3,60.1,105.0,75.6,8.7,8.7,13.3,6.6,3.2,12.3,9.1,30.7,189.2,28.6,24.6,168.0
AFGHANISTAN,1957,-3.3,-0.5,6.7,10.4,16.2,21.1,23.6,22.4,17.5,11.6,5.2,2.1,11.1,22.4,11.5,2.4,-7.9,-6.2,0.4,4.2,8.6,13.2,15.5,14.0,7.9,3.5,-1.4,-3.5,4.4,14.3,3.3,-3.8,1.3,5.2,13.1,16.7,23.7,29.1,31.7,30.8,27.3,19.7,11.9,7.7,17.9,30.5,19.6,8.5,6.1,3.9,6.9,8.4,6.0,1.7,1.5,1.4,0.5,2.8,5.4,5.0,21.4,4.6,8.6,13.1,87.7,49.7,76.7,69.4,34.1,10.3,5.1,3.8,2.0,15.2,49.0,55.0,180.3,19.2,66.2,139.1
AFGHANISTAN,1958,2.0,3.1,8.8,13.8,16.3,22.5,24.9,22.7,18.2,12.3,3.8,3.2,13.0,23.3,11.5,0.7,-3.6,-4.1,1.8,7.1,8.8,14.0,16.7,14.4,9.3,3.5,-3.3,-2.3,5.9,15.0,3.2,-4.9,7.7,10.2,15.8,20.5,24.0,31.0,33.1,31.0,27.1,21.2,10.9,8.7,20.1,31.7,19.7,6.4,5.3,2.8,6.1,6.7,3.9,1.7,1.4,0.9,1.7,1.1,2.3,4.9,16.7,3.9,5.1,15.1,55.0,29.1,56.5,58.7,39.4,5.4,5.5,4.0,5.6,5.0,17.1,59.7,154.5,14.8,27.7,182.9
AFGHANISTAN,1959,-0.7,-0.2,6.5,14.3,17.1,22.2,23.5,23.9,20.1,13.5,4.6,-0.6,12.6,23.2,12.7,1.5,-6.6,-5.9,0.7,7.0,9.5,13.9,15.6,15.6,10.8,4.8,-2.0,-6.4,5.7,15.0,4.5,-4.8,5.2,5.4,12.3,21.7,24.7,30.5,31.5,32.3,29.3,22.2,11.2,5.1,19.6,31.4,20.9,7.8,4.4,5.8,7.1,5.6,5.7,1.7,1.5,1.1,0.9,1.1,4.4,4.2,18.4,4.2,6.4,11.4,51.7,71.5,63.9,43.8,51.0,3.2,8.2,4.8,3.3,4.8,31.2,44.8,158.7,16.2,39.3,132.1
AFGHANISTAN,1960,0.6,4.5,3.6,10.9,16.1,22.6,23.9,23.4,18.3,12.7,5.4,0.7,10.2,23.3,12.1,0.4,-6.1,-2.0,-2.2,4.7,8.8,14.1,16.0,14.5,9.5,3.5,-1.8,-5.9,3.8,14.9,3.7,-5.7,7.2,11.0,9.5,17.2,23.6,31.2,31.9,32.3,27.1,22.0,12.6,7.3,16.7,31.8,20.6,6.6,3.6,3.5,7.2,8.7,5.7,0.9,1.3,0.9,0.7,0.7,3.8,2.3,21.6,3.0,5.2,10.4,42.1,45.1,81.4,77.5,50.4,3.9,7.2,4.5,5.1,3.9,32.8,25.0,209.3,15.5,41.7,113.8
AFGHANISTAN,1961,0.3,0.3,7.3,12.0,18.9,21.9,24.8,23.0,19.2,11.1,5.8,2.8,12.7,23.3,12.0,2.0,-5.7,-5.6,0.7,5.6,11.0,13.2,16.8,14.7,10.5,2.5,-2.3,-4.3,5.8,14.9,3.5,-4.6,6.3,6.2,13.9,18.4,26.8,30.7,32.9,31.4,28.0,19.8,13.9,10.0,19.7,31.7,20.6,8.7,4.2,4.0,6.6,8.9,3.3,1.5,1.7,0.9,0.7,1.3,3.4,3.0,18.8,4.1,5.4,9.5,47.6,41.2,69.7,84.3,25.6,9.0,8.2,5.1,2.0,5.9,32.1,26.3,179.6,22.3,40.0,88.4
AFGHANISTAN,1962,-0.8,4.1,8.8,12.7,17.3,21.3,24.7,22.6,16.6,11.7,3.7,1.3,12.9,22.9,10.7,2.7,-7.1,-2.5,1.7,6.3,9.8,13.0,16.6,14.6,8.0,3.4,-3.0,-5.7,5.9,14.7,2.8,-4.3,5.4,10.6,15.8,19.1,24.8,29.7,32.8,30.7,25.3,20.1,10.4,8.3,19.9,31.1,18.6,9.6,2.9,3.6,5.9,8.0,5.0,2.0,1.2,0.9,0.7,1.5,2.2,3.2,19.0,4.1,4.5,9.2,19.3,42.8,51.6,59.8,32.8,10.2,5.4,5.0,3.2,8.6,20.1,31.0,144.2,20.5,31.9,90.4
AFGHANISTAN,1963,1.6,5.2,7.2,13.6,16.6,23.0,24.5,22.7,18.1,14.1,6.5,1.2,12.5,23.4,12.9,-0.7,-6.0,-1.0,0.8,6.9,9.9,14.9,16.5,14.3,9.1,5.6,-0.3,-5.4,5.9,15.2,4.8,-6.6,9.2,11.4,13.7,20.5,23.4,31.1,32.5,31.2,27.2,22.6,13.4,7.9,19.2,31.6,21.1,5.2,1.2,4.7,6.8,8.7,8.8,1.7,2.1,0.7,0.6,1.8,4.3,3.2,24.3,4.4,6.7,13.9,11.0,48.4,65.5,73.2,79.8,5.7,5.6,3.1,1.8,5.9,32.7,32.4,218.5,14.4,40.3,162.9
AFGHANISTAN,1964,-5.0,1.6,8.6,12.2,17.2,21.6,24.1,23.4,17.7,10.0,5.7,-1.4,12.7,23.0,11.2,0.2,-10.6,-3.9,2.5,6.4,9.4,13.1,16.2,14.7,8.8,1.0,-2.9,-7.8,6.1,14.7,2.3,-5.6,0.5,7.1,14.7,18.1,25.0,30.1,32.0,32.1,26.7,19.0,14.3,4.9,19.3,31.4,20.0,5.9,4.6,6.0,7.1,8.6,3.8,1.0,3.1,1.1,0.4,0.3,2.0,2.5,19.5,5.2,2.7,12.3,55.9,74.6,64.9,67.2,22.1,3.7,14.4,5.1,2.3,3.3,13.4,21.6,154.2,23.2,19.0,150.0
AFGHANISTAN,1965,0.2,1.7,6.4,11.3,17.4,21.7,24.4,22.2,17.5,14.1,8.0,1.8,11.7,22.8,13.2,3.3,-4.7,-4.2,0.1,4.4,9.4,13.2,16.6,13.9,8.7,6.2,0.5,-5.8,4.6,14.6,5.1,-3.7,5.2,7.5,12.7,18.2,25.4,30.3,32.3,30.5,26.5,22.2,15.4,9.4,18.8,31.0,21.3,10.3,5.1,4.6,5.1,8.9,5.8,0.8,2.9,1.4,0.8,1.4,3.9,2.4,19.8,5.1,6.1,10.4,70.0,58.4,40.9,82.8,50.1,3.3,15.0,9.1,1.6,7.3,32.3,23.7,173.9,27.4,41.2,113.9
AFGHANISTAN,1966,2.9,5.2,7.0,12.0,17.0,23.2,24.1,23.2,18.0,12.1,3.9,1.7,12.0,23.5,11.3,0.6,-4.6,-0.7,1.1,5.4,9.3,14.7,16.1,14.8,9.4,4.4,-4.5,-5.6,5.2,15.2,3.1,-6.0,10.5,11.1,12.9,18.7,24.7,31.7,32.1,31.7,26.7,19.8,12.4,8.9,18.8,31.8,19.6,7.2,1.8,6.2,6.8,7.8,3.5,0.6,2.0,2.1,2.1,4.7,1.0,2.0,18.2,4.7,7.9,10.6,12.2,78.1,77.9,65.6,17.0,2.5,5.5,5.8,4.1,21.0,3.3,16.6,160.5,13.7,28.4,116.2
AFGHANISTAN,1967,-1.6,1.9,6.5,11.8,16.3,21.4,24.4,22.7,18.5,12.0,7.3,2.1,11.5,22.8,12.6,0.8,-8.8,-3.5,-0.2,5.6,9.0,13.3,16.4,14.3,9.7,4.0,0.3,-4.1,4.8,14.7,4.7,-5.4,5.6,7.3,13.3,18.1,23.6,29.5,32.4,31.1,27.2,20.1,14.4,8.3,18.3,31.0,20.6,7.1,2.1,6.5,6.3,8.9,4.6,2.5,1.5,0.7,1.6,3.5,3.2,4.0,19.9,4.7,8.4,13.5,22.4,77.2,66.7,77.8,32.9,10.9,6.6,3.1,2.7,25.6,19.5,49.6,177.3,20.7,47.9,141.8
AFGHANISTAN,1968,0.2,0.2,7.5,12.0,16.0,22.0,23.9,22.7,18.2,12.3,6.8,2.1,11.8,22.9,12.4,-1.4,-6.3,-5.9,1.5,5.7,8.8,14.1,15.9,14.4,8.7,3.9,-0.3,-2.7,5.3,14.8,4.1,-6.6,6.6,6.3,13.5,18.3,23.2,30.0,31.9,31.1,27.7,20.7,14.0,6.9,18.3,31.0,20.8,3.8,4.5,5.0,7.2,6.9,6.0,2.2,1.0,1.3,0.2,2.1,3.3,6.0,20.2,4.4,5.7,16.3,40.4,51.8,60.7,62.3,42.1,4.5,5.0,5.6,0.5,9.9,16.1,71.9,165.1,15.1,26.5,176.0
AFGHANISTAN,1969,-4.0,-2.2,8.3,12.3,16.5,21.9,24.2,22.4,17.7,13.3,5.5,4.4,12.4,22.8,12.2,2.4,-9.3,-7.7,2.6,6.2,9.2,13.7,16.6,14.2,8.8,5.5,-1.2,-2.5,6.0,14.9,4.3,-3.8,1.4,3.2,14.0,18.5,23.7,30.1,31.8,30.6,26.6,21.2,12.3,11.2,18.7,30.8,20.0,8.7,5.0,5.4,7.8,8.7,6.3,3.0,2.1,0.6,0.8,4.0,3.8,2.4,22.9,5.6,8.6,11.0,61.8,42.3,67.4,73.1,52.3,11.3,10.5,2.9,2.6,19.4,32.9,13.9,192.9,24.7,54.8,97.4
AFGHANISTAN,1970,-0.6,3.6,6.3,14.4,19.0,22.3,24.0,24.4,18.1,13.2,7.0,1.4,13.2,23.5,12.8,0.4,-6.0,-2.9,-0.1,7.4,10.6,13.7,16.2,16.0,9.2,4.5,-1.6,-5.0,6.0,15.3,4.0,-5.9,4.7,10.1,12.7,21.4,27.5,30.9,31.7,32.7,27.0,22.0,15.7,7.9,20.5,31.8,21.6,6.7,5.4,3.2,6.8,5.2,2.5,1.0,3.3,1.0,1.3,1.3,1.0,2.8,14.5,5.3,3.6,9.1,56.6,26.9,66.1,32.8,13.7,3.6,10.5,4.7,6.2,4.3,5.2,20.6,112.7,18.8,15.8,80.2
AFGHANISTAN,1971,-2.3,2.1,8.5,13.7,19.0,22.9,24.1,22.7,17.5,12.3,8.0,4.1,13.7,23.2,12.6,-1.4,-8.4,-4.3,1.5,6.9,10.6,14.6,16.1,14.3,8.7,3.3,0.5,-2.7,6.3,15.0,4.2,-7.3,3.7,8.5,15.5,20.5,27.4,31.3,32.0,31.2,26.3,21.4,15.5,10.8,21.1,31.5,21.1,4.6,2.4,3.9,5.6,5.9,1.3,0.8,0.7,0.6,1.9,0.8,2.5,2.6,12.8,2.1,5.1,12.7,13.9,45.7,44.4,38.2,11.1,3.9,4.9,3.2,7.3,2.9,11.9,22.4,93.7,12.0,22.2,149.5
AFGHANISTAN,1972,-3.2,-4.9,5.1,12.5,16.5,21.9,23.1,21.0,17.7,12.6,7.6,-0.0,11.4,22.0,12.6,-0.2,-8.4,-10.8,-0.4,5.5,9.5,14.0,15.0,12.8,8.7,3.3,-0.4,-5.3,4.9,13.9,3.9,-6.1,2.0,0.9,10.5,19.6,23.6,29.8,31.1,29.2,26.8,21.8,15.6,5.2,17.9,30.1,21.4,5.6,5.4,4.8,8.5,7.0,7.2,3.8,1.5,0.6,2.0,1.2,2.6,5.1,22.6,5.9,5.8,13.3,74.8,52.2,92.6,52.5,53.4,11.6,5.9,2.7,4.1,5.7,20.1,55.1,198.6,20.2,29.8,146.4
AFGHANISTAN,1973,-3.5,2.9,6.5,13.8,18.0,23.7,24.6,23.3,17.8,12.7,6.9,1.3,12.8,23.9,12.5,-1.2,-9.4,-3.5,0.7,7.2,10.4,15.4,16.6,15.0,9.0,3.3,-1.9,-5.7,6.1,15.7,3.5,-7.0,2.4,9.3,12.4,20.5,25.6,32.1,32.7,31.6,26.6,22.0,15.8,8.3,19.5,32.1,21.5,4.5,3.9,4.4,7.5,6.5,4.7,0.4,1.7,0.7,2.1,0.4,1.2,3.0,18.7,2.8,3.7,14.6,36.8,54.5,85.5,48.3,24.5,1.7,10.0,3.0,5.4,2.4,4.4,22.1,158.3,14.7,12.3,159.3
AFGHANISTAN,1974,-2.7,-2.3,7.7,13.4,17.8,21.8,24.5,22.1,18.1,10.9,6.4,0.4,12.9,22.8,11.8,-0.2,-7.9,-7.3,1.6,6.9,9.8,13.7,17.0,13.7,9.4,1.5,-1.8,-5.7,6.1,14.8,3.0,-6.2,2.5,2.6,13.8,19.9,25.7,30.0,32.2,30.5,26.8,20.3,14.7,6.4,19.8,30.9,20.6,5.8,5.4,6.2,5.1,7.4,4.3,1.3,1.4,0.7,1.0,0.5,1.1,4.4,16.8,3.3,2.5,13.8,65.2,72.0,40.8,47.6,24.0,5.9,4.7,4.9,4.2,1.5,6.4,46.3,112.4,15.4,12.1,146.2
AFGHANISTAN,1975,-1.3,0.4,6.4,12.7,17.6,22.2,24.5,23.2,18.5,12.0,4.2,1.5,12.2,23.3,11.5,1.1,-7.4,-5.6,0.2,6.2,9.8,13.8,16.1,15.0,9.7,3.1,-3.4,-4.7,5.4,14.9,3.1,-4.6,4.7,6.4,12.6,19.2,25.4,30.7,33.0,31.5,27.2,20.8,11.8,7.7,19.1,31.7,20.0,6.7,4.6,4.8,6.9,7.5,5.1,1.1,2.2,2.7,0.6,1.3,2.5,3.8,19.5,6.1,4.4,14.9,51.3,48.5,61.7,64.5,40.4,4.8,6.2,7.9,2.2,6.5,20.1,34.7,166.6,18.9,28.7,170.4
AFGHANISTAN,1976,1.6,0.1,4.4,12.3,17.9,21.7,24.9,23.2,18.7,12.6,3.8,0.8,11.5,23.3,11.7,-0.9,-4.5,-4.7,-1.2,6.1,10.5,13.4,16.8,14.6,9.7,4.8,-3.7,-5.2,5.1,14.9,3.6,-6.7,7.7,4.9,10.0,18.5,25.4,30.1,33.1,31.8,27.7,20.5,11.4,6.7,18.0,31.7,19.9,4.9,4.1,7.0,8.0,8.8,3.6,1.6,1.0,0.9,0.5,3.2,1.0,3.3,20.4,3.5,4.8,12.4,41.1,94.6,93.2,72.5,26.2,4.9,5.9,7.0,2.1,12.9,5.8,20.7,191.9,17.8,20.8,131.6
AFGHANISTAN,1977,-4.7,1.3,10.3,14.4,18.0,23.6,24.8,23.0,18.2,13.2,8.0,2.9,14.2,23.8,13.1,0.9,-9.4,-5.6,2.8,7.3,10.5,15.3,16.7,14.8,9.1,6.0,2.1,-2.9,6.9,15.6,5.7,-5.0,-0.1,8.2,17.8,21.6,25.5,31.9,32.9,31.3,27.5,20.5,13.9,8.8,21.6,32.1,20.6,6.8,6.8,2.3,3.4,6.0,4.6,1.7,2.0,1.4,0.6,3.0,5.0,3.6,14.0,5.1,8.7,13.2,93.7,17.2,21.7,57.3,25.8,6.6,8.4,5.3,2.3,16.3,32.3,37.4,104.8,20.3,50.9,133.3
AFGHANISTAN,1978,-1.0,0.8,5.7,14.1,18.2,22.6,24.1,22.6,18.9,13.3,5.1,4.4,12.7,23.1,12.4,2.2,-7.1,-5.0,-0.6,7.0,10.6,14.6,16.3,14.2,9.4,4.7,-0.9,-2.1,5.7,15.0,4.4,-3.8,5.1,6.6,12.0,21.4,25.9,30.7,32.1,31.1,28.5,21.9,11.1,10.8,19.8,31.3,20.5,8.2,4.9,4.7,6.6,6.3,4.3,1.3,3.0,0.6,0.4,0.5,5.1,3.0,17.2,4.8,6.0,13.4,51.3,44.6,66.8,33.8,35.6,3.2,9.8,3.9,1.4,2.8,40.5,25.5,136.2,16.8,44.6,141.0
AFGHANISTAN,1979,-0.2,2.5,5.7,14.4,15.0,22.0,25.1,22.5,18.3,14.4,5.7,3.3,11.7,23.2,12.8,0.8,-5.8,-3.4,-0.0,7.8,7.8,13.8,16.8,14.6,9.4,5.6,-2.4,-2.9,5.2,15.1,4.2,-4.8,5.5,8.3,11.5,20.9,22.2,30.3,33.5,30.5,27.3,23.1,13.9,9.5,18.2,31.4,21.4,6.5,4.8,5.5,7.9,6.1,6.7,1.3,0.7,1.8,0.8,1.5,2.1,4.4,20.7,3.7,4.4,15.4,52.5,63.0,71.0,48.2,49.3,4.6,3.3,12.7,2.1,4.4,13.2,40.4,168.5,20.6,19.7,179.8
AFGHANISTAN,1980,-1.2,0.3,6.1,15.4,18.6,22.5,24.8,23.1,18.3,13.1,8.3,3.4,13.4,23.5,13.2,2.5,-6.9,-4.7,0.3,8.3,10.9,14.3,16.4,14.9,9.1,5.0,0.9,-3.3,6.5,15.2,5.0,-3.6,4.5,5.3,11.9,22.5,26.3,30.8,33.2,31.4,27.4,21.2,15.7,10.1,20.2,31.8,21.4,8.6,5.1,6.0,9.0,5.3,3.1,2.8,1.4,3.0,0.5,2.8,2.6,2.7,17.4,7.1,5.8,13.6,60.7,78.7,103.4,30.8,19.0,6.9,6.9,10.9,1.7,13.1,18.6,20.1,153.2,24.7,33.4,152.9
AFGHANISTAN,1981,1.2,2.9,8.3,13.7,18.1,21.7,24.5,22.8,18.2,11.5,6.9,3.6,13.4,23.0,12.2,1.1,-4.6,-2.8,2.1,6.9,10.8,13.9,17.1,14.7,9.4,3.5,-1.4,-3.1,6.6,15.2,3.8,-4.8,7.0,8.6,14.5,20.5,25.4,29.5,31.9,31.0,27.1,19.5,15.2,10.2,20.1,30.8,20.6,6.9,5.2,5.7,6.9,6.4,5.4,1.0,2.6,1.8,0.9,4.1,1.4,3.0,18.7,5.4,6.4,14.1,56.7,76.1,76.9,59.5,30.3,4.5,11.8,4.7,1.7,17.8,10.9,28.4,166.7,21.1,30.4,164.3
AFGHANISTAN,1982,-0.4,-0.0,5.1,13.6,17.6,22.1,24.1,23.0,17.5,12.9,4.6,0.6,12.1,23.1,11.7,1.0,-6.1,-5.2,-0.4,6.3,9.9,13.8,15.9,15.0,8.7,5.4,-1.2,-5.3,5.3,14.9,4.3,-5.2,5.2,5.2,10.7,21.0,25.3,30.4,32.4,31.0,26.3,20.4,10.5,6.5,19.0,31.3,19.1,7.1,5.0,6.2,9.1,3.7,5.2,1.5,1.1,1.1,0.7,3.9,6.4,4.0,18.0,3.7,11.1,12.1,52.4,83.5,109.2,20.5,28.4,7.0,3.6,5.8,2.0,19.4,61.8,44.2,158.1,16.4,83.2,124.1
AFGHANISTAN,1983,-0.1,2.5,5.1,11.9,18.2,22.6,25.4,24.4,19.3,12.3,7.9,1.8,11.7,24.1,13.2,-0.7,-5.8,-4.4,-1.0,5.6,10.5,14.3,17.3,16.4,10.6,3.4,-0.6,-4.3,5.0,16.0,4.5,-6.6,5.6,9.3,11.1,18.2,25.9,30.9,33.6,32.5,28.0,21.3,16.5,8.0,18.4,32.3,21.9,5.2,3.9,4.2,7.2,8.5,6.2,1.8,2.1,1.4,1.0,0.5,1.1,3.3,21.9,5.3,2.5,11.1,39.0,40.9,75.2,71.3,40.0,9.2,9.0,8.0,2.7,2.0,5.7,27.2,186.6,26.2,10.4,94.0
AFGHANISTAN,1984,-1.0,-2.9,8.0,13.6,18.2,23.0,25.0,24.6,17.7,11.5,7.5,-0.7,13.3,24.2,12.2,0.9,-7.0,-8.5,2.4,6.5,10.6,14.8,17.1,16.4,8.9,2.8,0.6,-5.9,6.5,16.1,4.1,-5.0,5.0,2.6,13.7,20.8,25.9,31.2,33.0,32.7,26.5,20.2,14.3,4.4,20.1,32.3,20.4,6.8,3.2,4.6,7.2,6.1,3.5,1.1,1.7,0.9,0.6,1.0,3.2,4.4,16.8,3.7,4.7,12.3,22.4,44.4,67.5,40.4,20.3,4.0,7.6,6.2,2.3,9.5,21.6,43.7,128.2,17.8,33.3,118.3
AFGHANISTAN,1985,-0.5,4.0,6.6,13.9,17.7,23.2,25.0,22.3,18.3,11.9,6.5,2.3,12.7,23.5,12.3,1.4,-6.1,-2.8,0.8,6.7,9.9,14.8,17.2,14.6,9.1,3.8,-1.1,-3.2,5.8,15.6,3.9,-4.6,5.1,10.9,12.5,21.2,25.5,31.6,32.7,30.2,27.7,20.2,14.2,7.8,19.7,31.5,20.7,7.3,4.9,3.0,5.5,6.7,3.3,1.0,1.2,1.2,0.2,1.5,1.1,4.3,15.5,3.3,2.9,12.1,53.2,21.3,39.1,42.6,24.5,3.7,4.1,5.5,0.4,6.1,6.1,52.0,106.2,13.3,12.6,121.4
AFGHANISTAN,1986,0.1,1.7,4.3,12.8,18.2,22.2,24.2,22.3,18.4,13.7,6.3,1.2,11.8,22.9,12.8,2.1,-6.5,-4.0,-1.2,6.1,10.6,14.3,16.4,14.3,9.6,5.2,-0.5,-4.4,5.2,15.0,4.8,-4.3,6.7,7.5,9.8,19.6,25.8,30.2,32.1,30.4,27.3,22.2,13.1,6.9,18.4,30.9,20.9,8.5,2.7,5.0,7.6,5.9,4.9,2.2,2.3,2.9,1.3,1.3,3.8,4.3,18.5,7.4,6.4,10.9,17.7,51.8,80.6,35.8,30.2,8.8,8.8,11.5,3.1,4.4,35.0,54.8,146.5,29.1,42.6,109.8
AFGHANISTAN,1987,1.9,3.2,8.0,12.5,17.2,21.5,24.1,24.2,19.1,10.7,6.8,3.7,12.6,23.3,12.2,2.2,-5.2,-3.3,2.6,6.0,9.4,13.5,16.5,16.0,10.8,3.7,-0.8,-3.7,6.0,15.3,4.6,-4.0,8.9,9.7,13.5,19.2,25.1,29.7,31.6,32.5,27.4,17.8,14.4,11.1,19.3,31.3,19.9,8.3,1.9,4.6,9.3,6.2,5.0,2.5,2.0,1.4,0.6,4.7,1.3,2.1,20.6,5.9,6.7,11.9,10.8,44.1,102.8,54.9,27.7,16.1,6.8,5.7,1.7,38.3,8.1,16.0,185.4,28.6,48.1,128.0
AFGHANISTAN,1988,0.6,2.2,7.2,14.6,18.6,23.2,25.2,23.1,18.9,12.6,8.2,4.5,13.5,23.8,13.2,0.5,-4.8,-3.5,1.2,7.7,10.9,14.8,17.5,15.1,10.2,3.9,-0.0,-2.1,6.6,15.8,4.7,-5.5,6.1,7.8,13.1,21.5,26.3,31.7,32.9,31.1,27.5,21.3,16.4,11.2,20.3,31.9,21.8,6.4,4.8,4.9,8.5,5.3,2.7,1.2,1.5,2.8,0.5,0.8,0.8,4.1,16.5,5.5,2.2,13.2,56.9,55.1,108.0,34.2,14.5,5.6,6.1,10.9,1.6,3.5,3.6,47.3,156.7,22.5,8.6,133.6
AFGHANISTAN,1989,-2.1,-1.0,7.0,11.8,16.2,22.3,24.7,22.9,18.2,13.7,7.0,3.9,11.7,23.3,13.0,2.0,-7.7,-6.6,0.5,4.3,8.5,13.9,16.9,14.5,9.2,4.8,-0.5,-1.7,4.5,15.1,4.5,-3.2,3.5,4.6,13.4,19.3,24.0,30.7,32.4,31.4,27.2,22.7,14.5,9.5,18.9,31.5,21.5,7.2,3.7,5.3,7.6,5.2,4.8,2.5,3.8,2.9,1.6,0.8,3.4,4.4,17.6,9.1,5.8,16.6,37.4,48.8,68.0,26.6,36.4,10.2,18.6,14.1,6.5,3.7,24.5,42.9,131.0,42.8,34.7,194.5
AFGHANISTAN,1990,0.0,2.1,6.8,12.9,19.3,23.3,24.6,24.0,19.7,12.5,7.9,1.6,13.0,23.9,13.4,0.5,-4.7,-3.1,0.3,6.4,11.5,15.0,16.7,15.8,10.3,3.9,-0.4,-4.5,6.1,15.9,4.6,-5.1,4.8,7.2,13.3,19.5,27.0,31.6,32.5,32.1,29.0,21.2,16.3,7.7,20.0,32.1,22.2,6.1,5.9,6.3,5.8,7.3,2.9,3.0,0.7,2.4,0.5,2.0,1.9,4.7,16.0,6.1,4.5,15.4,79.4,72.2,44.2,53.7,14.9,11.7,2.9,14.6,2.3,7.7,10.4,58.4,112.8,29.2,20.3,181.6
AFGHANISTAN,1991,-0.9,0.9,6.3,13.1,16.6,22.2,24.9,23.1,18.7,12.9,6.7,3.5,12.0,23.4,12.7,1.9,-6.2,-4.5,1.1,6.5,9.5,14.3,16.9,14.6,10.3,4.4,-0.3,-1.8,5.7,15.3,4.8,-3.7,4.4,6.3,11.5,19.7,23.7,30.1,33.0,31.7,27.1,21.4,13.7,8.9,18.3,31.6,20.8,7.4,4.6,6.1,9.8,7.5,7.2,2.4,2.0,1.1,2.2,1.9,3.1,3.8,24.6,5.5,7.1,14.4,57.5,65.7,110.0,54.4,70.1,6.7,4.8,3.7,9.1,5.3,15.3,41.7,234.6,15.2,29.7,169.6
AFGHANISTAN,1992,-0.1,2.1,5.2,12.1,15.7,22.2,24.2,22.2,17.4,12.3,7.9,4.0,11.0,22.9,12.5,2.1,-5.2,-4.0,-0.4,5.9,8.9,14.4,16.2,14.4,9.0,3.6,-0.1,-1.4,4.8,15.0,4.2,-3.3,5.1,8.3,11.0,18.3,22.5,30.1,32.2,30.0,25.9,20.9,15.8,9.4,17.3,30.8,20.9,7.6,5.8,4.7,6.9,9.1,6.1,3.2,1.8,1.6,1.1,1.5,2.5,4.8,22.1,6.6,5.1,14.4,73.6,54.3,61.7,81.8,38.9,14.7,7.4,7.9,4.2,11.3,13.5,47.6,182.4,30.0,28.9,141.9
AFGHANISTAN,1993,-0.7,3.1,6.0,13.3,17.7,22.4,24.4,22.8,18.8,11.7,6.2,2.2,12.3,23.2,12.2,0.9,-6.2,-2.2,0.3,6.4,10.6,14.4,16.7,14.7,10.2,3.3,-0.0,-3.8,5.8,15.3,4.5,-4.9,4.9,8.4,11.8,20.2,24.8,30.5,32.1,30.9,27.5,20.2,12.5,8.3,18.9,31.2,20.1,6.7,4.6,5.0,7.1,6.6,5.5,2.3,2.1,1.2,1.0,1.8,3.0,2.4,19.1,5.5,5.9,12.2,41.9,52.4,73.8,43.6,46.7,11.6,7.3,3.7,2.7,7.8,27.2,24.4,164.1,22.6,37.7,124.3
AFGHANISTAN,1994,0.2,0.3,8.4,12.0,18.4,23.2,24.3,23.9,16.6,12.5,9.1,1.9,12.9,23.8,12.7,1.6,-5.6,-5.3,2.4,5.0,10.7,15.1,16.5,15.7,8.0,4.8,1.9,-4.2,6.0,15.7,4.9,-4.5,5.9,6.0,14.5,19.1,26.1,31.4,32.1,32.1,25.2,20.2,16.4,8.0,19.9,31.9,20.6,7.7,5.0,4.8,7.4,5.6,5.2,1.7,1.6,1.3,1.1,2.8,2.8,4.1,18.2,4.5,6.6,12.6,50.4,49.5,73.7,41.7,31.3,7.8,10.9,5.1,5.9,18.5,14.8,40.7,146.7,23.7,39.2,127.6
AFGHANISTAN,1995,0.4,2.6,6.3,12.9,17.8,23.0,25.2,23.9,18.5,13.0,7.9,1.5,12.3,24.0,13.2,0.7,-6.0,-3.2,0.1,6.0,10.1,14.8,17.3,15.5,9.6,4.6,-0.8,-4.2,5.4,15.9,4.5,-5.2,6.8,8.5,12.4,19.8,25.5,31.2,33.2,32.4,27.4,21.5,16.7,7.3,19.3,32.2,21.9,6.6,3.2,5.3,7.1,8.8,3.6,1.7,2.5,1.2,1.0,3.3,1.6,3.7,19.5,5.4,5.9,13.5,20.7,66.2,60.2,74.1,20.8,10.3,10.1,5.8,2.9,12.0,9.6,31.5,155.1,26.2,24.5,132.8
AFGHANISTAN,1996,-1.2,1.8,6.5,12.7,17.2,22.4,24.6,22.8,19.5,12.5,5.2,3.4,12.2,23.3,12.4,1.9,-7.3,-4.1,1.5,6.2,9.6,14.5,16.8,14.5,10.5,4.2,-2.2,-4.4,5.8,15.3,4.2,-5.0,4.8,7.7,11.5,19.3,24.9,30.3,32.4,31.3,28.5,20.9,12.8,11.2,18.6,31.3,20.7,8.8,4.5,5.3,8.9,6.9,4.3,1.9,1.4,0.9,0.7,3.0,2.0,1.3,20.1,4.2,5.7,8.6,41.5,59.9,92.6,52.6,33.8,11.5,4.4,6.4,2.0,13.5,14.2,10.5,179.0,22.3,29.8,67.9
AFGHANISTAN,1997,0.6,1.7,6.7,12.9,16.6,22.6,25.4,23.5,19.3,14.0,5.6,2.0,12.1,23.9,13.0,0.9,-5.7,-4.7,0.9,6.4,9.3,14.9,17.4,15.2,10.4,5.7,-1.5,-3.7,5.5,15.9,4.9,-4.5,7.0,8.2,12.5,19.4,23.9,30.4,33.6,31.9,28.3,22.3,12.7,7.8,18.6,32.0,21.1,6.3,3.9,3.4,7.3,9.4,7.0,2.4,1.6,0.9,0.5,2.4,3.5,4.1,23.7,4.9,6.5,15.7,32.6,24.9,74.2,74.2,42.9,11.9,6.8,5.2,2.0,15.8,17.5,36.6,191.3,24.0,35.3,186.3
AFGHANISTAN,1998,-0.4,1.1,6.5,14.7,17.7,22.2,25.3,23.9,19.4,13.2,7.6,4.2,13.0,23.8,13.4,3.2,-5.4,-4.4,0.8,8.0,10.7,14.5,17.5,16.1,10.6,4.8,-0.3,-2.9,6.5,16.0,5.0,-3.0,4.6,6.5,12.2,21.4,24.8,30.0,33.1,31.7,28.2,21.7,15.6,11.3,19.5,31.6,21.8,9.4,5.6,6.1,6.7,7.0,6.6,2.5,1.6,1.5,1.0,1.6,1.6,1.8,20.3,5.6,4.2,12.3,64.4,85.4,60.3,74.6,51.6,12.1,7.7,5.5,3.0,6.0,7.3,11.1,186.4,25.3,16.3,121.7
AFGHANISTAN,1999,0.3,5.1,7.0,13.8,18.3,23.0,24.7,24.4,19.7,14.4,7.1,3.5,13.1,24.0,13.7,2.1,-5.4,-0.6,1.6,7.0,10.4,14.6,17.3,16.2,11.0,6.0,0.6,-3.8,6.3,16.0,5.9,-4.4,6.0,10.8,12.5,20.7,26.2,31.5,32.1,32.7,28.4,22.9,13.6,10.8,19.8,32.1,21.6,8.5,4.7,5.8,7.0,4.8,3.7,1.6,3.6,1.4,1.2,1.4,4.6,1.6,15.5,6.6,7.2,9.7,47.2,63.4,74.0,39.9,18.7,5.4,13.1,4.6,4.3,4.5,45.0,9.9,132.5,23.1,53.9,96.9
AFGHANISTAN,2000,0.8,2.0,7.3,16.1,20.3,22.6,24.6,23.9,19.1,12.8,6.0,3.6,14.6,23.7,12.7,1.8,-5.1,-4.3,0.7,8.8,12.4,14.4,16.8,15.7,10.5,4.8,-0.9,-2.5,7.3,15.7,4.8,-4.6,6.6,8.2,13.8,23.5,28.3,30.9,32.4,32.2,27.8,20.9,13.1,9.6,21.9,31.8,20.6,8.2,4.2,3.8,5.2,3.0,2.2,2.0,1.9,1.7,1.4,4.3,2.8,3.4,10.4,5.6,8.4,9.2,44.8,42.3,41.0,17.0,10.3,6.9,9.5,5.6,6.9,19.6,21.9,26.3,68.3,21.9,48.4,87.7
AFGHANISTAN,2001,-0.9,2.7,8.6,15.3,20.9,23.5,24.6,23.6,18.5,13.5,8.1,4.3,14.9,23.9,13.4,2.9,-7.3,-4.0,1.6,7.6,13.0,15.3,16.9,15.4,9.7,5.3,1.0,-1.7,7.4,15.9,5.3,-3.0,5.4,9.4,15.6,22.9,28.9,31.8,32.3,31.9,27.3,21.7,15.3,10.3,22.5,32.0,21.4,8.8,2.4,3.4,5.8,4.7,2.4,1.9,1.6,1.3,0.8,1.2,3.0,3.2,12.9,4.8,4.9,11.7,26.4,35.0,47.7,30.5,14.8,11.7,9.2,5.1,2.5,6.6,22.3,31.7,93.0,26.0,31.3,127.7
AFGHANISTAN,2002,1.3,3.0,9.1,13.9,18.6,22.9,24.9,24.4,19.1,14.9,7.8,1.0,13.9,24.0,13.9,1.8,-4.5,-2.9,2.4,6.9,11.2,14.8,17.0,16.0,9.8,6.1,0.7,-4.9,6.8,16.0,5.5,-3.7,7.2,8.9,15.8,20.9,26.1,30.9,32.8,32.8,28.4,23.8,14.9,6.8,20.9,32.2,22.4,7.4,3.4,5.1,6.1,7.2,4.0,2.1,1.0,1.5,0.8,1.2,4.0,4.9,17.2,4.6,6.0,14.5,34.9,61.1,51.1,55.1,23.0,12.6,3.7,5.9,2.7,5.0,25.2,44.9,129.2,22.2,32.9,156.1
AFGHANISTAN,2003,1.4,3.2,7.1,13.4,16.5,22.4,24.9,23.8,18.9,14.3,6.4,2.4,12.3,23.7,13.2,3.1,-4.2,-2.0,1.4,7.0,9.2,14.4,17.1,15.6,10.4,5.6,-0.5,-3.7,5.8,15.7,5.2,-2.9,7.0,8.4,12.9,19.8,23.9,30.4,32.8,32.0,27.5,23.0,13.4,8.4,18.9,31.8,21.3,9.1,4.1,5.5,7.4,6.0,5.5,2.2,1.8,1.6,1.4,1.3,3.4,2.9,18.8,5.6,6.2,11.6,32.7,78.4,69.0,54.0,31.1,6.6,10.5,8.6,4.8,6.4,30.1,27.3,154.1,25.7,41.3,133.1
AFGHANISTAN,2004,2.0,4.9,9.4,13.9,18.9,23.0,24.5,23.7,19.1,12.2,8.8,2.6,14.1,23.7,13.4,0.9,-3.1,-1.9,2.8,7.2,11.1,14.5,17.1,15.3,10.3,3.8,1.9,-2.7,7.0,15.6,5.3,-4.4,7.2,11.6,16.1,20.6,26.8,31.5,32.0,32.2,27.9,20.6,15.8,8.0,21.2,31.9,21.4,6.1,5.1,3.6,4.1,5.8,3.6,1.6,1.5,1.6,1.4,2.0,3.5,5.3,13.5,4.7,6.9,16.1,66.2,39.5,33.8,46.1,20.6,7.6,5.0,6.9,3.2,10.9,22.2,63.8,100.5,19.4,36.3,213.7
AFGHANISTAN,2005,-0.2,0.2,9.0,13.5,17.0,23.2,25.3,23.4,20.1,13.9,6.9,3.3,13.1,24.0,13.6,2.2,-5.4,-5.0,2.9,6.5,9.6,15.5,17.4,15.3,11.0,5.4,-0.3,-3.1,6.3,16.1,5.4,-3.7,5.0,5.3,15.0,20.6,24.4,31.0,33.3,31.5,29.1,22.5,14.2,9.8,20.0,31.9,21.9,8.1,4.5,6.3,8.8,4.5,6.7,1.9,1.6,1.2,0.9,1.1,2.2,1.9,20.0,4.7,4.2,10.5,58.3,91.6,75.3,39.4,59.5,5.5,7.4,4.7,3.3,7.5,21.0,14.8,174.1,17.6,31.8,120.8
AFGHANISTAN,2006,-1.9,5.3,8.8,13.0,20.7,23.0,25.3,23.9,18.8,15.8,7.9,0.9,14.2,24.1,14.1,1.6,-7.2,-0.6,2.6,5.7,12.8,14.6,17.6,15.5,10.1,7.1,1.3,-4.9,7.0,15.9,6.2,-4.2,3.4,11.2,15.1,20.4,28.6,31.4,33.0,32.3,27.5,24.4,14.5,6.7,21.4,32.3,22.1,7.4,4.6,4.0,5.5,6.6,2.6,1.4,2.1,2.1,1.0,2.2,4.8,4.4,14.7,5.6,8.0,13.3,59.1,46.9,53.3,45.0,15.6,6.4,8.6,9.9,2.7,10.9,44.5,62.0,113.9,24.9,58.1,165.8
AFGHANISTAN,2007,0.1,3.7,6.8,16.2,18.6,23.1,24.8,23.7,19.0,12.0,8.3,1.5,13.9,23.9,13.1,-1.4,-6.2,-1.6,0.3,9.8,10.9,14.4,17.1,15.3,10.2,3.2,0.5,-4.0,7.0,15.6,4.6,-7.0,6.4,9.1,13.4,22.6,26.3,31.9,32.6,32.2,27.8,20.9,16.0,7.1,20.8,32.2,21.6,4.3,3.1,5.8,7.6,5.2,4.1,2.7,2.0,1.0,0.8,0.7,2.0,4.0,16.9,5.7,3.6,12.8,26.6,77.1,93.5,32.9,23.5,11.7,9.7,5.0,3.5,3.1,10.9,36.1,150.0,26.5,17.5,145.3
AFGHANISTAN,2008,-5.7,0.1,11.6,14.7,20.0,24.2,25.6,23.9,19.2,14.3,6.4,2.9,15.5,24.5,13.3,2.8,-11.1,-5.9,4.6,7.4,12.0,15.9,17.7,15.4,10.7,5.7,-0.5,-3.0,8.0,16.4,5.3,-3.0,-0.4,6.1,18.7,22.0,28.2,32.5,33.5,32.4,27.7,22.8,13.4,8.9,22.9,32.8,21.3,8.6,5.2,3.6,2.6,6.4,3.9,1.1,1.8,2.8,2.2,1.8,1.4,4.0,12.9,5.7,5.4,13.9,71.9,37.3,23.5,51.6,19.6,7.7,13.9,14.6,3.4,8.6,12.7,38.6,94.6,36.2,24.7,174.5
AFGHANISTAN,2009,0.8,4.6,9.7,11.8,18.9,21.6,25.1,24.4,19.5,13.2,6.9,3.6,13.5,23.7,13.2,2.9,-4.7,-1.4,3.4,5.3,11.5,13.7,16.8,16.0,10.7,3.7,-0.6,-2.0,6.7,15.5,4.6,-2.8,6.3,10.7,16.0,18.3,26.3,29.6,33.5,32.9,28.4,22.7,14.4,9.1,20.2,32.0,21.8,8.7,5.0,4.9,5.9,10.1,5.2,3.0,1.3,2.3,0.8,1.1,2.5,4.3,21.1,6.6,4.4,13.6,60.9,74.9,56.9,84.1,34.3,14.7,4.6,4.1,2.3,5.7,21.4,43.0,175.3,23.3,29.4,147.2
AFGHANISTAN,2010,2.3,2.8,10.3,15.4,19.0,22.9,24.9,23.6,18.4,15.3,7.1,2.3,14.9,23.8,13.6,1.3,-3.9,-2.6,4.0,8.2,11.7,14.9,17.0,15.4,9.7,6.9,-0.8,-5.3,8.0,15.8,5.3,-5.2,8.6,8.3,16.7,22.8,26.3,31.0,32.9,31.9,27.2,23.8,15.0,9.9,21.9,32.0,22.0,7.8,3.7,5.6,4.8,5.5,6.5,2.0,2.3,2.3,1.4,1.5,1.2,1.2,16.8,6.6,4.1,11.5,33.6,70.6,49.6,37.3,43.2,13.0,19.4,13.1,4.4,5.9,10.0,12.1,130.1,45.6,20.3,137.1
AFGHANISTAN,2011,-0.1,1.7,8.0,14.3,20.3,24.0,25.0,24.6,19.2,13.8,6.2,0.3,14.2,24.5,13.1,-0.5,-6.2,-4.0,0.7,7.0,12.7,15.6,16.9,16.6,10.6,5.7,0.4,-6.0,6.8,16.4,5.6,-6.5,6.0,7.5,15.3,21.7,28.0,32.3,33.1,32.6,27.8,21.9,12.1,6.7,21.7,32.7,20.6,5.5,3.5,6.8,5.4,5.8,4.5,1.8,1.9,1.9,1.1,2.2,4.1,1.9,15.7,5.6,7.4,11.4,28.8,96.2,56.2,40.5,27.7,7.5,6.3,8.0,4.4,17.9,25.7,14.7,124.4,21.9,48.1,127.2
AFGHANISTAN,2012,-1.1,-0.7,7.0,14.8,18.8,22.8,25.6,24.3,18.7,13.5,7.0,1.6,13.6,24.2,13.0,2.1,-7.0,-6.4,1.0,7.5,11.5,14.6,17.7,15.9,10.0,4.3,0.2,-4.6,6.7,16.1,4.8,-3.9,4.9,5.0,13.1,22.1,26.2,31.0,33.5,32.8,27.3,22.8,13.7,7.9,20.5,32.5,21.3,8.2,4.2,5.3,4.9,7.7,6.6,1.3,1.2,1.4,1.2,1.6,3.5,3.9,19.2,3.9,6.3,12.7,46.9,65.6,61.9,62.7,42.2,4.8,6.1,7.4,5.6,10.1,24.8,51.6,166.8,18.3,40.5,180.2
AFGHANISTAN,2013,1.2,3.6,9.3,13.0,18.8,23.6,25.6,23.5,20.7,14.1,7.2,2.1,13.7,24.2,14.0,0.5,-5.0,-2.1,3.2,6.7,11.0,15.7,17.6,16.0,11.8,5.3,-0.1,-3.7,7.0,16.5,5.7,-5.6,7.4,9.3,15.5,19.4,26.7,31.5,33.6,31.0,29.6,22.8,14.5,8.0,20.5,32.0,22.3,6.6,2.9,5.9,6.5,7.6,3.2,2.2,1.6,1.3,0.7,1.6,3.0,2.4,17.2,5.0,5.3,9.7,33.6,95.0,66.7,59.5,27.2,12.1,7.9,10.8,3.0,18.9,27.9,21.1,153.5,30.7,49.7,102.8
AFGHANISTAN,2014,0.6,-1.2,7.4,13.4,19.0,24.0,25.1,24.2,19.9,13.2,5.7,1.9,13.3,24.4,13.0,2.3,-5.7,-7.3,1.5,5.4,10.9,15.8,17.2,15.6,10.8,5.9,-1.3,-4.9,5.9,16.2,5.1,-3.4,7.0,4.9,13.3,21.5,27.1,32.1,33.0,32.8,29.2,20.6,12.7,8.7,20.6,32.7,20.8,8.1,3.3,4.0,6.3,7.4,4.2,1.4,1.6,2.3,0.9,2.5,4.4,2.2,18.0,5.3,7.8,12.1,30.1,51.6,56.4,55.6,33.1,6.7,6.6,7.0,4.4,13.2,37.6,16.3,145.1,20.3,55.2,170.5
AFGHANISTAN,2015,0.9,4.2,6.6,14.6,19.3,23.8,25.7,23.6,18.6,13.8,6.8,2.8,13.5,24.4,13.1,3.4,-4.7,-0.7,1.0,5.6,11.6,15.8,18.2,15.0,9.4,5.9,0.4,-3.3,6.1,16.3,5.2,-3.0,6.5,9.1,12.1,23.6,27.0,31.9,33.2,32.3,27.8,21.8,13.2,9.0,20.9,32.5,21.0,9.7,4.1,5.8,7.2,6.4,4.3,1.6,1.8,2.0,1.0,2.6,3.7,2.9,17.9,5.4,7.3,10.6,43.5,110.6,67.4,51.4,38.0,7.9,9.6,14.4,4.9,17.1,34.5,25.9,156.9,31.9,56.5,108.5
AFGHANISTAN,2016,2.9,4.3,9.1,13.9,20.0,23.8,25.7,23.9,20.8,12.9,5.6,4.2,14.3,24.4,13.1,2.1,-3.2,-2.5,3.2,6.5,11.9,15.5,17.5,15.4,12.0,5.4,-0.9,-2.2,7.2,16.1,5.5,-3.9,9.0,11.2,15.1,21.4,28.2,32.2,33.8,32.4,29.7,20.5,12.1,10.5,21.5,32.8,20.8,8.2,4.5,3.2,8.1,6.9,5.4,1.7,2.0,0.9,0.9,0.9,3.4,2.8,20.4,4.7,5.2,12.9,53.1,29.5,90.8,71.7,38.1,8.5,10.0,5.7,2.1,3.8,33.6,37.0,200.6,24.3,39.6,161.6
AFGHANISTAN,2017,0.4,1.8,7.8,14.3,20.4,23.7,25.7,23.8,19.5,14.5,7.9,2.0,14.1,24.4,14.0,2.2,-6.1,-3.5,2.0,7.5,12.2,15.7,17.3,15.1,10.4,4.8,0.5,-5.3,7.2,16.0,5.3,-4.3,6.8,7.1,13.6,21.0,28.7,31.8,34.0,32.5,28.6,24.1,15.3,9.3,21.1,32.8,22.7,8.8,4.9,5.2,5.9,6.5,4.1,1.4,1.3,0.9,1.0,0.9,2.9,1.8,16.5,3.6,4.8,9.5,61.5,63.0,62.7,43.1,31.7,4.8,5.8,4.1,3.2,3.3,18.0,19.1,137.5,14.7,24.5,93.3
AFGHANISTAN,2018,1.0,3.7,11.3,14.3,18.4,23.7,26.4,24.3,19.3,13.0,6.4,3.2,14.7,24.8,12.9,2.6,-5.6,-2.2,5.0,7.5,10.4,15.7,18.4,16.4,10.0,5.3,-0.8,-3.5,7.6,16.8,4.8,-3.7,7.5,9.7,17.6,21.2,26.6,31.7,34.4,32.3,28.6,20.7,13.5,10.0,21.8,32.8,20.9,8.9,2.7,5.0,6.1,6.0,5.1,1.2,1.3,0.9,0.8,2.1,3.7,2.2,17.2,3.4,6.6,12.2,20.4,53.9,60.0,43.1,36.6,5.3,4.6,4.9,2.2,9.9,24.3,20.6,139.7,14.9,36.4,149.8
AFGHANISTAN,2019,2.2,2.4,8.1,13.8,18.5,22.8,26.5,24.0,20.1,14.3,5.0,3.4,13.5,24.5,13.1,2.5,-4.1,-3.6,2.3,7.4,11.4,14.4,18.1,16.6,11.0,5.7,-2.5,-2.9,7.0,16.4,4.7,-3.6,8.4,8.4,14.0,20.3,25.7,31.3,35.0,31.5,29.3,23.0,12.5,9.7,20.0,32.6,21.6,8.6,4.3,5.7,7.3,9.2,4.5,2.8,1.5,1.1,0.5,2.3,4.2,2.7,21.1,5.4,7.1,12.6,62.0,67.2,71.9,77.3,32.0,8.0,6.3,5.6,0.7,14.9,42.5,21.6,181.2,19.9,58.2,148.9
AFGHANISTAN,2020,-0.5,4.5,8.1,13.5,18.9,23.6,25.8,24.2,18.5,12.0,5.1,0.4,13.5,24.5,11.9,1.7,-6.3,-1.6,2.0,7.2,11.0,15.6,18.1,16.4,9.4,3.3,-2.2,-5.8,6.7,16.7,3.5,-4.9,5.4,10.5,14.2,19.8,26.8,31.6,33.5,32.0,27.6,20.8,12.4,6.6,20.3,32.4,20.3,8.4,5.1,4.8,6.7,8.5,5.8,1.2,1.6,1.2,1.1,0.9,3.5,3.5,21.0,4.0,5.4,8.7,70.8,56.5,82.5,74.9,37.2,6.9,4.0,5.1,3.1,5.2,33.4,29.5,194.6,16.1,41.7,76.4
AFGHANISTAN,2021,-0.5,5.4,9.2,15.1,19.8,24.4,26.4,24.6,20.9,12.3,6.1,4.0,14.7,25.1,13.1,3.3,-7.7,-1.2,2.9,7.4,12.0,15.9,18.8,16.4,11.5,3.7,-1.7,-2.6,7.4,17.0,4.5,-2.8,6.6,12.0,15.5,22.7,27.7,33.0,33.9,32.8,30.3,20.9,13.9,10.6,22.0,33.2,21.7,9.5,2.2,3.1,6.2,4.6,4.8,1.0,1.6,1.0,0.7,2.0,2.2,2.0,15.5,3.5,4.9,10.4,18.8,28.2,73.9,32.6,33.1,3.4,5.1,7.3,1.9,6.7,15.0,16.7,139.5,15.8,23.6,118.3
AFGHANISTAN,2022,1.5,4.5,9.5,17.3,19.2,24.0,25.0,23.6,20.6,14.3,8.1,1.8,15.4,24.2,14.3,1.4,-4.0,-1.8,3.8,10.3,12.1,15.9,17.2,15.8,11.8,6.1,1.4,-4.1,8.7,16.3,6.4,-4.5,7.1,10.8,15.2,24.5,26.4,32.1,32.8,31.4,29.4,22.5,14.9,7.7,22.0,32.1,22.2,7.3,5.0,3.3,5.4,5.0,4.0,2.7,2.1,1.7,0.8,2.2,4.1,2.4,14.4,6.5,7.0,11.2,66.0,35.6,49.6,27.0,34.9,10.4,11.6,13.1,1.8,11.8,33.2,18.5,111.5,35.1,46.8,110.2
AFGHANISTAN,2023,-2.7,5.0,11.1,14.8,18.7,24.4,26.0,24.7,19.9,15.1,9.8,4.4,14.9,25.0,14.9,3.4,-8.9,-0.5,4.4,7.7,11.1,16.4,18.5,17.0,11.5,7.3,2.7,-2.8,7.8,17.3,7.2,-3.1,3.6,10.6,17.8,22.0,26.3,32.5,33.6,32.4,28.2,22.9,16.9,11.6,22.0,32.8,22.7,10.0,4.2,4.6,6.5,5.3,4.8,1.8,2.0,1.1,0.7,3.1,3.3,2.6,16.7,5.0,7.0,12.4,40.5,51.2,57.8,37.2,29.6,8.5,7.6,3.3,0.9,21.0,18.7,25.7,124.6,19.5,40.5,125.4
AFGHANISTAN,2024,2.9,3.0,8.1,13.6,18.7,24.2,26.3,24.6,19.8,15.2,9.1,1.3,13.5,25.0,14.7,-999.0,-3.9,-2.6,2.2,6.6,11.8,15.8,18.5,17.0,10.9,7.9,2.3,-5.5,6.9,17.1,7.0,-999.0,9.8,8.6,14.0,20.7,25.7,32.6,34.2,32.3,28.7,22.6,15.9,8.2,20.1,33.0,22.4,-999.0,4.3,5.5,7.5,7.7,4.6,2.2,1.8,1.8,1.0,4.1,3.3,2.8,19.8,5.8,8.4,-999.0,34.8,64.9,75.6,74.1,27.3,9.1,8.9,9.4,4.0,22.1,19.6,19.5,177.1,27.5,45.7,-999.0
CHINA,1901,-7.3,-5.5,1.5,8.2,13.4,17.3,19.7,18.9,14.5,7.8,0.6,-6.0,7.7,18.6,7.6,-5.9,-13.5,-11.8,-4.9,1.8,7.0,11.4,14.2,13.3,8.6,1.7,-5.5,-12.1,1.3,12.9,1.6,-12.1,-1.2,0.8,7.8,14.7,19.7,23.3,25.2,24.6,20.4,13.9,6.7,0.1,14.1,24.4,13.7,0.3,5.9,4.5,6.2,8.4,10.0,12.1,14.1,12.7,10.0,7.5,5.2,4.4,24.6,38.9,22.6,14.2,12.2,9.8,21.9,50.2,62.2,88.4,124.1,96.0,52.4,35.1,13.6,8.5,134.4,308.5,101.0,27.0
CHINA,1902,-7.0,-4.8,1.8,7.8,13.3,17.3,19.4,18.6,14.5,8.1,0.7,-5.4,7.6,18.4,7.8,-5.9,-13.2,-11.1,-4.6,1.4,7.0,11.3,13.9,12.9,8.6,2.0,-5.3,-11.5,1.3,12.7,1.7,-12.1,-0.8,1.6,8.1,14.2,19.7,23.3,25.0,24.2,20.4,14.3,6.7,0.6,14.0,24.2,13.8,0.3,5.0,4.8,6.6,7.7,10.8,12.0,13.7,12.3,9.9,7.5,5.5,6.3,25.0,38.0,22.8,17.7,8.8,9.7,22.8,38.0,80.1,84.9,104.9,88.9,51.5,32.2,17.5,20.7,140.9,278.7,101.3,49.2
CHINA,1903,-7.5,-4.7,1.1,8.1,13.2,17.3,19.6,18.7,14.6,7.9,-0.0,-6.2,7.4,18.5,7.5,-6.2,-13.7,-11.0,-5.2,1.7,6.8,11.3,14.1,13.1,8.7,1.8,-6.1,-12.3,1.1,12.8,1.5,-12.5,-1.3,1.6,7.4,14.5,19.5,23.2,25.1,24.4,20.5,14.0,6.0,-0.0,13.8,24.3,13.5,-0.0,5.8,5.6,7.5,7.9,10.5,12.5,13.9,13.9,11.1,7.6,5.5,4.0,25.8,40.2,24.2,14.1,11.9,16.6,34.6,43.8,74.4,100.2,110.8,121.1,71.9,35.9,15.3,6.0,152.8,332.1,123.1,25.7
CHINA,1904,-8.0,-4.6,0.7,7.9,13.3,17.6,19.5,18.8,14.5,7.7,0.4,-5.6,7.3,18.6,7.5,-6.1,-14.2,-10.9,-5.6,1.5,7.0,11.6,13.9,13.2,8.6,1.6,-5.7,-11.7,1.0,12.9,1.5,-12.2,-1.8,1.7,7.1,14.3,19.7,23.6,25.1,24.5,20.4,13.8,6.5,0.5,13.7,24.4,13.6,0.1,4.8,5.3,7.3,8.7,10.2,12.2,13.8,13.3,11.0,7.9,5.1,5.2,26.3,39.3,24.0,16.5,8.0,11.8,33.5,54.9,63.2,87.4,112.8,104.6,67.2,39.9,14.0,10.5,151.6,304.8,121.1,41.6
CHINA,1905,-6.6,-6.0,-0.0,6.9,13.2,17.6,19.7,18.6,14.5,8.1,0.3,-5.4,6.7,18.6,7.6,-6.5,-12.8,-12.1,-6.2,0.6,6.8,11.5,14.1,12.9,8.5,1.9,-5.9,-11.3,0.4,12.8,1.5,-12.6,-0.4,0.2,6.2,13.3,19.6,23.7,25.4,24.4,20.4,14.3,6.4,0.5,13.0,24.5,13.7,-0.4,5.9,5.4,7.8,8.3,10.2,12.3,13.7,13.1,11.1,7.7,5.5,6.3,26.3,39.2,24.3,18.2,14.6,16.5,42.8,46.4,64.6,93.0,106.5,100.5,74.8,35.6,15.3,19.1,153.8,300.0,125.6,58.3
CHINA,1906,-8.0,-6.1,0.8,8.1,13.4,17.6,19.7,18.8,14.5,8.1,-0.5,-5.1,7.5,18.7,7.4,-5.9,-14.2,-12.3,-5.5,1.6,7.1,11.5,14.1,13.1,8.7,1.8,-6.6,-11.2,1.1,12.9,1.3,-12.0,-1.8,0.1,7.2,14.6,19.9,23.7,25.5,24.6,20.4,14.4,5.5,1.0,13.9,24.6,13.4,0.3,5.8,6.1,7.0,8.0,10.4,12.3,14.1,12.8,10.6,7.2,5.1,4.9,25.3,39.2,22.9,16.5,14.7,24.5,29.1,46.7,73.3,87.6,113.9,100.0,68.8,32.1,14.1,9.1,149.2,301.6,115.1,39.5
CHINA,1907,-6.7,-5.8,0.6,7.9,13.3,17.1,19.3,19.1,14.4,8.3,-0.0,-6.0,7.3,18.5,7.6,-6.4,-12.9,-11.9,-5.8,1.4,6.8,11.0,13.7,13.3,8.4,2.3,-5.9,-12.1,0.8,12.7,1.6,-12.5,-0.6,0.4,7.0,14.4,19.8,23.3,25.0,24.9,20.4,14.4,5.9,0.2,13.8,24.4,13.6,-0.2,6.3,5.3,6.4,8.2,10.4,12.2,13.7,13.1,11.1,9.2,6.1,5.2,25.0,39.0,26.4,17.6,16.4,14.0,23.5,44.8,72.5,87.4,108.0,100.6,71.3,58.2,23.1,10.7,140.8,296.0,152.6,47.3
CHINA,1908,-7.7,-5.5,0.5,7.8,13.3,17.6,19.7,19.0,14.4,8.1,-0.0,-5.2,7.2,18.7,7.5,-6.0,-13.8,-11.6,-5.8,1.4,6.8,11.5,14.0,13.1,8.5,1.9,-6.1,-11.4,0.8,12.9,1.4,-12.2,-1.5,0.7,6.9,14.3,19.9,23.7,25.4,24.9,20.4,14.2,6.1,1.0,13.7,24.6,13.6,0.2,6.4,6.0,6.1,8.2,9.4,12.7,14.1,12.8,11.5,8.0,6.1,5.2,23.7,39.6,25.7,16.0,18.1,18.4,21.4,48.9,55.4,98.6,117.1,93.9,76.0,39.8,24.3,13.4,125.7,309.5,140.1,42.3
CHINA,1909,-7.9,-4.9,0.3,7.9,13.3,17.1,19.8,19.1,14.6,8.0,1.0,-6.0,7.2,18.7,7.9,-6.4,-14.0,-11.3,-6.0,1.4,6.7,11.0,14.1,13.3,8.6,1.9,-5.3,-12.1,0.7,12.8,1.7,-12.6,-1.8,1.4,6.6,14.3,19.9,23.1,25.5,25.1,20.7,14.1,7.3,0.1,13.6,24.6,14.0,-0.2,5.6,5.3,6.8,7.5,9.8,13.1,13.8,12.7,11.1,8.6,6.0,4.3,24.1,39.6,25.7,15.6,14.2,14.8,28.5,38.6,64.3,112.9,109.3,95.5,68.8,50.7,19.5,7.2,131.3,317.8,138.9,37.2
CHINA,1910,-7.8,-5.4,0.3,7.5,13.4,17.2,19.8,18.9,14.1,8.1,-0.2,-7.0,7.1,18.6,7.3,-6.6,-13.9,-11.7,-6.0,1.1,7.0,11.1,14.0,13.2,8.1,1.8,-6.2,-13.1,0.7,12.8,1.2,-12.8,-1.7,1.0,6.7,13.9,19.9,23.3,25.5,24.7,20.2,14.3,5.8,-0.9,13.5,24.5,13.4,-0.5,5.9,5.4,6.6,7.9,9.5,12.8,14.2,13.4,10.6,7.6,6.3,4.5,24.0,40.5,24.4,15.9,15.8,14.2,24.6,43.4,54.6,99.6,112.9,107.2,63.7,35.2,22.6,8.9,122.5,319.8,121.5,34.6
CHINA,1911,-7.8,-5.1,0.4,7.9,13.2,17.3,19.4,18.7,14.6,7.6,0.3,-6.4,7.2,18.5,7.5,-5.9,-14.0,-11.4,-5.8,1.5,6.8,11.4,13.7,13.0,8.8,1.3,-5.8,-12.3,0.8,12.7,1.4,-12.1,-1.6,1.1,6.6,14.3,19.7,23.3,25.1,24.4,20.6,13.8,6.3,-0.4,13.5,24.3,13.6,0.3,5.9,5.4,7.8,8.2,10.7,12.8,14.3,14.0,11.1,8.0,6.8,5.3,26.7,41.0,25.9,17.6,12.1,13.6,36.9,41.8,80.3,101.9,119.3,124.2,71.2,41.2,26.5,13.2,159.0,345.5,138.9,49.1
CHINA,1912,-7.5,-3.9,0.6,8.1,13.4,17.6,19.7,18.6,13.7,7.3,-0.9,-6.6,7.4,18.6,6.7,-6.5,-13.7,-10.3,-5.7,1.6,7.0,11.6,13.9,12.8,7.6,1.1,-6.9,-12.6,0.9,12.8,0.6,-12.7,-1.2,2.6,7.0,14.7,19.9,23.7,25.5,24.5,19.7,13.6,5.1,-0.7,13.9,24.6,12.8,-0.4,5.9,6.5,7.2,7.8,10.5,12.8,13.6,13.0,10.4,7.1,5.8,5.9,25.5,39.4,23.3,17.0,15.2,20.7,34.8,38.7,66.3,106.1,102.9,100.1,60.2,29.6,19.5,16.6,139.8,309.1,109.2,43.4
CHINA,1913,-7.8,-5.1,0.2,7.7,13.0,17.1,19.4,18.8,14.3,8.0,0.1,-6.0,7.0,18.4,7.5,-5.5,-14.1,-11.4,-6.2,1.3,6.5,11.1,13.6,12.9,8.2,1.6,-6.2,-12.2,0.5,12.5,1.2,-11.8,-1.6,1.2,6.7,14.1,19.6,23.2,25.1,24.8,20.4,14.5,6.3,0.1,13.5,24.4,13.7,0.8,5.4,5.8,7.2,8.4,9.8,12.7,13.6,12.2,10.5,6.8,6.1,6.0,25.4,38.6,23.4,17.1,10.7,16.1,31.5,49.4,63.2,98.4,103.5,90.0,64.0,28.3,21.8,15.8,144.1,291.9,114.0,45.6
CHINA,1914,-6.2,-4.2,1.4,8.0,13.6,17.8,20.0,19.0,14.4,8.2,-0.3,-6.1,7.7,18.9,7.4,-6.6,-12.8,-10.5,-5.0,1.4,7.0,11.7,14.2,13.1,8.4,2.0,-6.2,-12.2,1.2,13.0,1.4,-12.7,0.3,2.1,7.7,14.7,20.2,23.9,25.8,24.8,20.5,14.4,5.7,-0.0,14.2,24.8,13.5,-0.5,4.6,6.4,7.1,7.6,10.0,12.8,14.0,12.8,10.8,8.0,7.0,5.7,24.7,39.6,25.8,16.8,7.6,22.1,27.5,40.7,67.0,97.5,117.0,95.6,66.9,40.7,32.0,14.2,135.1,310.1,139.5,38.1
CHINA,1915,-8.2,-5.4,0.4,7.5,13.3,17.4,19.7,18.8,14.4,8.4,1.0,-4.8,7.1,18.6,7.9,-5.7,-14.4,-11.7,-6.0,1.2,6.8,11.3,14.0,13.1,8.3,2.3,-5.0,-11.1,0.7,12.8,1.9,-11.9,-2.1,0.8,6.8,13.8,19.7,23.5,25.4,24.6,20.4,14.5,7.0,1.6,13.5,24.5,14.0,0.6,5.4,5.7,6.8,8.3,10.7,12.7,14.7,13.2,11.1,8.6,6.4,4.5,25.8,40.6,26.0,16.8,8.9,15.1,26.3,48.2,73.7,100.8,124.7,102.5,72.6,50.2,28.0,7.7,148.2,328.1,150.8,40.4
CHINA,1916,-7.1,-5.2,0.2,7.7,13.5,17.4,19.7,19.3,14.5,8.0,0.2,-6.6,7.1,18.8,7.5,-6.8,-13.4,-11.3,-6.1,1.3,7.1,11.3,13.9,13.4,8.5,1.7,-5.9,-12.7,0.8,12.9,1.4,-13.1,-0.8,1.0,6.5,14.1,20.0,23.5,25.6,25.3,20.4,14.3,6.3,-0.5,13.6,24.8,13.7,-0.5,6.0,6.4,6.4,8.4,10.2,12.9,13.3,12.6,11.3,7.5,5.4,5.0,25.1,38.7,24.2,15.0,13.1,19.5,21.4,47.4,64.7,105.5,99.3,90.9,73.1,35.2,15.9,8.5,133.6,295.8,124.2,30.9
CHINA,1917,-8.7,-5.0,0.6,7.6,13.2,17.7,19.9,19.2,14.6,7.9,-0.4,-7.1,7.1,18.9,7.4,-6.8,-15.1,-11.4,-6.0,1.1,6.6,11.6,14.3,13.5,8.7,1.8,-6.6,-13.2,0.6,13.1,1.3,-13.1,-2.4,1.5,7.1,14.2,20.0,23.9,25.5,25.0,20.5,14.1,5.7,-1.1,13.7,24.8,13.4,-0.4,4.7,5.3,6.5,7.5,9.0,12.5,15.2,13.2,10.9,7.5,4.7,5.0,23.0,40.9,23.1,13.2,8.0,14.3,25.8,42.6,51.1,100.3,144.1,102.8,64.2,32.9,11.6,9.5,119.5,347.2,108.6,24.0
CHINA,1918,-8.3,-4.8,1.3,7.8,13.3,17.2,19.6,18.9,14.4,8.1,-0.5,-6.8,7.5,18.5,7.3,-6.8,-14.8,-11.3,-5.0,1.4,7.0,11.2,13.9,13.2,8.5,1.7,-6.5,-12.7,1.1,12.8,1.2,-13.0,-1.8,1.6,7.6,14.3,19.6,23.1,25.4,24.6,20.3,14.6,5.5,-0.9,13.8,24.4,13.5,-0.7,3.2,5.0,7.4,7.8,11.4,12.5,13.8,14.0,11.0,6.3,7.1,5.7,26.6,40.2,24.3,16.5,3.5,11.0,30.9,40.9,91.6,96.7,108.2,131.0,69.3,24.0,31.1,16.2,163.4,335.9,124.4,44.2
CHINA,1919,-8.8,-4.9,1.5,8.2,13.5,17.7,20.0,19.6,14.3,8.0,0.1,-6.1,7.7,19.1,7.5,-6.5,-14.9,-11.4,-4.9,1.7,6.9,11.6,14.2,13.7,8.2,1.7,-6.2,-12.2,1.3,13.1,1.2,-12.7,-2.8,1.6,7.8,14.6,20.1,23.8,25.8,25.5,20.4,14.3,6.4,-0.0,14.2,25.0,13.7,-0.4,5.2,5.6,6.8,7.9,10.3,12.9,13.6,12.8,10.7,7.1,5.8,4.6,25.1,39.3,23.6,16.7,11.1,17.0,29.6,43.5,66.5,103.5,104.8,98.8,60.8,30.0,20.3,8.5,139.7,307.2,111.2,42.6
CHINA,1920,-7.0,-6.5,1.0,7.9,13.5,17.3,20.2,18.9,14.5,8.5,0.5,-5.9,7.5,18.8,7.8,-6.0,-13.4,-12.5,-5.2,1.4,7.1,11.2,14.5,13.2,8.6,2.1,-5.6,-11.8,1.1,12.9,1.7,-12.3,-0.6,-0.4,7.2,14.4,20.0,23.4,26.0,24.7,20.4,14.9,6.6,0.1,13.9,24.7,13.9,0.2,5.2,6.9,7.3,7.7,9.6,12.7,13.7,12.7,11.7,7.4,6.3,6.0,24.6,39.1,25.4,16.0,8.3,25.8,32.4,41.6,62.8,99.9,109.7,94.2,81.7,33.4,24.5,18.1,136.8,303.7,139.5,39.2
CHINA,1921,-7.4,-4.9,0.9,8.2,13.6,17.3,20.0,19.1,14.4,7.8,-0.1,-5.5,7.6,18.8,7.4,-6.0,-13.7,-11.4,-5.5,1.8,7.2,11.3,14.2,13.3,8.4,1.6,-6.2,-11.6,1.1,12.9,1.3,-12.1,-1.0,1.7,7.4,14.7,20.0,23.4,25.8,24.9,20.3,14.1,6.0,0.5,14.0,24.7,13.5,0.1,5.0,5.0,6.9,7.6,11.0,12.4,13.6,13.1,11.1,7.3,4.8,4.4,25.6,39.1,23.2,15.9,8.7,12.5,27.5,39.9,87.3,93.9,107.1,107.1,74.2,31.4,12.8,7.0,154.7,308.0,118.5,42.1
CHINA,1922,-8.7,-3.9,1.1,8.7,13.6,17.8,20.0,19.1,14.5,8.4,-0.4,-5.7,7.8,19.0,7.5,-6.3,-14.7,-10.1,-5.3,2.2,7.2,11.6,14.3,13.4,8.5,2.0,-6.7,-12.1,1.4,13.1,1.3,-12.7,-2.6,2.4,7.5,15.3,19.9,24.1,25.8,24.8,20.5,14.8,5.8,0.6,14.3,24.9,13.7,-0.0,5.4,6.1,6.9,7.6,10.3,12.2,14.2,13.5,10.9,6.9,4.9,4.6,24.8,39.9,22.7,14.3,14.3,20.8,27.9,34.5,66.1,91.6,113.7,114.2,70.0,31.1,11.3,9.9,128.5,319.5,112.4,33.0
CHINA,1923,-7.8,-5.4,2.3,8.0,13.7,17.5,19.7,19.5,14.4,8.0,0.5,-5.6,8.0,18.9,7.6,-6.1,-14.3,-11.7,-4.2,1.6,7.3,11.5,14.0,13.7,8.4,1.7,-5.5,-11.7,1.6,13.1,1.5,-12.2,-1.4,0.8,8.8,14.4,20.2,23.6,25.5,25.3,20.3,14.3,6.5,0.6,14.4,24.8,13.7,0.0,3.8,5.9,7.0,8.4,9.9,12.5,14.1,13.3,10.6,7.4,5.4,5.2,25.2,39.9,23.4,16.9,5.8,17.4,24.9,49.5,60.5,95.8,115.2,111.5,59.2,33.4,15.5,10.2,134.9,322.5,108.1,44.3
CHINA,1924,-7.3,-5.4,0.4,8.3,13.5,17.9,20.1,19.5,14.8,8.0,0.1,-5.5,7.4,19.1,7.6,-6.6,-13.5,-11.4,-5.8,1.9,7.2,11.8,14.6,13.7,8.8,1.9,-6.2,-11.7,1.1,13.4,1.5,-12.8,-1.1,0.6,6.6,14.8,19.8,24.0,25.5,25.3,20.9,14.2,6.3,0.7,13.7,24.9,13.8,-0.4,5.5,6.3,6.1,7.8,10.0,12.6,14.8,12.8,10.1,7.9,4.5,4.1,23.9,40.2,22.5,15.0,11.0,23.1,20.8,41.7,65.8,107.7,134.6,95.8,56.1,37.1,9.4,7.4,128.3,338.1,102.7,36.9
CHINA,1925,-8.1,-6.1,1.0,7.6,13.5,17.9,19.9,19.0,14.8,8.6,1.2,-5.4,7.4,19.0,8.2,-5.6,-14.2,-12.5,-5.4,1.1,7.2,11.7,14.2,13.4,8.8,2.1,-4.9,-11.7,1.0,13.1,2.0,-11.9,-2.1,0.3,7.5,14.1,19.7,24.1,25.7,24.7,20.9,15.1,7.3,0.9,13.8,24.8,14.4,0.6,5.8,5.1,7.3,7.7,10.5,12.1,13.3,13.4,10.3,6.7,5.9,4.9,25.5,38.7,22.9,16.7,16.0,13.5,33.7,41.1,71.6,85.7,99.7,106.5,56.3,27.9,19.7,8.5,146.4,292.0,103.9,39.1
CHINA,1926,-7.1,-4.5,1.6,7.7,13.9,17.4,19.9,19.5,15.2,7.6,0.2,-6.4,7.8,19.0,7.7,-6.6,-13.3,-10.8,-4.8,1.1,7.5,11.3,14.1,13.7,9.3,1.5,-5.8,-12.3,1.3,13.1,1.7,-12.6,-0.8,1.7,8.0,14.4,20.4,23.6,25.8,25.4,21.1,13.7,6.2,-0.5,14.2,24.9,13.7,-0.7,5.3,6.4,7.0,7.3,10.5,12.0,14.1,13.2,11.1,7.8,6.2,6.0,24.8,39.3,25.0,17.3,9.8,20.8,29.1,39.2,70.3,90.0,116.6,105.6,67.8,40.2,19.9,14.5,138.6,312.2,127.8,45.9
CHINA,1927,-7.8,-5.6,0.1,8.1,13.3,17.8,20.5,19.3,14.9,8.5,1.1,-5.3,7.2,19.2,8.1,-5.9,-13.8,-11.6,-6.0,1.8,6.9,11.6,14.7,13.5,8.7,2.1,-5.2,-11.5,0.9,13.3,1.9,-12.1,-1.8,0.4,6.3,14.5,19.7,23.9,26.3,25.2,21.0,14.8,7.4,0.8,13.5,25.2,14.4,0.2,5.3,6.0,7.7,8.2,10.3,11.9,14.0,12.5,10.8,7.8,5.6,5.2,26.2,38.4,24.2,17.4,9.6,21.8,35.2,46.4,72.2,86.3,115.1,88.5,65.4,36.6,16.9,9.9,153.8,289.9,118.9,40.7
CHINA,1928,-7.5,-4.9,1.3,8.6,13.9,17.5,20.2,19.1,14.6,7.9,0.1,-6.2,7.9,18.9,7.6,-6.7,-13.5,-11.2,-4.9,2.0,7.4,11.4,14.4,13.4,8.7,1.5,-6.0,-12.1,1.5,13.1,1.4,-12.8,-1.5,1.4,7.5,15.2,20.4,23.7,26.0,24.8,20.6,14.3,6.2,-0.4,14.4,24.8,13.7,-0.7,6.6,5.7,6.7,7.8,10.1,12.3,13.6,13.8,10.8,6.3,6.0,4.4,24.6,39.7,23.2,15.7,16.6,14.1,25.6,39.0,68.5,89.9,101.7,117.5,64.9,26.2,20.3,8.4,133.1,309.0,111.4,35.6
CHINA,1929,-8.2,-5.7,1.8,8.6,13.7,17.9,20.0,19.1,14.5,7.9,0.1,-7.0,8.0,19.0,7.5,-6.9,-14.3,-12.0,-4.7,2.0,7.4,11.9,14.5,13.6,8.6,1.6,-6.2,-12.9,1.6,13.3,1.4,-13.0,-2.2,0.6,8.3,15.1,20.1,24.0,25.5,24.7,20.5,14.2,6.3,-1.2,14.5,24.8,13.7,-0.9,5.8,5.5,5.4,7.1,10.3,12.5,14.5,13.3,10.3,6.4,4.8,6.3,22.9,40.3,21.5,17.8,12.6,14.6,14.4,31.7,71.7,90.9,127.8,105.0,59.9,23.3,13.3,15.8,117.8,323.7,96.5,45.4
CHINA,1930,-9.3,-4.4,1.8,8.2,13.9,17.6,20.5,19.1,14.3,8.1,-0.1,-5.9,7.9,19.1,7.4,-6.9,-15.4,-10.7,-4.5,1.9,7.6,11.7,14.8,13.5,8.4,1.8,-6.1,-11.9,1.7,13.3,1.4,-13.0,-3.2,1.8,8.1,14.4,20.2,23.6,26.3,24.7,20.2,14.4,5.9,0.1,14.2,24.8,13.5,-0.8,5.4,6.1,7.8,8.2,10.1,12.3,13.1,13.5,10.7,7.6,5.4,5.2,26.1,38.9,23.7,15.8,13.3,16.2,37.6,46.9,64.8,89.6,98.6,110.6,64.3,34.6,16.8,11.0,149.2,298.8,115.7,37.4
CHINA,1931,-8.2,-6.6,1.5,7.9,13.1,17.7,19.5,19.5,14.8,8.2,0.6,-5.6,7.5,18.9,7.9,-5.9,-14.4,-12.7,-4.9,1.7,7.0,11.9,14.0,14.1,9.0,1.9,-5.4,-11.5,1.3,13.3,1.8,-12.0,-2.1,-0.5,8.0,14.1,19.3,23.6,25.1,25.0,20.6,14.6,6.7,0.2,13.8,24.6,14.0,0.3,5.3,5.3,6.9,8.5,10.6,12.8,14.0,13.6,11.3,5.9,5.5,6.0,26.0,40.4,22.8,16.7,10.0,16.4,27.1,54.1,72.8,99.7,120.0,115.2,75.0,21.0,17.0,15.7,154.0,335.0,113.0,43.2
CHINA,1932,-6.1,-5.8,1.3,8.5,13.7,17.8,20.5,18.9,14.7,8.2,0.8,-5.6,7.8,19.1,7.9,-6.7,-12.5,-12.0,-5.3,1.9,7.4,11.8,14.9,13.4,8.9,2.0,-5.5,-11.6,1.4,13.4,1.8,-12.8,0.4,0.3,7.8,15.1,20.1,23.7,26.1,24.4,20.5,14.5,7.0,0.4,14.3,24.8,14.0,-0.6,4.5,6.2,6.4,7.6,10.6,12.8,14.2,13.4,11.0,6.7,4.8,5.9,24.7,40.3,22.5,16.4,6.5,21.0,24.2,37.4,72.3,103.6,115.2,108.6,68.7,29.3,12.5,14.4,133.9,327.4,110.6,39.4
CHINA,1933,-9.4,-5.1,0.5,8.3,13.9,17.8,20.4,19.7,15.1,7.9,0.6,-4.6,7.6,19.3,7.9,-6.0,-15.4,-11.4,-5.9,1.9,7.5,11.9,14.8,13.8,9.0,2.0,-5.6,-10.5,1.2,13.5,1.8,-12.1,-3.4,1.2,6.9,14.6,20.4,23.7,26.0,25.6,21.2,13.8,6.7,1.4,14.0,25.1,13.9,0.2,5.3,5.2,6.4,7.6,10.5,13.1,13.9,12.6,10.5,7.9,5.7,5.9,24.4,39.6,24.2,16.9,10.4,14.6,22.2,38.0,71.3,107.9,106.0,90.0,60.6,38.5,18.8,12.7,131.6,303.9,117.9,37.4
CHINA,1934,-9.3,-4.0,0.6,6.9,14.0,17.6,20.0,19.0,14.6,7.3,-0.4,-4.4,7.1,18.9,7.2,-5.1,-15.4,-10.5,-5.9,0.6,7.6,11.6,14.6,13.3,8.8,1.2,-6.3,-10.5,0.7,13.1,1.2,-11.3,-3.1,2.4,7.0,13.2,20.4,23.7,25.5,24.8,20.4,13.3,5.5,1.8,13.6,24.7,13.1,1.1,5.2,5.8,6.7,7.8,10.7,13.0,14.0,13.3,11.3,7.6,5.8,5.6,25.2,40.3,24.7,17.3,8.8,15.8,26.0,41.3,71.2,108.3,110.9,101.3,68.3,35.4,21.2,13.9,138.5,320.4,124.9,49.4
CHINA,1935,-7.8,-3.1,2.5,7.7,13.6,17.8,20.2,19.5,14.9,9.5,-0.2,-8.2,7.9,19.1,8.1,-7.8,-13.9,-9.5,-4.2,1.3,7.1,11.6,14.6,13.6,8.8,3.4,-5.8,-14.0,1.4,13.3,2.1,-13.8,-1.7,3.2,9.2,14.1,20.2,24.0,25.8,25.3,21.0,15.7,5.4,-2.5,14.5,25.0,14.1,-1.8,5.5,6.2,6.3,7.6,9.6,12.2,14.2,12.4,10.3,8.4,7.1,5.2,23.5,38.8,25.8,16.8,12.8,22.7,25.0,42.3,62.8,101.2,116.9,91.1,56.0,45.9,28.7,12.0,130.0,309.2,130.7,43.6
CHINA,1936,-9.3,-5.7,-0.8,7.7,13.2,17.7,20.0,18.8,15.0,8.9,0.7,-6.0,6.7,18.8,8.2,-6.1,-15.5,-11.9,-7.1,1.3,6.8,11.6,14.2,13.1,8.7,2.0,-5.9,-12.0,0.3,13.0,1.6,-12.3,-3.2,0.4,5.5,14.0,19.6,23.8,25.8,24.5,21.3,15.7,7.3,-0.0,13.0,24.7,14.7,0.0,5.2,6.4,6.1,8.4,10.7,11.6,13.8,13.2,10.5,5.2,4.6,5.9,25.2,38.6,20.3,17.9,8.9,22.7,23.7,47.9,72.8,78.1,104.1,101.7,61.6,17.0,11.0,16.6,144.4,283.9,89.5,52.4
CHINA,1937,-8.1,-4.4,0.3,7.8,13.6,17.5,20.0,19.3,14.9,8.7,-0.6,-6.0,7.2,18.9,7.7,-6.4,-14.2,-10.8,-6.2,1.5,7.0,11.6,14.3,13.9,9.1,2.4,-6.6,-12.2,0.8,13.3,1.7,-12.7,-2.0,2.1,6.8,14.1,20.3,23.4,25.8,24.8,20.7,14.9,5.4,0.1,13.7,24.6,13.7,-0.1,6.1,5.9,6.1,8.2,10.4,12.4,13.7,14.9,11.2,7.0,5.4,5.1,24.7,41.0,23.6,16.5,17.7,18.2,26.3,44.5,70.8,96.7,103.6,145.3,68.8,30.4,18.3,10.5,141.6,345.6,117.5,40.0
CHINA,1938,-8.2,-5.0,1.8,9.6,14.3,17.5,20.4,19.4,14.5,9.0,0.6,-6.2,8.6,19.1,8.0,-5.9,-14.3,-11.6,-4.6,2.8,7.9,11.7,14.7,13.8,8.8,2.8,-5.6,-12.2,2.0,13.4,2.0,-12.2,-2.2,1.6,8.2,16.4,20.7,23.4,26.0,25.0,20.2,15.1,6.9,-0.2,15.1,24.8,14.0,0.4,5.7,5.6,7.5,7.1,10.9,12.6,14.5,13.6,10.6,8.4,4.6,5.1,25.5,40.7,23.7,15.4,12.2,17.3,34.8,29.8,76.0,93.1,120.7,112.9,60.6,43.8,12.9,9.9,140.6,326.6,117.3,35.4
CHINA,1939,-7.6,-3.9,1.3,7.8,13.9,17.7,20.5,20.0,14.8,8.5,0.2,-4.8,7.7,19.4,7.8,-5.5,-14.0,-10.4,-4.8,1.4,7.2,11.6,15.0,13.9,8.6,1.9,-6.0,-11.7,1.3,13.5,1.5,-12.1,-1.2,2.5,7.5,14.2,20.7,23.8,26.2,26.1,21.0,15.1,6.4,1.9,14.2,25.4,14.2,1.0,4.9,5.4,6.1,7.8,10.2,12.3,14.5,12.3,10.7,7.2,6.3,2.9,24.2,39.1,24.2,13.4,8.5,17.1,23.2,44.9,65.9,95.5,128.9,91.1,63.3,32.1,24.1,3.8,133.9,315.5,119.5,28.9
CHINA,1940,-7.4,-4.3,1.6,8.0,13.5,17.9,20.3,18.4,14.6,9.0,0.5,-3.9,7.7,18.9,8.0,-4.9,-13.8,-10.7,-4.9,1.1,6.9,11.6,14.6,12.8,8.6,2.3,-5.7,-10.4,1.0,13.0,1.8,-11.4,-1.0,2.0,8.0,14.9,20.1,24.3,26.1,24.0,20.6,15.7,6.6,2.6,14.3,24.8,14.3,1.6,4.6,5.9,8.0,6.9,9.8,12.0,13.6,13.6,10.5,7.3,6.4,4.9,24.6,39.1,24.2,16.6,7.8,17.3,40.5,31.0,59.8,90.4,111.7,111.1,59.4,37.3,21.7,9.0,131.3,313.2,118.3,45.8
CHINA,1941,-6.4,-4.3,1.8,8.5,13.8,18.4,20.3,19.4,14.7,8.9,0.7,-4.6,8.0,19.4,8.1,-5.9,-12.9,-10.7,-5.1,1.8,7.2,11.9,14.4,13.4,8.3,2.2,-5.8,-10.9,1.3,13.3,1.6,-12.4,0.0,2.1,8.7,15.3,20.5,24.8,26.2,25.5,21.1,15.6,7.2,1.7,14.8,25.5,14.6,0.5,5.1,6.5,7.3,7.5,10.0,12.1,13.9,12.9,10.8,7.0,7.0,6.5,24.9,38.9,24.8,15.3,13.9,22.9,33.7,39.7,65.1,86.9,114.2,101.2,61.9,31.9,27.1,17.5,138.5,302.4,120.9,36.0
CHINA,1942,-7.0,-6.2,3.3,8.3,13.1,18.2,20.4,19.3,14.9,8.6,1.3,-5.7,8.2,19.3,8.3,-6.1,-13.7,-12.5,-3.3,1.6,6.7,11.9,14.6,13.2,8.6,2.2,-5.3,-12.2,1.6,13.3,1.8,-12.7,-0.3,0.1,9.9,15.1,19.5,24.6,26.2,25.4,21.2,15.1,7.8,0.7,14.8,25.4,14.7,0.4,3.8,5.0,7.7,8.7,10.9,11.5,14.4,12.4,10.0,7.6,5.0,4.7,27.4,38.4,22.6,14.9,5.5,13.0,34.6,50.4,75.7,91.0,124.0,84.9,52.5,38.0,13.1,9.4,160.7,299.9,103.6,31.2
CHINA,1943,-8.0,-4.7,1.8,8.0,14.3,17.6,20.5,19.4,15.0,8.5,0.2,-5.0,8.0,19.2,7.9,-5.8,-14.5,-11.5,-4.6,1.4,7.7,11.6,14.6,13.6,8.8,1.8,-6.3,-11.7,1.5,13.2,1.4,-12.3,-1.6,2.2,8.1,14.5,20.9,23.6,26.5,25.3,21.1,15.2,6.6,1.7,14.5,25.1,14.3,0.6,5.1,5.1,7.2,7.4,9.8,12.7,13.3,13.8,11.5,6.2,5.2,4.2,24.5,39.8,22.9,15.2,8.2,13.5,31.1,34.1,62.6,95.1,105.2,119.6,70.9,26.7,14.9,7.9,127.9,319.8,112.6,36.6
CHINA,1944,-7.4,-5.1,2.3,8.1,13.7,18.1,20.8,19.3,15.1,8.1,-0.2,-8.7,8.0,19.4,7.7,-8.5,-13.5,-11.7,-4.4,1.7,7.1,11.9,14.9,13.2,9.0,1.9,-6.4,-14.8,1.5,13.3,1.5,-14.7,-1.4,1.5,9.0,14.5,20.3,24.3,26.8,25.5,21.3,14.3,6.0,-2.6,14.6,25.5,13.9,-2.4,5.6,5.5,6.3,7.9,10.1,12.9,13.3,12.5,10.9,7.6,6.4,4.1,24.3,38.7,24.8,15.7,10.9,17.8,24.9,45.9,70.3,101.8,101.9,95.2,67.7,41.8,24.0,8.6,141.0,298.9,133.5,42.6
CHINA,1945,-9.1,-7.8,0.7,9.5,13.9,18.3,20.2,19.6,15.5,8.7,1.8,-5.8,8.0,19.4,8.7,-4.8,-15.3,-14.0,-5.8,2.9,7.0,12.1,14.3,14.0,9.6,2.2,-4.4,-12.2,1.4,13.5,2.5,-11.4,-2.8,-1.6,7.2,16.1,20.8,24.6,26.1,25.3,21.5,15.2,8.0,0.5,14.7,25.3,14.9,1.7,5.3,6.3,6.5,7.5,9.0,12.0,13.8,14.0,11.2,6.5,6.3,5.3,23.0,39.8,24.0,14.4,10.7,23.3,23.6,36.7,52.5,87.8,110.3,115.4,73.8,27.0,22.7,11.6,112.8,313.5,123.5,28.5
CHINA,1946,-6.2,-2.5,0.2,9.8,13.5,18.2,20.4,19.7,15.0,9.0,1.1,-6.7,7.8,19.4,8.4,-6.8,-12.8,-9.3,-6.0,3.0,7.1,11.9,14.6,14.0,8.8,2.4,-5.2,-12.6,1.4,13.5,2.0,-12.9,0.4,4.3,6.5,16.6,19.9,24.5,26.2,25.5,21.2,15.6,7.4,-0.8,14.3,25.4,14.7,-0.7,4.1,5.0,7.8,7.6,10.9,12.7,14.8,12.7,10.7,6.9,5.9,5.0,26.2,40.2,23.5,16.1,6.4,10.4,36.3,34.8,79.0,104.4,132.2,98.4,63.8,30.7,19.2,12.1,150.2,335.0,113.7,43.7
CHINA,1947,-7.9,-5.8,1.4,9.0,14.2,17.6,20.2,19.1,15.0,7.6,0.4,-7.0,8.2,19.0,7.7,-6.2,-13.8,-12.3,-5.4,2.2,7.5,11.5,14.4,13.3,9.1,1.6,-6.1,-13.1,1.4,13.1,1.5,-12.6,-2.0,0.6,8.2,15.7,20.9,23.8,26.1,24.9,21.0,13.7,7.0,-0.9,14.9,24.9,13.9,0.1,6.4,4.7,6.7,7.7,10.3,12.3,14.8,14.0,11.6,7.2,4.9,5.7,24.7,41.1,23.7,17.2,18.6,13.1,27.3,39.7,70.7,103.6,126.0,110.3,77.3,31.0,12.4,12.7,137.8,339.9,120.8,45.0
CHINA,1948,-7.1,-4.5,2.1,9.5,13.0,18.0,20.5,19.6,15.0,8.1,-0.3,-4.4,8.2,19.3,7.6,-4.8,-13.7,-10.8,-4.1,3.0,6.8,12.0,14.8,13.7,9.1,1.7,-6.5,-10.4,1.9,13.5,1.4,-11.1,-0.4,1.8,8.4,16.1,19.3,24.0,26.2,25.5,21.0,14.5,5.8,1.6,14.6,25.2,13.8,1.4,5.3,6.2,7.8,8.5,10.7,12.6,14.8,12.7,10.8,7.1,4.8,6.3,27.0,40.1,22.7,17.1,11.1,21.2,36.0,46.0,77.1,100.4,128.6,93.8,66.0,32.1,12.2,18.4,159.1,322.8,110.2,47.3
CHINA,1949,-6.7,-3.3,0.8,8.1,14.0,17.7,20.1,19.1,14.7,8.6,-0.1,-7.0,7.6,19.0,7.7,-6.2,-13.1,-9.7,-5.6,1.6,7.5,11.7,14.4,13.5,8.7,2.5,-6.0,-12.9,1.2,13.2,1.7,-12.4,-0.4,3.0,7.2,14.6,20.6,23.6,25.7,24.9,20.6,14.8,5.9,-1.1,14.1,24.7,13.8,-0.0,4.3,6.5,6.8,8.1,10.9,12.8,14.2,13.5,11.5,7.8,6.5,5.9,25.9,40.4,25.8,18.2,5.5,23.4,27.2,42.7,72.8,105.3,116.6,110.3,75.8,38.9,24.6,16.4,142.7,332.2,139.3,50.8
CHINA,1950,-6.2,-5.5,1.9,7.8,14.1,17.4,20.4,19.2,14.4,7.8,-1.1,-7.4,7.9,19.0,7.0,-7.3,-12.6,-11.9,-4.5,1.3,7.6,11.3,14.5,13.2,8.3,1.7,-7.3,-13.9,1.5,13.0,0.9,-13.9,0.2,0.7,8.3,14.4,20.6,23.5,26.4,25.3,20.6,14.0,5.1,-0.8,14.4,25.1,13.2,-0.7,6.3,6.0,6.3,8.3,10.8,12.5,13.7,12.9,10.5,7.5,5.7,4.6,25.4,39.2,23.7,15.7,15.7,18.6,23.1,47.8,74.8,96.1,112.9,105.5,66.4,36.7,20.2,7.0,145.7,314.5,123.2,33.9
CHINA,1951,-8.6,-6.0,-0.3,6.8,14.3,17.8,19.8,19.6,14.2,9.1,0.5,-3.8,6.9,19.1,8.0,-5.5,-15.4,-12.5,-7.0,0.4,7.3,11.6,13.9,13.6,8.0,2.7,-5.8,-10.5,0.2,13.0,1.6,-12.2,-1.9,0.5,6.4,13.3,21.3,24.2,25.7,25.7,20.6,15.6,6.8,2.9,13.7,25.2,14.3,1.1,5.1,6.0,6.6,8.5,9.5,11.9,13.7,13.6,11.6,8.3,7.0,5.6,24.6,39.2,26.8,16.7,10.9,15.9,28.6,52.2,61.7,95.4,113.9,108.0,69.0,41.2,28.3,13.1,142.5,317.3,138.5,41.6
CHINA,1952,-6.8,-5.9,0.8,8.7,13.8,18.0,20.3,18.7,14.9,7.5,-0.3,-7.7,7.8,19.0,7.4,-6.7,-13.6,-12.3,-5.8,1.9,7.5,11.6,14.6,12.9,8.8,1.2,-6.4,-14.2,1.2,13.0,1.2,-13.3,0.1,0.5,7.3,15.6,20.2,24.4,25.9,24.6,21.0,13.9,5.9,-1.2,14.4,25.0,13.6,-0.2,5.0,6.0,7.2,8.8,11.2,12.0,13.8,13.8,12.1,7.9,5.9,4.3,27.2,39.6,26.0,16.7,9.1,19.4,33.5,49.1,80.4,85.0,119.4,114.6,76.6,37.1,16.3,8.3,163.0,319.1,130.0,45.4
CHINA,1953,-8.0,-4.4,2.5,7.4,14.0,18.2,20.5,19.7,14.8,8.7,-0.1,-5.4,7.9,19.5,7.8,-5.8,-14.6,-11.0,-4.0,0.9,7.3,12.1,14.9,14.1,8.6,2.5,-6.1,-11.3,1.4,13.7,1.6,-11.8,-1.5,2.2,8.9,13.9,20.6,24.3,26.2,25.5,21.1,14.9,5.9,0.4,14.5,25.3,13.9,0.2,6.5,5.9,7.9,7.8,10.8,13.0,13.5,13.0,10.3,8.7,6.3,7.1,26.5,39.5,25.3,20.7,17.4,19.8,35.5,36.7,79.6,94.9,106.1,100.0,65.4,43.6,21.8,19.6,151.8,300.9,130.8,54.5
CHINA,1954,-7.7,-4.3,-0.0,8.5,12.8,17.2,19.5,19.2,15.0,7.7,1.1,-8.8,7.1,18.6,7.9,-7.6,-13.5,-10.6,-6.7,2.0,6.6,11.6,14.3,13.8,9.1,1.5,-5.4,-14.4,0.6,13.2,1.7,-13.8,-1.9,2.0,6.7,15.0,19.0,22.8,24.8,24.6,20.9,14.0,7.7,-3.3,13.6,24.1,14.2,-1.3,6.8,6.8,6.5,8.3,11.0,13.9,14.3,14.5,11.2,7.2,6.0,7.1,25.8,42.7,24.4,17.4,16.6,18.4,19.5,53.9,87.3,120.4,126.9,126.5,61.1,30.7,16.5,15.2,160.8,373.9,108.2,36.4
CHINA,1955,-9.4,-4.4,0.6,7.1,13.6,17.8,19.9,19.5,15.2,8.0,0.3,-3.9,7.1,19.1,7.8,-6.2,-15.8,-11.2,-5.7,0.8,7.1,11.9,14.5,13.8,9.4,1.8,-6.5,-10.7,0.8,13.4,1.6,-12.8,-3.0,2.4,6.9,13.4,20.0,23.8,25.5,25.2,21.0,14.2,7.0,3.0,13.5,24.8,14.1,0.4,4.9,5.5,7.9,7.4,9.6,12.8,14.5,13.4,11.6,6.6,5.4,5.1,24.9,40.6,23.6,16.8,7.1,14.1,31.9,30.2,68.4,98.4,120.5,107.8,69.1,24.7,18.8,8.1,130.6,326.8,112.6,37.2
CHINA,1956,-9.1,-5.4,0.7,8.7,13.2,17.4,20.0,18.6,14.9,7.9,-1.0,-7.3,7.5,18.7,7.2,-7.7,-15.4,-12.1,-5.5,2.0,6.9,11.9,14.1,13.0,8.6,1.6,-7.4,-13.4,1.1,13.0,0.9,-13.7,-2.9,1.2,6.9,15.3,19.5,23.1,25.8,24.3,21.2,14.2,5.4,-1.2,13.9,24.4,13.6,-1.8,6.5,5.2,8.0,8.0,11.4,13.8,13.1,13.1,9.9,7.6,4.9,5.2,27.3,40.0,22.4,19.2,13.2,15.9,36.1,40.9,87.2,112.8,98.0,106.3,65.2,32.8,13.1,8.6,164.2,317.1,111.1,47.4
CHINA,1957,-8.0,-7.9,0.2,7.9,12.6,17.3,19.8,18.8,13.8,7.4,1.4,-4.5,6.9,18.6,7.5,-5.7,-14.0,-13.8,-6.5,1.7,6.3,11.4,14.4,13.2,8.0,0.8,-5.0,-10.6,0.5,13.0,1.3,-12.0,-2.0,-2.0,6.8,14.1,18.9,23.3,25.2,24.3,19.7,14.1,7.8,1.5,13.3,24.3,13.8,0.5,7.1,6.8,7.0,8.7,10.1,11.8,14.4,13.2,9.8,6.6,5.8,5.8,25.8,39.4,22.1,18.1,16.8,22.0,28.8,47.9,76.0,89.7,114.2,98.9,56.8,32.9,16.9,12.4,152.7,302.8,106.5,44.9
CHINA,1958,-7.8,-4.9,1.8,8.8,13.0,17.7,20.4,18.3,14.8,7.6,0.7,-3.7,7.9,18.8,7.7,-5.4,-13.8,-11.6,-4.9,2.2,7.0,11.7,14.8,13.2,8.8,1.5,-5.8,-10.2,1.4,13.2,1.5,-11.5,-1.9,1.9,8.5,15.4,19.2,23.8,26.0,23.6,20.9,13.7,7.2,2.7,14.4,24.4,13.9,0.8,7.0,5.3,6.5,8.5,10.6,12.0,14.6,14.7,10.6,7.9,4.0,5.7,25.6,41.3,22.5,19.8,15.3,17.2,24.7,44.6,66.0,82.2,122.3,112.5,66.9,35.7,10.1,9.6,135.2,317.0,112.7,58.9
CHINA,1959,-7.9,-4.4,2.3,9.0,12.8,17.4,20.2,19.4,14.8,8.8,-0.4,-5.7,8.0,19.0,7.7,-5.4,-14.1,-10.2,-4.1,2.3,6.6,11.6,14.6,13.8,8.5,2.1,-6.4,-11.5,1.6,13.3,1.4,-11.9,-1.8,1.4,8.7,15.6,19.0,23.2,25.9,25.0,21.1,15.5,5.6,0.1,14.5,24.7,14.1,1.1,6.2,7.9,7.7,8.1,10.7,13.7,13.6,14.3,10.7,7.3,6.0,6.8,26.5,41.6,24.0,16.5,11.3,38.0,31.4,42.3,75.6,109.9,102.5,119.6,72.7,29.7,20.7,16.7,149.2,332.1,123.1,36.5
CHINA,1960,-8.1,-2.5,2.0,7.3,12.6,17.8,20.0,19.1,15.1,7.6,-0.0,-6.3,7.3,19.0,7.6,-6.3,-14.6,-9.6,-4.3,0.9,6.4,12.0,14.6,13.4,9.1,1.3,-6.1,-12.8,1.0,13.3,1.4,-12.9,-1.5,4.6,8.2,13.8,18.8,23.7,25.5,24.7,21.1,14.0,6.1,0.2,13.6,24.6,13.7,0.3,5.0,4.7,7.9,7.1,10.9,12.6,14.1,12.7,11.6,6.9,6.3,4.3,25.9,39.5,24.9,15.7,10.1,9.7,38.3,32.6,72.9,94.7,113.1,108.4,75.2,27.4,23.0,6.4,143.8,316.2,125.5,34.2
CHINA,1961,-7.8,-4.8,1.6,9.1,13.5,18.3,20.4,19.1,14.7,8.1,0.9,-6.0,8.1,19.3,7.9,-6.1,-14.5,-11.4,-4.6,2.2,6.7,12.0,14.6,13.5,8.6,2.0,-4.9,-12.2,1.4,13.4,1.9,-12.7,-1.2,1.9,7.9,16.1,20.3,24.6,26.3,24.7,20.9,14.1,6.8,0.2,14.8,25.2,14.0,0.5,5.3,6.1,8.1,8.0,10.1,11.2,14.0,14.5,11.4,8.1,7.7,6.4,26.1,39.6,27.1,16.7,8.5,19.3,36.0,50.4,64.0,81.0,110.7,121.0,84.7,39.1,31.2,15.5,150.4,312.7,155.0,35.4
CHINA,1962,-8.3,-4.1,0.9,7.6,13.6,17.6,20.2,19.1,14.9,8.0,-0.8,-5.3,7.4,19.0,7.3,-6.0,-14.9,-11.1,-6.1,0.8,7.1,11.4,14.7,13.4,9.0,1.6,-6.6,-11.9,0.6,13.2,1.3,-13.1,-1.7,3.0,8.0,14.5,20.0,23.8,25.8,24.9,20.8,14.4,5.0,1.4,14.2,24.8,13.4,1.0,5.1,5.2,5.7,7.3,10.0,12.2,14.4,13.7,12.0,6.9,6.4,4.5,23.0,40.4,25.4,11.6,7.2,12.7,18.1,39.3,70.5,106.0,119.0,107.3,70.0,33.0,22.9,7.3,127.8,332.3,125.9,18.9
CHINA,1963,-8.5,-4.3,2.6,7.7,14.1,17.5,19.9,19.4,15.0,7.8,0.9,-5.5,8.1,18.9,7.9,-7.0,-15.7,-11.6,-4.4,1.2,7.7,11.2,14.3,13.9,9.1,1.5,-5.1,-12.0,1.5,13.2,1.8,-13.0,-1.3,3.0,9.6,14.1,20.6,23.8,25.5,25.0,20.9,14.2,6.9,0.9,14.8,24.8,14.0,-1.0,2.8,4.3,6.5,7.9,10.5,11.7,14.6,13.3,10.9,7.3,7.3,5.7,24.9,39.6,25.5,19.0,2.1,9.4,21.9,36.8,65.7,78.5,126.4,99.4,66.9,31.3,28.5,11.2,124.4,304.2,126.7,49.6
CHINA,1964,-7.6,-7.8,1.5,9.3,13.4,17.2,19.8,19.1,14.5,8.1,0.6,-5.9,8.1,18.7,7.8,-5.8,-13.3,-13.7,-4.9,3.3,7.4,11.2,14.3,13.5,9.0,2.2,-6.0,-12.1,1.9,13.0,1.7,-12.2,-1.8,-2.0,8.0,15.2,19.5,23.2,25.3,24.8,20.2,14.0,7.2,0.2,14.3,24.4,13.8,0.6,7.2,6.2,7.1,10.0,10.8,13.1,13.9,13.7,11.7,8.7,3.8,5.0,28.0,40.7,24.2,15.2,21.4,17.0,23.9,61.5,67.3,105.6,105.1,118.4,72.6,48.5,6.9,7.4,152.7,329.0,128.0,30.3
CHINA,1965,-6.7,-4.7,0.6,7.8,13.9,17.7,19.7,18.4,14.2,8.5,0.7,-6.7,7.4,18.6,7.8,-5.6,-13.5,-11.0,-6.1,1.4,7.2,11.6,14.1,12.5,7.9,2.2,-5.3,-12.8,0.8,12.8,1.6,-12.2,0.1,1.6,7.3,14.2,20.5,23.8,25.4,24.3,20.6,14.8,6.6,-0.6,14.0,24.5,14.0,1.0,4.9,5.3,5.9,8.6,9.4,11.9,14.1,12.5,9.0,8.9,6.9,5.9,23.8,38.5,24.8,17.3,7.2,15.7,21.6,54.8,54.5,89.4,109.6,100.4,50.5,48.3,26.8,14.7,131.0,299.4,125.6,39.5
CHINA,1966,-7.0,-3.1,2.0,7.7,13.4,17.6,19.8,19.6,14.1,8.0,-0.2,-7.0,7.7,19.0,7.3,-7.0,-13.6,-10.1,-4.5,1.4,6.8,11.4,14.3,14.1,7.8,1.9,-6.4,-12.7,1.3,13.3,1.1,-13.2,-0.4,3.9,8.5,14.0,20.1,23.8,25.3,25.2,20.5,14.1,6.1,-1.2,14.2,24.8,13.6,-0.8,5.6,5.8,7.0,8.0,9.4,12.5,14.5,13.5,9.3,8.7,5.0,5.9,24.4,40.4,23.0,17.1,9.9,14.9,25.9,45.4,53.9,103.0,119.4,101.1,42.1,39.9,12.4,12.5,125.2,323.5,94.4,40.8
CHINA,1967,-8.4,-5.7,1.3,7.9,14.6,17.4,20.0,19.4,14.0,7.9,-1.4,-7.7,8.0,19.0,6.8,-7.7,-14.9,-12.0,-5.2,1.6,8.4,11.3,14.3,13.8,7.9,1.5,-6.8,-13.9,1.6,13.1,0.8,-14.0,-1.9,0.7,7.9,14.3,20.8,23.6,25.8,25.1,20.1,14.4,4.1,-1.6,14.3,24.8,12.8,-1.5,4.7,6.5,7.7,8.3,11.2,12.2,13.7,13.7,10.4,6.6,7.6,4.1,27.1,39.7,24.6,15.1,8.6,19.7,30.8,47.2,80.7,90.2,101.1,105.8,63.2,23.1,30.7,7.0,158.7,297.1,116.9,33.4
CHINA,1968,-8.0,-7.4,2.2,8.0,13.5,17.6,19.9,18.4,14.3,7.2,0.9,-4.2,7.9,18.6,7.5,-7.0,-14.3,-13.8,-4.3,1.2,7.1,11.6,14.1,12.6,8.2,1.1,-5.4,-10.2,1.3,12.8,1.3,-12.9,-1.8,-1.1,8.8,14.8,20.0,23.8,25.7,24.2,20.3,13.3,7.3,1.7,14.5,24.5,13.6,-1.1,5.5,5.5,7.4,7.6,9.5,12.2,13.3,12.8,10.1,7.7,5.8,5.7,24.5,38.3,23.6,18.2,10.1,16.3,32.7,38.5,63.6,97.2,108.8,106.3,62.6,34.3,16.4,14.2,134.8,312.4,113.2,49.7
CHINA,1969,-9.0,-7.7,1.1,8.2,14.1,17.1,19.8,18.6,14.4,8.3,-0.5,-6.1,7.8,18.5,7.4,-6.3,-14.9,-13.6,-5.5,1.6,7.5,11.0,14.3,12.9,8.5,2.1,-6.7,-12.8,1.2,12.7,1.3,-12.8,-3.1,-1.8,7.7,14.8,20.7,23.2,25.4,24.4,20.4,14.6,5.6,0.5,14.4,24.3,13.5,0.2,7.3,5.3,6.7,8.7,9.8,12.1,14.8,13.6,11.1,7.3,5.2,3.6,25.1,40.6,23.7,15.2,21.8,13.7,25.9,44.7,65.4,89.1,125.8,115.2,66.6,34.8,14.4,3.9,136.0,330.0,115.8,30.7
CHINA,1970,-8.4,-4.3,-1.3,7.7,13.8,17.2,19.9,19.2,14.3,7.9,-0.1,-5.5,6.7,18.8,7.3,-6.2,-14.7,-10.9,-7.3,1.1,7.5,11.1,14.5,13.4,8.4,1.4,-6.5,-11.6,0.4,13.0,1.1,-12.6,-2.1,2.3,4.7,14.3,20.1,23.3,25.4,25.1,20.2,14.3,6.3,0.6,13.0,24.6,13.6,0.1,5.8,5.8,7.5,8.4,11.4,11.7,14.9,12.9,11.6,7.3,5.2,6.0,27.2,39.4,24.1,18.1,12.4,14.4,32.2,45.5,82.9,85.2,131.8,93.7,82.9,33.8,15.9,18.0,160.6,310.8,132.5,44.5
CHINA,1971,-7.9,-5.3,0.7,8.6,13.2,17.6,20.2,18.8,14.3,7.9,1.1,-5.0,7.5,18.9,7.8,-6.2,-14.5,-11.7,-6.0,2.0,6.9,11.6,14.6,13.1,8.8,1.6,-5.3,-11.3,1.0,13.1,1.7,-12.3,-1.3,1.1,7.4,15.2,19.6,23.6,25.9,24.6,19.9,14.3,7.6,1.2,14.0,24.7,13.9,-0.2,6.0,6.1,6.1,7.4,11.1,12.7,14.0,13.2,12.3,7.5,5.1,5.9,24.6,39.8,24.8,18.6,11.7,14.8,17.3,33.0,72.3,110.4,96.1,102.1,70.0,33.5,12.7,16.6,122.6,308.6,116.3,47.5
CHINA,1972,-6.6,-7.0,2.3,7.9,13.9,17.8,19.8,19.0,13.8,7.7,0.3,-5.4,8.0,18.8,7.3,-5.2,-12.7,-12.8,-4.3,1.4,7.5,11.5,14.2,13.1,7.9,1.5,-5.6,-11.4,1.5,12.9,1.2,-11.2,-0.5,-1.2,9.0,14.4,20.4,24.2,25.4,24.8,19.8,13.9,6.2,0.5,14.6,24.8,13.3,0.8,5.7,7.0,6.3,7.8,10.2,11.9,13.4,12.3,10.5,8.2,7.7,5.8,24.3,37.6,26.4,18.3,10.2,20.7,22.5,41.0,73.9,85.8,98.9,94.5,62.3,42.2,34.8,15.2,137.4,279.1,139.3,48.3
CHINA,1973,-6.7,-3.3,2.0,9.1,13.1,17.4,19.9,19.1,14.8,7.6,0.8,-5.6,8.1,18.8,7.7,-6.4,-12.6,-9.5,-4.3,2.6,7.2,11.6,14.2,13.4,8.8,1.7,-5.6,-12.3,1.8,13.1,1.6,-12.8,-0.9,2.8,8.3,15.6,19.1,23.2,25.7,24.8,20.8,13.4,7.2,1.1,14.3,24.6,13.8,0.0,6.4,6.1,6.6,9.4,11.3,13.5,14.1,13.3,11.1,8.6,4.8,2.8,27.4,41.0,24.5,14.6,16.1,17.0,23.8,67.0,90.4,103.6,120.9,109.8,79.0,39.8,14.6,2.6,181.2,334.3,133.5,29.3
CHINA,1974,-7.6,-5.9,0.5,9.1,14.0,17.3,20.0,18.8,14.4,7.8,0.8,-7.3,7.9,18.7,7.7,-6.1,-13.8,-12.2,-5.8,2.2,7.6,11.5,14.5,13.3,8.6,1.9,-5.3,-12.4,1.3,13.1,1.7,-12.0,-1.3,0.4,6.9,16.0,20.4,23.2,25.5,24.3,20.2,13.8,7.0,-2.1,14.4,24.4,13.7,-0.3,5.9,5.9,7.0,8.4,10.4,12.7,14.2,13.7,10.7,7.6,5.1,6.5,25.9,40.6,23.4,17.9,11.9,14.8,21.0,45.6,71.7,97.2,115.0,108.9,63.7,41.2,16.1,18.2,138.3,321.1,121.0,49.7
CHINA,1975,-6.8,-4.3,2.3,8.6,12.9,17.8,19.8,19.6,15.5,8.9,0.5,-7.1,8.0,19.1,8.3,-5.6,-12.9,-10.6,-4.0,2.4,6.8,12.0,14.2,13.7,9.8,3.0,-5.3,-13.4,1.7,13.3,2.5,-12.0,-0.8,2.0,8.7,14.9,19.2,23.7,25.4,25.5,21.2,14.8,6.2,-0.9,14.2,24.9,14.1,0.6,5.5,5.8,6.5,8.5,10.4,12.6,13.9,13.0,12.0,8.7,6.0,6.0,25.4,39.5,26.7,17.0,13.3,18.3,28.0,55.8,80.6,97.2,108.0,98.3,71.9,50.1,19.9,15.6,164.4,303.5,141.9,42.5
CHINA,1976,-6.8,-3.0,0.5,7.4,13.4,16.8,18.9,18.2,14.3,7.9,-1.5,-6.2,7.1,18.0,6.9,-7.3,-13.4,-9.1,-5.5,1.2,7.1,11.2,13.3,12.6,8.3,1.7,-7.3,-12.2,0.9,12.4,0.9,-13.4,-0.2,3.1,6.5,13.7,19.8,22.5,24.6,23.9,20.3,14.1,4.4,-0.3,13.3,23.7,12.9,-1.3,3.9,7.1,6.6,8.3,10.2,13.9,13.7,13.3,10.1,8.3,5.1,4.8,25.1,40.9,23.5,15.8,6.2,20.7,23.7,47.0,64.6,104.8,108.6,103.2,58.9,43.0,14.6,6.9,135.2,316.6,116.5,30.8
CHINA,1977,-9.9,-5.9,2.2,8.6,13.1,17.4,20.1,19.0,15.2,8.8,0.7,-4.6,7.9,18.8,8.2,-6.2,-15.5,-12.7,-4.5,2.3,6.9,11.6,14.6,13.3,9.2,2.8,-5.2,-10.2,1.6,13.2,2.3,-12.1,-4.4,0.9,8.9,14.8,19.3,23.3,25.6,24.8,21.2,14.9,6.5,1.0,14.3,24.6,14.2,-0.3,6.5,4.5,6.2,9.0,10.7,13.1,14.8,12.0,10.4,9.0,6.4,7.9,26.0,39.8,25.8,19.6,14.0,9.9,20.2,52.4,73.5,98.3,128.1,86.2,57.2,44.5,16.6,17.8,146.1,312.6,118.4,41.6
CHINA,1978,-8.3,-5.7,1.3,9.0,13.9,18.1,20.2,19.2,14.8,8.0,1.1,-4.2,8.1,19.2,7.9,-4.5,-14.3,-11.9,-4.6,2.1,7.6,12.1,14.5,13.4,8.6,1.7,-4.6,-10.5,1.7,13.3,1.9,-10.9,-2.3,0.4,7.2,15.9,20.2,24.2,26.0,25.1,21.0,14.3,6.7,2.2,14.5,25.1,14.0,1.9,5.8,5.9,7.4,7.4,10.9,12.8,12.9,12.0,11.0,7.9,5.9,4.4,25.8,37.7,24.8,16.4,11.6,12.2,32.1,39.2,80.2,92.8,92.3,90.6,60.9,36.7,19.4,7.2,151.5,275.7,117.0,35.3
CHINA,1979,-6.4,-2.9,1.0,8.0,13.4,17.9,19.5,19.0,13.9,8.8,-0.3,-4.0,7.5,18.8,7.4,-5.6,-12.7,-9.6,-5.1,1.9,7.0,11.9,14.1,13.6,8.2,1.8,-6.7,-10.0,1.3,13.2,1.1,-11.6,-0.2,3.7,7.2,14.2,20.0,24.0,24.9,24.4,19.6,15.8,6.0,1.9,13.8,24.4,13.8,0.3,6.0,6.0,7.1,8.6,8.8,13.4,14.9,13.4,11.3,5.2,4.8,5.9,24.6,41.6,21.3,17.0,12.9,15.2,30.2,48.1,54.0,105.8,119.1,100.9,73.5,17.4,10.6,12.4,132.3,325.7,101.5,41.5
CHINA,1980,-7.7,-5.2,0.8,7.7,13.8,17.9,20.0,18.7,14.3,8.1,2.7,-5.0,7.4,18.9,8.3,-5.6,-13.7,-11.2,-5.2,1.3,7.3,12.1,14.4,13.4,8.4,2.2,-3.8,-11.1,1.1,13.3,2.3,-11.7,-1.8,0.8,6.8,14.2,20.2,23.8,25.6,24.0,20.2,13.9,9.2,1.1,13.7,24.5,14.4,0.5,5.5,5.6,7.3,8.2,10.1,12.3,13.4,14.0,10.6,8.2,4.3,4.0,25.6,39.7,23.1,15.1,12.2,17.0,32.8,47.5,68.7,94.0,105.1,122.5,56.1,43.3,11.8,6.4,149.1,321.7,111.3,32.4
CHINA,1981,-7.6,-4.1,2.7,9.4,13.6,18.0,20.6,19.2,14.5,7.0,-1.1,-5.9,8.6,19.3,6.8,-5.3,-13.6,-10.3,-3.7,3.1,7.2,12.2,15.3,14.0,8.7,1.1,-6.6,-12.2,2.2,13.8,1.1,-11.5,-1.7,2.1,9.2,15.7,20.0,23.9,25.9,24.4,20.3,13.0,4.4,0.5,15.0,24.7,12.6,1.0,5.7,5.4,8.0,8.6,9.8,12.6,15.0,14.1,10.8,7.5,6.6,3.6,26.4,41.7,25.0,14.5,11.3,14.7,37.2,50.8,65.8,91.9,124.4,98.0,63.2,37.0,29.3,4.9,153.8,314.2,129.4,34.5
CHINA,1982,-5.9,-4.0,1.8,8.3,13.9,17.4,19.9,19.2,14.3,9.2,0.7,-5.8,8.0,18.8,8.1,-6.1,-12.4,-9.8,-4.5,2.0,7.4,11.5,14.3,13.7,8.7,3.2,-4.6,-11.7,1.6,13.2,2.4,-12.1,0.6,1.9,8.1,14.8,20.4,23.3,25.4,24.6,19.8,15.3,6.1,0.0,14.4,24.5,13.7,-0.2,4.4,6.5,6.6,8.3,10.1,12.3,13.4,13.5,11.4,7.1,7.9,5.0,25.0,39.2,26.5,18.6,6.4,23.2,25.8,44.1,62.1,90.9,111.0,110.1,67.6,30.9,37.6,8.9,132.0,312.0,136.0,61.0
CHINA,1983,-7.3,-5.3,1.3,8.0,13.8,17.0,19.6,19.2,15.4,8.6,1.3,-5.3,7.7,18.6,8.4,-6.7,-13.2,-11.5,-4.6,1.8,7.6,11.4,14.2,13.5,9.7,2.9,-5.1,-11.4,1.6,13.0,2.5,-12.7,-1.4,0.8,7.3,14.2,20.1,22.6,25.0,25.0,21.1,14.4,7.8,0.7,13.9,24.2,14.4,-0.8,7.3,6.3,7.7,8.8,10.7,12.6,14.0,12.5,12.1,8.6,4.7,4.9,27.2,39.1,25.4,14.2,20.8,31.4,40.4,53.7,74.0,96.8,110.7,94.4,81.1,50.3,13.0,9.9,168.1,302.0,144.4,27.8
CHINA,1984,-8.7,-6.2,1.1,8.2,13.8,17.9,19.6,18.9,14.1,8.0,1.1,-6.7,7.7,18.8,7.7,-6.3,-14.7,-12.0,-5.3,2.0,7.6,12.2,14.2,13.0,8.4,1.7,-5.0,-12.0,1.4,13.1,1.7,-12.1,-2.7,-0.4,7.5,14.3,19.9,23.6,25.0,24.8,19.9,14.3,7.2,-1.4,13.9,24.5,13.8,-0.6,4.9,4.3,5.8,8.3,10.7,13.7,14.1,12.7,11.0,6.7,4.8,6.0,24.7,40.5,22.5,18.4,9.5,8.4,20.2,49.6,77.6,108.8,107.0,107.8,68.0,29.0,14.1,13.7,147.5,323.6,111.1,54.8
CHINA,1985,-7.8,-4.5,0.1,8.9,14.0,17.5,19.7,19.5,14.0,8.4,0.1,-6.1,7.6,18.9,7.5,-5.9,-13.6,-10.6,-5.7,2.2,7.9,11.8,14.0,14.1,8.5,2.4,-5.7,-12.0,1.5,13.3,1.7,-12.2,-1.9,1.5,5.8,15.5,20.1,23.1,25.4,25.0,19.5,14.4,5.9,-0.2,13.8,24.5,13.3,0.3,5.6,6.8,7.2,7.9,10.8,12.2,13.6,13.4,11.8,7.4,5.6,5.2,25.9,39.2,24.8,13.7,9.2,32.0,29.6,39.0,72.2,83.6,106.7,116.5,81.7,32.0,17.9,9.9,140.7,306.8,131.6,28.6
CHINA,1986,-6.9,-4.8,1.5,7.9,14.2,17.9,19.9,18.9,14.5,7.3,-0.1,-4.8,7.8,18.9,7.3,-4.6,-13.4,-11.1,-4.8,1.9,7.7,12.2,14.4,13.0,8.2,1.2,-5.7,-10.6,1.6,13.2,1.3,-10.7,-0.4,1.5,7.7,14.0,20.6,23.8,25.4,24.8,20.8,13.4,5.6,0.9,14.1,24.7,13.3,1.6,3.5,5.0,7.1,7.6,9.6,13.0,13.5,11.6,9.9,7.5,6.2,5.8,24.3,38.1,23.7,16.2,4.8,13.9,28.1,40.9,57.0,103.7,116.1,80.0,57.1,34.4,19.5,10.3,125.9,299.7,111.0,34.5
CHINA,1987,-6.2,-2.6,1.4,8.4,13.2,17.3,19.9,19.1,14.8,8.3,0.5,-4.6,7.7,18.8,7.8,-5.2,-12.6,-9.0,-4.8,2.0,7.1,11.5,14.4,13.5,8.9,2.6,-5.4,-11.0,1.4,13.2,2.0,-11.3,0.1,3.8,7.6,14.9,19.4,23.1,25.4,24.7,20.7,14.0,6.4,1.8,14.0,24.4,13.7,0.8,5.4,5.0,7.3,8.1,9.9,12.4,13.7,13.0,10.7,8.3,6.3,3.2,25.3,39.1,25.3,14.1,11.2,13.0,35.7,43.5,70.1,93.3,117.8,105.0,67.2,42.6,27.1,4.4,149.2,316.2,136.9,34.3
CHINA,1988,-6.1,-5.0,0.1,8.5,13.6,18.3,20.4,19.1,15.0,8.7,1.4,-3.8,7.4,19.2,8.3,-4.9,-12.0,-10.9,-5.6,1.9,7.7,12.3,14.9,13.9,9.3,2.8,-5.1,-10.0,1.3,13.7,2.4,-10.8,-0.1,0.7,5.9,15.0,19.4,24.3,25.9,24.3,20.6,14.6,7.8,2.3,13.5,24.8,14.3,1.0,4.7,6.2,7.0,7.0,12.0,11.5,13.6,13.6,10.7,6.5,3.6,4.2,26.0,38.7,20.8,16.9,9.1,20.7,30.7,32.5,82.7,78.2,107.4,117.3,70.6,30.4,9.2,8.5,145.9,302.8,110.2,48.7
CHINA,1989,-6.8,-4.1,1.9,8.5,13.8,17.4,19.8,19.0,14.9,9.0,0.5,-4.1,8.1,18.7,8.1,-4.8,-12.4,-10.0,-4.3,2.4,7.7,11.9,14.5,13.5,9.2,3.0,-5.1,-9.9,1.9,13.3,2.4,-10.5,-1.2,1.8,8.1,14.5,20.0,22.9,25.1,24.6,20.6,15.0,6.1,1.7,14.2,24.2,13.9,0.8,7.0,5.7,6.5,8.3,9.6,12.6,14.0,12.0,11.2,7.0,5.4,5.7,24.4,38.6,23.6,19.5,23.0,17.2,25.5,49.1,70.0,96.1,111.8,84.5,68.3,33.4,17.5,12.3,144.6,292.4,119.2,63.9
CHINA,1990,-6.9,-3.6,2.8,7.7,13.6,18.0,20.0,19.3,15.1,8.9,2.3,-4.1,8.0,19.1,8.8,-4.9,-12.6,-9.1,-3.1,1.9,7.4,12.1,14.6,13.5,9.2,2.7,-3.9,-10.1,2.1,13.4,2.7,-10.8,-1.2,1.9,8.6,13.6,19.8,23.9,25.4,25.1,20.9,15.2,8.4,1.8,14.0,24.8,14.8,0.9,6.2,7.6,8.3,9.1,11.0,12.3,14.6,11.9,10.5,6.7,6.1,4.4,28.3,38.8,23.3,15.9,17.9,33.7,34.6,53.4,75.7,103.1,117.4,92.0,72.8,29.6,26.7,8.1,163.7,312.5,129.1,39.6
CHINA,1991,-7.0,-3.6,1.5,8.1,13.6,18.0,20.3,19.2,14.8,8.2,0.4,-5.3,7.7,19.2,7.8,-5.4,-12.7,-9.5,-4.4,2.1,7.4,12.4,14.9,13.6,8.7,2.1,-5.8,-10.8,1.7,13.6,1.7,-11.3,-1.4,2.3,7.4,14.2,19.9,23.6,25.7,24.9,20.8,14.4,6.6,0.3,13.8,24.7,13.9,0.6,6.6,4.9,7.9,7.8,9.4,13.1,13.6,12.4,9.4,6.2,4.7,6.7,25.0,39.1,20.4,18.7,17.8,13.7,38.4,37.2,58.1,109.8,124.2,88.2,55.8,28.4,14.7,14.9,133.7,322.3,98.9,54.5
CHINA,1992,-6.6,-4.2,1.4,9.3,13.5,17.1,19.5,18.7,14.2,7.3,-0.0,-4.6,8.1,18.4,7.2,-5.0,-12.5,-10.5,-4.1,2.8,7.5,11.4,13.9,13.1,8.6,1.1,-6.4,-10.5,2.1,12.8,1.1,-10.9,-0.6,2.0,6.9,15.8,19.5,22.9,25.2,24.3,19.9,13.5,6.4,1.2,14.1,24.1,13.3,0.9,5.6,6.5,8.5,6.9,10.4,12.6,13.4,11.9,10.2,6.6,4.8,5.4,25.8,37.9,21.6,18.8,14.6,25.1,51.6,38.2,71.6,99.2,106.3,84.8,60.2,26.7,11.5,14.4,161.4,290.3,98.4,53.5
CHINA,1993,-8.0,-2.3,2.4,8.3,13.0,17.4,19.3,18.2,14.6,7.8,0.2,-5.4,7.9,18.3,7.5,-5.2,-13.6,-8.5,-3.6,1.9,6.9,11.7,14.3,13.0,8.5,1.7,-5.5,-11.4,1.8,13.0,1.6,-11.2,-2.3,3.9,8.3,14.7,19.2,23.2,24.4,23.4,20.6,13.9,6.0,0.6,14.0,23.7,13.5,0.8,6.4,7.0,6.8,7.0,10.4,13.4,14.4,13.6,10.0,6.6,6.6,4.6,24.2,41.3,23.2,15.1,16.5,22.7,27.6,37.3,72.3,112.5,119.1,113.0,63.5,29.3,28.4,7.8,137.2,344.6,121.2,36.3
CHINA,1994,-6.4,-3.9,0.8,9.3,14.5,18.2,20.5,19.7,14.6,7.7,2.5,-4.5,8.2,19.4,8.2,-5.2,-12.4,-9.9,-5.4,3.1,8.1,12.6,14.8,13.9,8.9,1.5,-3.6,-9.7,2.0,13.7,2.3,-10.9,-0.3,2.0,6.9,15.5,20.9,23.8,26.3,25.5,20.4,13.8,8.5,0.6,14.5,25.2,14.2,0.6,4.9,5.6,6.9,7.3,9.4,12.6,13.4,12.7,10.0,7.2,5.6,7.4,23.6,38.7,22.8,18.9,7.8,20.6,26.8,42.3,62.5,111.5,122.4,110.8,61.9,35.7,17.0,23.9,131.6,344.7,114.6,55.7
CHINA,1995,-7.2,-3.7,1.9,7.9,14.0,18.3,19.9,19.0,15.0,8.8,1.4,-5.2,7.9,19.1,8.4,-5.7,-13.0,-9.8,-4.4,1.9,7.6,12.5,14.4,13.6,9.4,3.1,-4.9,-10.9,1.7,13.5,2.5,-11.7,-1.5,2.5,8.2,14.0,20.4,24.2,25.4,24.5,20.7,14.6,7.6,0.6,14.2,24.7,14.3,0.3,5.7,5.9,6.3,7.2,8.9,12.0,13.8,13.3,10.5,7.9,4.1,4.1,22.4,39.0,22.4,13.6,13.8,18.0,24.3,38.5,59.3,105.9,119.5,113.6,57.3,44.3,12.5,5.9,122.1,339.0,114.2,28.6
CHINA,1996,-7.5,-4.5,1.4,7.7,13.9,17.6,19.9,19.0,14.8,8.3,0.2,-4.7,7.7,18.8,7.8,-5.2,-13.4,-10.8,-4.5,1.7,7.8,12.0,14.8,13.5,8.8,2.2,-5.2,-11.2,1.7,13.4,1.9,-11.5,-1.6,1.9,7.4,13.7,20.0,23.3,25.0,24.5,20.7,14.3,5.7,1.9,13.7,24.3,13.6,1.2,5.0,4.5,8.4,7.5,9.6,12.5,15.2,12.7,8.9,7.4,6.0,3.4,25.4,40.4,22.3,15.0,12.0,10.7,41.1,36.8,61.6,100.8,140.9,108.2,52.4,31.7,23.2,5.3,139.5,350.0,107.3,40.8
CHINA,1997,-6.7,-4.1,3.3,9.1,14.4,17.9,20.3,19.6,13.9,7.9,0.4,-5.2,8.9,19.3,7.4,-4.9,-13.0,-10.3,-2.8,2.7,8.3,12.0,14.7,13.8,7.8,1.7,-5.5,-10.7,2.7,13.5,1.3,-10.7,-0.4,2.0,9.4,15.4,20.6,23.9,26.0,25.3,20.0,14.2,6.3,0.4,15.1,25.1,13.5,0.8,5.7,6.0,7.4,7.7,10.3,11.8,13.4,12.0,9.5,6.2,5.6,5.9,25.4,37.2,21.3,18.6,14.3,21.2,34.8,43.5,63.1,90.1,117.1,102.4,59.0,28.9,22.2,18.9,141.4,309.6,110.2,66.5
CHINA,1998,-7.7,-1.9,2.1,10.7,14.3,18.2,20.4,19.4,15.8,9.7,1.9,-3.8,9.0,19.3,9.1,-3.7,-13.3,-8.0,-3.7,4.1,8.2,12.7,15.3,14.3,9.7,3.7,-4.5,-9.7,2.9,14.1,3.0,-9.9,-2.0,4.2,7.9,17.2,20.4,23.9,25.5,24.6,21.9,15.7,8.2,2.2,15.2,24.6,15.3,2.6,6.6,6.2,8.3,8.5,10.7,12.8,14.8,13.9,9.0,7.7,4.1,5.0,27.5,41.5,20.9,13.2,21.4,26.2,40.6,50.5,80.4,118.7,132.5,117.6,47.3,36.2,11.9,9.9,171.5,368.8,95.5,25.6
CHINA,1999,-5.8,-1.4,1.5,9.6,14.0,18.2,20.3,19.2,15.6,8.6,1.3,-4.7,8.4,19.2,8.5,-5.8,-11.8,-8.1,-4.5,3.2,8.0,12.6,15.1,13.7,9.8,3.0,-4.5,-10.9,2.2,13.8,2.7,-11.7,0.2,5.3,7.5,16.0,20.0,23.9,25.6,24.7,21.4,14.3,7.1,1.5,14.5,24.7,14.3,0.1,5.0,3.1,6.4,7.8,10.8,12.1,14.0,13.7,9.8,8.2,5.4,4.0,25.0,39.8,23.4,16.1,11.0,4.7,27.4,47.1,75.3,93.6,115.1,114.4,56.2,41.9,18.3,7.1,149.7,323.0,116.4,41.1
CHINA,2000,-7.6,-5.1,2.3,9.0,15.0,18.3,21.1,19.4,15.1,7.9,-0.4,-4.7,8.8,19.6,7.5,-5.1,-13.2,-11.1,-4.1,2.8,8.5,12.6,15.6,14.0,9.3,2.4,-6.1,-10.4,2.4,14.1,1.9,-11.0,-2.1,1.0,8.6,15.2,21.5,24.1,26.6,24.8,21.0,13.4,5.3,1.1,15.1,25.2,13.2,0.8,7.1,5.0,5.8,8.1,9.7,12.5,12.7,13.0,9.9,8.6,6.0,5.2,23.7,38.2,24.5,17.3,18.8,15.2,22.7,48.6,59.3,100.1,101.0,111.4,58.4,55.6,20.9,11.2,130.6,312.4,134.9,47.6
CHINA,2001,-7.0,-3.5,2.5,8.7,14.5,18.5,21.0,19.4,15.3,9.2,1.8,-6.0,8.6,19.6,8.8,-4.1,-12.7,-9.7,-4.0,2.5,8.3,12.7,15.3,14.0,9.6,3.4,-4.5,-11.4,2.3,14.0,2.8,-10.1,-1.3,2.6,9.0,14.8,20.8,24.3,26.7,24.9,20.9,15.1,8.2,-0.5,14.9,25.3,14.7,1.9,6.8,5.4,5.5,7.9,9.7,12.0,12.7,12.4,9.2,7.3,4.7,5.8,23.2,37.1,21.2,16.3,20.0,16.4,20.6,45.1,61.9,103.3,108.5,100.6,54.1,36.2,15.5,16.6,127.7,312.4,105.8,42.7
CHINA,2002,-5.1,-1.3,4.0,9.3,13.9,18.6,20.6,19.5,14.8,8.0,0.6,-5.6,9.1,19.6,7.8,-4.9,-11.2,-7.7,-2.4,3.2,8.0,13.0,15.3,13.9,8.9,2.0,-5.4,-10.8,2.9,14.1,1.8,-10.7,0.9,5.2,10.4,15.4,19.9,24.2,25.9,25.2,20.8,14.0,6.7,-0.4,15.2,25.1,13.8,0.9,6.2,4.3,7.0,9.1,10.9,13.3,13.3,11.7,9.4,7.5,4.9,6.8,26.9,38.3,21.8,17.9,14.6,11.5,29.6,49.5,81.9,115.2,112.7,100.6,55.1,42.7,16.5,23.4,161.0,328.5,114.3,54.4
CHINA,2003,-6.4,-2.6,2.1,9.1,13.8,18.0,19.9,19.3,15.4,8.7,1.0,-4.8,8.3,19.1,8.4,-4.5,-12.7,-8.6,-3.8,3.0,8.0,12.4,14.6,14.1,9.8,2.7,-4.7,-10.6,2.4,13.7,2.6,-10.5,-0.2,3.4,8.1,15.3,19.7,23.7,25.3,24.5,21.1,14.7,6.6,1.0,14.3,24.5,14.1,1.5,5.4,5.6,6.9,8.4,10.1,12.8,13.2,12.8,11.5,6.8,5.8,4.4,25.4,38.9,24.1,16.4,14.1,16.9,26.2,46.5,67.3,104.8,103.5,104.6,70.0,31.8,17.6,8.5,140.0,312.8,119.5,39.9
CHINA,2004,-6.5,-2.3,3.0,10.2,14.1,18.2,20.2,19.1,15.1,8.3,1.6,-4.4,9.1,19.2,8.3,-5.7,-12.1,-8.8,-3.2,3.6,8.0,12.5,14.7,13.7,9.3,2.1,-4.4,-10.0,2.8,13.7,2.3,-11.2,-0.8,4.2,9.1,16.8,20.2,24.0,25.6,24.5,21.0,14.5,7.6,1.1,15.4,24.7,14.4,-0.2,6.4,5.6,6.3,7.4,10.9,11.6,13.6,12.7,9.8,5.5,5.8,5.9,24.6,37.8,21.1,16.9,13.4,18.0,22.9,39.5,81.2,80.0,118.9,97.4,60.4,18.0,20.6,13.9,143.6,296.3,98.9,48.1
CHINA,2005,-7.0,-5.7,2.2,9.6,14.0,19.0,20.8,19.3,16.0,8.9,2.0,-6.2,8.6,19.7,9.0,-5.1,-12.6,-11.1,-4.0,3.2,8.2,13.2,15.6,14.1,10.3,3.0,-3.8,-11.9,2.5,14.3,3.1,-10.8,-1.5,-0.3,8.3,16.1,19.9,24.7,26.1,24.5,21.8,14.8,7.8,-0.4,14.7,25.1,14.8,0.6,4.8,6.3,6.5,7.5,11.4,11.9,13.3,13.3,9.8,6.5,4.7,4.6,25.5,38.6,21.0,16.6,10.9,23.3,27.1,35.3,84.5,103.1,107.6,111.5,60.8,30.6,16.6,8.7,146.9,322.3,107.9,44.8
CHINA,2006,-6.3,-2.7,2.6,8.9,14.3,18.3,20.7,20.3,15.2,10.0,2.2,-4.6,8.6,19.8,9.1,-3.8,-12.0,-8.4,-3.7,2.7,8.1,12.7,15.4,14.6,9.2,4.0,-3.5,-10.3,2.3,14.2,3.2,-9.9,-0.6,3.0,8.9,15.2,20.5,24.0,26.2,26.0,21.2,16.0,8.0,1.2,14.9,25.4,15.1,2.4,5.4,6.6,5.6,7.9,10.6,12.4,13.2,11.1,9.0,6.6,6.5,4.3,24.0,36.7,22.1,14.7,12.2,23.8,23.5,45.3,77.3,100.5,115.9,82.3,50.0,29.8,26.4,9.3,146.1,298.7,106.2,40.5
CHINA,2007,-5.9,-0.8,2.8,9.3,15.2,18.6,20.5,20.0,15.4,8.7,1.5,-3.8,9.1,19.7,8.5,-5.9,-12.0,-7.4,-3.1,3.1,8.7,12.8,15.1,14.6,9.7,3.0,-4.9,-9.4,2.9,14.2,2.6,-11.6,0.3,5.7,8.8,15.6,21.7,24.4,25.9,25.5,21.1,14.5,7.9,1.7,15.3,25.3,14.5,-0.3,4.7,5.7,7.4,7.8,9.9,11.8,13.5,12.3,10.8,6.6,3.5,5.1,25.2,37.6,20.8,16.1,11.6,19.6,31.3,42.3,61.8,94.4,114.7,105.8,64.2,30.3,8.6,12.0,135.4,315.0,103.1,42.9
CHINA,2008,-8.2,-5.8,4.4,9.7,14.7,18.3,20.5,19.2,15.4,9.3,1.5,-4.2,9.6,19.3,8.7,-4.0,-13.4,-12.0,-2.0,3.4,8.6,12.7,15.2,13.8,9.7,3.5,-4.4,-10.2,3.4,13.9,3.0,-10.1,-3.0,0.4,10.8,16.1,20.8,24.0,25.9,24.7,21.1,15.0,7.3,1.9,15.9,24.9,14.5,2.1,6.2,4.9,7.2,7.4,10.1,12.3,13.9,13.0,10.3,8.0,5.4,3.6,24.8,39.1,23.7,12.6,17.5,13.4,28.6,41.2,68.9,102.6,122.6,108.6,60.2,42.1,23.4,5.8,138.7,333.8,125.7,26.7
CHINA,2009,-6.3,-1.6,2.7,10.2,14.4,18.4,20.4,19.4,15.5,9.5,-0.5,-5.3,9.1,19.4,8.2,-5.1,-12.4,-7.7,-3.5,3.9,8.2,12.6,15.1,13.8,9.9,3.4,-6.2,-10.8,2.8,13.8,2.4,-10.9,-0.2,4.5,8.9,16.5,20.7,24.2,25.8,25.0,21.2,15.6,5.2,0.1,15.4,25.0,14.0,0.7,4.1,4.9,7.0,7.7,9.7,11.5,13.4,12.1,9.8,6.0,6.8,5.2,24.3,37.0,22.6,15.9,6.7,14.1,31.5,44.9,62.2,94.6,112.9,97.4,55.0,23.4,24.4,13.7,138.6,304.9,102.9,46.7
CHINA,2010,-6.2,-3.7,1.7,7.4,14.3,18.4,21.1,19.9,15.5,8.6,1.9,-5.2,7.8,19.8,8.7,-5.9,-12.2,-9.6,-4.3,1.5,8.5,12.9,15.9,14.5,10.0,3.0,-4.2,-11.2,1.9,14.4,2.9,-11.8,-0.3,2.2,7.8,13.3,20.1,24.0,26.4,25.4,21.0,14.2,8.0,0.9,13.7,25.3,14.4,0.0,5.0,5.7,7.2,8.6,11.2,11.9,13.2,12.7,11.5,7.6,4.7,5.8,27.0,37.8,23.8,15.3,13.7,19.3,32.2,53.7,81.2,97.9,114.5,105.3,78.7,36.8,11.9,17.5,167.1,317.7,127.4,38.5
CHINA,2011,-9.6,-2.8,0.9,9.6,14.1,18.6,20.6,19.8,14.8,9.0,2.2,-5.6,8.2,19.7,8.7,-6.4,-15.0,-9.1,-5.2,3.1,8.0,13.0,15.2,14.2,9.2,3.2,-3.3,-11.1,1.9,14.1,3.0,-12.0,-4.2,3.4,7.0,16.1,20.2,24.2,26.0,25.5,20.4,14.8,7.8,-0.1,14.4,25.2,14.3,-0.9,4.3,5.3,5.6,5.9,10.5,12.6,12.7,11.4,10.4,7.2,6.7,4.1,22.0,36.7,24.3,15.0,8.4,12.6,19.1,21.6,65.6,101.3,98.3,85.3,62.6,37.3,29.6,7.4,106.3,284.9,129.5,41.7
CHINA,2012,-8.6,-5.1,1.6,9.8,15.0,18.5,20.6,19.6,14.9,8.3,0.2,-6.4,8.8,19.6,7.8,-5.7,-14.0,-10.8,-4.3,3.6,8.9,13.1,15.6,14.2,9.2,2.3,-5.4,-11.8,2.7,14.3,2.0,-11.6,-3.2,0.7,7.5,16.1,21.1,23.8,25.7,25.1,20.6,14.4,5.8,-1.1,14.9,24.9,13.6,0.1,6.0,4.9,7.0,7.6,9.8,13.2,14.9,12.1,10.7,6.7,6.5,6.7,24.5,40.1,23.9,16.4,17.9,16.3,31.7,48.3,70.9,107.4,129.4,96.0,71.9,30.2,31.9,19.8,150.9,332.8,134.0,40.7
CHINA,2013,-7.2,-3.5,3.7,8.6,14.6,18.5,20.6,20.1,15.0,9.0,1.4,-4.9,9.0,19.8,8.5,-5.0,-13.3,-9.6,-3.0,2.4,8.8,13.0,15.5,14.5,9.2,2.9,-4.3,-10.8,2.7,14.3,2.6,-11.1,-1.1,2.6,10.4,14.8,20.6,24.2,25.8,25.8,20.7,15.2,7.2,1.1,15.3,25.3,14.4,1.1,4.4,5.3,5.9,7.7,11.2,12.8,14.2,12.2,10.3,6.6,5.9,4.5,24.8,39.2,22.8,13.2,6.7,14.3,28.8,43.4,84.7,95.9,127.2,101.8,64.7,29.3,22.7,17.2,157.0,324.9,116.6,43.3
CHINA,2014,-5.5,-4.6,3.3,9.9,14.2,18.3,20.5,19.0,15.2,9.3,1.8,-5.6,9.1,19.2,8.8,-4.4,-12.1,-10.4,-3.0,3.7,8.0,12.9,15.0,13.7,9.7,3.3,-3.7,-11.4,2.9,13.9,3.1,-10.3,1.1,1.1,9.6,16.1,20.4,23.7,26.0,24.3,20.8,15.3,7.3,0.1,15.4,24.7,14.5,1.6,3.2,5.5,6.0,6.9,10.0,12.6,12.9,12.2,10.3,6.3,5.3,4.0,23.0,37.6,21.8,13.9,5.1,21.0,31.1,40.3,78.8,106.1,114.9,101.6,76.5,28.7,22.6,9.3,150.2,322.6,127.8,38.1
CHINA,2015,-5.3,-2.2,3.4,9.4,14.5,18.1,20.3,19.4,15.0,9.2,1.5,-4.2,9.1,19.3,8.6,-5.1,-11.3,-8.4,-2.8,3.2,8.6,12.7,14.6,13.9,9.6,3.0,-3.7,-9.4,3.0,13.7,2.9,-10.8,0.7,3.9,9.6,15.6,20.5,23.5,26.1,24.9,20.5,15.3,6.8,1.0,15.2,24.8,14.2,0.7,5.0,4.8,5.4,7.9,10.3,12.4,11.6,12.2,11.0,6.9,6.6,6.1,23.5,36.2,24.4,16.6,13.3,15.6,22.2,44.6,80.6,105.7,100.9,103.5,74.6,40.4,31.0,21.3,147.3,310.0,146.0,58.4
CHINA,2016,-7.3,-3.6,3.7,10.2,14.0,18.5,21.0,20.2,15.9,8.5,0.7,-2.9,9.3,19.9,8.4,-3.5,-12.9,-10.1,-2.6,4.2,7.9,12.8,15.5,14.7,10.3,3.0,-5.2,-8.9,3.2,14.3,2.7,-9.5,-1.8,2.8,10.0,16.2,20.2,24.2,26.5,25.8,21.5,14.0,6.6,3.0,15.5,25.5,14.0,2.4,5.8,4.8,5.3,8.4,11.1,12.7,13.1,11.5,10.5,7.9,5.8,4.4,24.9,37.4,24.2,13.9,21.8,15.3,24.3,55.9,77.4,116.1,126.1,97.9,68.6,51.7,29.0,11.9,157.6,340.1,149.2,38.8
CHINA,2017,-5.4,-2.2,2.5,9.8,15.0,18.3,21.4,19.7,15.9,8.7,1.3,-4.4,9.1,19.8,8.6,-5.3,-11.3,-8.3,-3.7,3.6,8.5,12.7,15.8,14.4,10.0,3.0,-4.7,-10.4,2.8,14.3,2.8,-11.4,0.4,3.8,8.7,16.1,21.4,24.0,27.1,25.1,21.7,14.4,7.2,1.7,15.4,25.4,14.5,0.8,4.6,4.9,7.1,8.1,9.3,12.6,12.9,13.5,9.4,7.6,4.2,2.8,24.5,39.1,21.2,11.8,11.8,15.0,37.2,44.9,61.2,120.1,105.0,121.8,62.5,44.6,16.4,6.0,143.3,346.8,123.5,35.6
CHINA,2018,-7.4,-4.0,4.5,10.0,14.8,18.8,21.0,20.2,14.9,8.2,1.1,-5.7,9.8,20.0,8.1,-5.0,-13.2,-10.5,-2.1,3.5,8.6,13.2,15.8,14.9,9.3,2.1,-4.6,-11.2,3.3,14.6,2.3,-10.7,-1.7,2.4,11.1,16.5,21.1,24.5,26.3,25.5,20.6,14.3,6.9,-0.3,16.3,25.4,13.9,0.7,5.2,3.8,6.7,7.6,9.5,11.8,14.0,13.3,10.4,6.1,5.7,5.1,23.8,39.1,22.2,15.6,20.2,9.4,29.4,40.8,71.1,96.4,127.1,124.8,69.7,26.4,25.3,15.8,141.2,348.2,121.4,52.6
CHINA,2019,-5.8,-3.5,3.5,10.3,14.0,18.4,20.5,20.0,16.0,9.2,1.9,-4.8,9.3,19.6,9.1,-4.1,-11.6,-9.3,-3.0,3.9,7.9,12.7,15.0,14.4,10.0,3.3,-4.0,-10.6,2.9,14.0,3.1,-10.1,-0.1,2.4,10.0,16.8,20.1,24.2,26.0,25.6,22.1,15.2,7.8,1.0,15.6,25.2,15.0,1.9,4.6,6.0,6.0,7.8,9.7,11.7,13.8,12.3,9.4,6.7,4.6,4.8,23.6,37.8,20.8,15.6,13.5,23.3,33.0,48.3,71.2,100.2,118.5,110.8,56.7,33.1,14.6,14.0,152.5,329.5,104.4,54.6
CHINA,2020,-5.4,-2.1,3.9,9.2,14.9,18.6,20.3,19.9,15.3,8.4,1.9,-5.8,9.3,19.6,8.5,-4.4,-11.1,-8.5,-2.4,2.6,8.7,12.9,15.0,14.4,9.7,2.4,-3.9,-11.4,3.0,14.1,2.7,-10.7,0.2,4.4,10.2,15.7,21.1,24.3,25.7,25.4,20.9,14.5,7.6,-0.3,15.7,25.2,14.3,1.7,5.6,5.2,6.4,7.0,10.2,12.3,12.7,12.7,10.9,5.9,5.0,3.2,23.5,37.8,21.8,12.2,19.5,21.2,33.3,33.2,72.4,112.3,119.4,115.4,82.3,32.6,17.1,6.3,138.9,347.0,132.0,34.2
CHINA,2021,-6.6,-0.9,4.5,9.0,14.5,18.7,21.2,19.4,16.4,8.8,1.2,-4.1,9.3,19.8,8.8,-4.9,-12.9,-7.6,-1.7,3.1,8.3,13.0,15.8,14.1,10.5,3.1,-4.9,-10.1,3.2,14.3,2.9,-10.8,-0.3,5.8,10.6,14.9,20.6,24.4,26.7,24.8,22.3,14.6,7.2,2.0,15.4,25.3,14.7,1.0,3.5,5.6,6.6,7.4,10.2,11.9,13.0,12.8,10.7,7.5,5.8,3.7,24.2,37.7,24.0,15.2,6.2,21.7,28.0,39.8,77.2,98.0,118.9,126.7,77.5,49.1,21.2,10.4,145.0,343.7,147.8,57.1
CHINA,2022,-5.8,-4.9,4.6,10.1,14.4,19.0,21.3,20.1,16.1,8.8,2.6,-6.0,9.7,20.1,9.2,-4.7,-11.5,-10.8,-1.7,3.6,8.3,13.3,15.6,14.5,10.1,2.8,-3.2,-12.0,3.4,14.5,3.2,-10.8,0.0,1.0,11.1,16.7,20.6,24.7,27.1,25.7,22.3,14.7,8.5,-0.1,16.1,25.8,15.2,1.4,5.5,6.1,6.8,7.5,10.1,12.3,12.0,10.9,8.4,6.5,5.8,3.5,24.4,35.3,20.7,13.1,18.2,28.5,37.9,45.9,76.5,111.2,107.5,80.6,50.3,28.8,27.9,8.8,160.3,299.3,107.0,35.2
CHINA,2023,-6.4,-1.7,4.8,9.1,14.1,19.0,21.3,20.3,16.3,10.2,1.8,-4.7,9.3,20.2,9.4,-4.7,-12.7,-7.7,-1.9,2.9,8.1,13.1,15.8,14.9,10.6,4.1,-4.3,-10.6,3.0,14.6,3.5,-10.7,-0.0,4.2,11.5,15.4,20.2,24.9,26.8,25.7,22.1,16.3,7.8,1.2,15.7,25.8,15.4,1.2,4.5,5.1,5.7,7.7,10.3,11.4,12.5,13.0,11.0,7.7,6.0,5.1,23.8,36.9,24.6,16.5,10.3,16.1,27.6,45.1,67.3,94.9,111.0,116.4,70.7,38.8,19.5,10.7,139.9,322.3,129.0,48.4
CHINA,2024,-5.6,-3.8,3.7,10.8,15.2,18.9,21.5,21.0,15.9,9.7,3.1,-4.7,9.9,20.5,9.6,-999.0,-11.7,-9.7,-2.7,4.7,9.0,13.4,16.2,15.3,10.3,3.8,-2.6,-10.5,3.7,15.0,3.8,-999.0,0.4,2.1,10.1,16.9,21.4,24.5,26.9,26.7,21.5,15.6,8.8,1.0,16.1,26.1,15.3,-999.0,5.5,6.0,5.9,8.2,9.7,12.6,13.6,11.8,10.5,8.0,6.1,3.5,23.8,38.0,24.5,-999.0,15.2,22.4,23.1,59.0,70.2,115.8,141.1,99.5,71.5,37.4,22.5,6.0,152.3,356.4,131.4,-999.0
EGYPT,1901,12.4,16.5,18.9,22.5,24.7,28.1,28.9,28.7,26.6,23.9,18.3,14.9,22.0,28.6,22.9,14.5,5.4,9.0,11.5,14.4,16.7,20.3,21.4,21.4,19.4,16.8,11.2,8.2,14.2,21.0,15.8,7.4,19.6,24.0,26.3,30.6,32.7,36.0,36.5,36.0,33.9,31.0,25.3,21.7,29.9,36.2,30.1,21.5,2.3,0.7,0.6,0.4,1.0,0.3,0.3,0.2,0.2,0.3,0.7,1.5,1.9,0.8,1.1,5.0,11.1,1.6,1.5,0.9,4.9,0.3,0.5,0.7,0.3,0.8,2.5,6.2,7.3,1.5,3.6,19.0
EGYPT,1902,12.4,16.0,17.3,21.8,25.4,27.2,28.3,28.3,27.3,24.0,17.9,13.5,21.5,27.9,23.1,12.7,5.6,8.5,9.7,13.9,17.9,19.4,21.1,21.3,20.3,17.2,11.0,6.7,13.8,20.6,16.1,5.7,19.3,23.6,24.9,29.8,33.0,35.1,35.6,35.4,34.3,30.9,24.8,20.3,29.2,35.3,30.0,19.7,2.2,1.4,0.9,0.9,0.5,0.3,0.3,0.2,0.1,0.4,1.0,1.2,2.2,0.8,1.6,4.2,9.4,3.4,2.2,2.8,0.9,0.3,0.5,0.7,0.2,1.2,4.0,5.1,5.9,1.5,5.4,14.8
EGYPT,1903,11.7,12.9,16.8,21.8,25.6,27.2,27.5,28.0,25.5,22.5,17.3,14.4,21.4,27.6,21.8,13.9,4.8,5.5,9.1,14.3,17.7,19.5,20.4,21.3,18.4,15.9,10.4,7.8,13.7,20.4,14.9,7.1,18.6,20.3,24.5,29.3,33.6,34.8,34.7,34.8,32.7,29.2,24.2,21.0,29.2,34.8,28.7,20.8,1.6,1.5,1.4,0.4,0.3,0.3,0.3,0.2,0.1,0.3,0.6,1.0,2.2,0.8,1.0,4.9,5.9,3.7,4.9,1.2,0.8,0.3,0.5,0.7,0.2,0.9,1.9,3.8,6.8,1.4,3.1,18.1
EGYPT,1904,12.5,14.9,17.5,20.9,24.6,27.1,28.1,28.2,26.2,24.5,17.2,12.7,21.0,27.8,22.6,12.0,5.7,7.7,10.2,13.1,16.9,19.6,20.7,21.0,19.1,17.4,10.5,5.9,13.4,20.4,15.7,5.1,19.3,22.1,24.9,28.7,32.4,34.8,35.7,35.5,33.5,31.6,24.0,19.6,28.7,35.3,29.7,19.0,2.1,1.8,0.5,0.9,0.4,0.3,0.3,0.2,0.1,0.4,1.1,1.8,1.8,0.8,1.7,4.8,8.6,5.7,1.7,3.0,1.7,0.3,0.5,0.7,0.2,1.2,4.8,10.0,6.4,1.4,6.2,19.6
EGYPT,1905,11.4,12.0,16.0,21.7,25.9,28.1,29.2,28.8,27.3,25.0,20.1,13.4,21.2,28.7,24.1,13.5,4.5,4.9,8.6,14.0,18.0,20.4,22.0,21.9,20.5,18.1,13.3,6.7,13.5,21.4,17.3,6.6,18.3,19.2,23.4,29.5,33.8,35.8,36.5,35.8,34.1,31.9,26.9,20.1,28.9,36.0,31.0,20.4,1.6,1.4,1.5,0.7,0.3,0.3,0.3,0.2,0.1,0.4,0.5,1.9,2.4,0.8,1.0,4.6,5.5,4.2,5.5,2.9,0.7,0.3,0.5,0.7,0.2,1.6,2.1,11.1,9.1,1.4,3.8,18.1
EGYPT,1906,12.6,14.5,17.8,22.1,25.2,28.7,29.1,28.9,26.2,24.1,19.1,15.7,21.7,28.9,23.1,14.4,5.7,7.3,10.5,13.9,17.6,21.2,21.9,21.8,19.0,17.0,12.4,8.8,14.0,21.6,16.1,7.4,19.5,21.7,25.2,30.4,33.0,36.2,36.4,36.0,33.5,31.1,25.8,22.6,29.5,36.2,30.1,21.5,1.5,1.2,1.0,0.5,1.1,0.3,0.3,0.2,0.1,0.5,0.5,0.5,2.5,0.8,1.1,4.4,4.0,3.0,2.6,1.8,3.5,0.3,0.5,0.7,0.2,3.1,2.4,1.8,7.9,1.5,5.7,17.2
EGYPT,1907,13.0,14.5,15.8,21.2,25.4,27.8,28.7,28.6,26.2,23.4,17.7,14.6,20.8,28.4,22.4,14.0,6.1,7.2,8.1,13.2,17.4,20.5,21.7,21.8,18.9,16.5,10.8,7.9,12.9,21.3,15.4,7.0,20.0,21.8,23.6,29.3,33.4,35.2,35.7,35.5,33.5,30.3,24.7,21.3,28.8,35.5,29.5,21.0,2.3,1.5,1.3,0.7,0.3,0.3,0.3,0.2,0.1,0.8,1.2,0.9,2.2,0.8,2.0,5.5,11.3,4.2,4.3,1.9,0.6,0.3,0.5,0.7,0.1,2.2,4.8,3.2,6.8,1.5,7.1,24.4
EGYPT,1908,13.0,14.3,17.9,22.3,26.1,28.2,28.3,28.3,26.5,23.9,17.7,13.1,22.1,28.3,22.7,13.5,5.9,7.1,10.5,14.4,18.5,20.6,21.2,21.2,19.5,16.5,10.6,6.4,14.5,21.0,15.6,6.4,20.2,21.4,25.3,30.2,33.8,35.9,35.4,35.4,33.5,31.3,24.9,19.8,29.8,35.6,29.9,20.6,2.7,1.8,1.6,1.0,0.4,0.3,0.3,0.2,0.1,0.4,0.8,1.3,3.0,0.8,1.3,3.8,15.3,5.9,6.7,3.6,0.8,0.4,0.5,0.7,0.1,2.0,4.1,5.6,11.2,1.5,6.3,14.6
EGYPT,1909,12.8,14.6,19.5,20.8,27.9,28.9,29.6,29.4,27.4,24.3,19.7,15.9,22.7,29.3,23.8,14.4,5.7,7.1,12.1,12.7,19.9,21.4,22.8,22.4,20.6,17.4,12.8,9.1,14.9,22.2,16.9,7.5,19.9,22.1,26.9,28.9,36.0,36.5,36.4,36.4,34.2,31.2,26.6,22.7,30.6,36.5,30.7,21.5,1.7,0.8,0.5,0.9,0.4,0.3,0.3,0.2,0.1,0.5,0.7,0.9,1.8,0.8,1.3,3.2,6.5,2.4,1.8,4.2,1.1,0.2,0.5,0.7,0.2,2.0,2.5,4.1,7.1,1.4,4.6,12.1
EGYPT,1910,12.6,14.9,15.3,23.0,25.9,27.9,29.1,29.1,27.0,22.8,18.0,13.5,21.4,28.7,22.6,12.9,5.7,7.6,7.5,15.2,18.1,20.3,22.2,22.2,20.1,15.8,11.2,6.8,13.6,21.6,15.7,5.9,19.5,22.2,23.2,30.9,33.8,35.4,36.0,36.1,34.0,29.9,24.9,20.2,29.3,35.8,29.6,19.8,1.7,0.7,1.5,0.7,0.5,0.3,0.3,0.2,0.1,0.2,1.0,0.8,2.8,0.8,1.4,5.0,6.3,1.7,5.9,2.1,1.3,0.2,0.5,0.7,0.2,0.5,3.4,2.7,9.3,1.4,4.1,18.2
EGYPT,1911,12.6,12.6,16.7,21.6,25.8,27.8,28.8,28.6,26.4,24.0,19.0,14.4,21.4,28.4,23.1,14.0,5.8,5.2,9.1,13.7,17.9,20.2,21.4,21.2,18.8,17.0,12.2,7.6,13.6,20.9,16.0,7.0,19.4,20.0,24.2,29.5,33.8,35.5,36.3,36.1,34.0,31.1,25.9,21.2,29.2,35.9,30.3,21.0,2.1,2.2,1.1,0.7,0.4,0.3,0.3,0.2,0.1,0.6,1.2,1.4,2.1,0.8,1.9,4.8,7.9,7.6,3.4,2.3,0.7,0.2,0.5,0.7,0.2,3.1,4.0,7.2,6.5,1.4,7.3,19.0
EGYPT,1912,12.4,15.2,17.6,21.9,24.7,27.7,28.3,28.2,26.6,23.9,18.7,13.8,21.4,28.1,23.0,13.6,5.5,7.9,10.4,13.8,16.8,20.2,21.0,21.4,19.8,16.6,11.9,7.1,13.7,20.9,16.1,6.6,19.3,22.6,24.8,30.0,32.7,35.3,35.7,34.9,33.4,31.2,25.4,20.7,29.2,35.3,30.0,20.7,1.4,2.0,0.8,0.4,0.6,0.3,0.3,0.2,0.1,0.3,0.8,1.7,1.7,0.8,1.2,4.6,5.1,6.7,2.3,1.1,1.5,0.2,0.5,0.7,0.2,1.0,3.0,7.6,4.8,1.4,4.1,16.3
EGYPT,1913,13.0,13.9,16.5,22.3,24.8,27.2,28.6,28.4,27.3,24.2,17.8,13.5,21.2,28.1,23.1,13.7,6.2,6.4,9.0,14.3,17.0,19.7,21.7,21.4,20.2,17.1,11.0,6.8,13.4,20.9,16.1,6.7,19.9,21.4,24.1,30.4,32.7,34.7,35.6,35.5,34.5,31.4,24.7,20.3,29.1,35.3,30.2,20.8,0.8,2.0,0.9,0.4,0.4,0.3,0.3,0.2,0.1,0.7,0.9,1.5,1.7,0.8,1.8,3.6,2.5,6.2,2.5,1.2,2.9,0.2,0.5,0.7,0.2,3.7,4.4,6.3,6.6,1.4,8.2,12.6
EGYPT,1914,13.1,14.5,18.8,20.3,26.1,28.5,28.9,29.5,27.0,23.5,19.3,14.9,21.8,29.0,23.3,15.3,6.2,7.0,11.4,12.1,18.4,20.8,21.7,22.3,19.9,16.7,12.5,8.2,14.0,21.6,16.4,8.4,20.1,22.0,26.3,28.6,33.9,36.3,36.2,36.7,34.2,30.4,26.2,21.6,29.6,36.4,30.3,22.2,0.7,1.4,0.7,1.2,0.4,0.3,0.3,0.2,0.2,0.2,1.0,1.8,2.2,0.8,1.5,4.1,2.2,4.0,2.0,4.3,0.9,0.2,0.5,0.7,0.2,0.6,4.9,8.2,7.2,1.4,5.7,14.5
EGYPT,1915,14.9,16.0,18.5,22.2,25.8,29.6,29.8,29.6,27.3,24.9,19.8,16.2,22.1,29.7,24.0,14.6,8.1,8.7,11.1,14.1,17.8,21.6,22.8,22.5,20.2,17.8,12.9,9.4,14.4,22.3,17.0,7.6,21.7,23.3,25.9,30.2,33.8,37.6,36.9,36.6,34.5,32.1,26.7,23.0,30.0,37.1,31.1,21.7,1.3,1.0,1.2,0.5,0.3,0.3,0.3,0.2,0.1,0.2,0.5,1.1,2.0,0.8,0.7,5.7,3.5,2.9,3.6,1.7,0.9,0.2,0.5,0.7,0.2,0.4,1.9,3.4,6.2,1.4,2.5,22.7
EGYPT,1916,12.3,15.4,19.7,22.9,27.1,30.5,30.4,28.9,26.8,23.1,20.9,16.2,23.3,29.9,23.6,15.2,5.4,8.1,12.3,15.0,19.1,23.1,23.1,21.7,19.7,16.2,14.0,9.5,15.4,22.6,16.6,8.1,19.3,22.8,27.2,31.0,35.1,38.0,37.7,36.1,34.0,30.1,27.9,23.1,31.1,37.2,30.6,22.4,2.6,2.0,1.4,0.7,0.3,0.3,0.3,0.2,0.1,0.3,1.1,1.4,2.4,0.7,1.6,6.1,13.0,6.3,5.3,2.1,0.7,0.3,0.5,0.7,0.2,1.5,4.7,6.2,8.1,1.4,6.4,26.7
EGYPT,1917,14.2,15.3,19.1,23.1,24.6,27.8,29.0,29.2,26.7,23.3,21.3,14.5,22.3,28.7,23.8,13.7,7.3,7.6,11.5,15.3,16.2,19.7,21.8,22.1,19.5,16.1,14.6,7.6,14.3,21.2,16.7,6.7,21.2,22.9,26.7,31.0,33.0,35.9,36.3,36.3,33.9,30.5,28.1,21.4,30.2,36.2,30.9,20.7,2.5,2.2,0.9,0.4,0.4,0.3,0.3,0.2,0.1,0.4,1.0,1.8,1.7,0.7,1.6,5.0,12.1,8.4,2.3,1.1,1.0,0.3,0.5,0.7,0.2,1.2,3.7,7.9,4.4,1.4,5.2,17.8
EGYPT,1918,12.6,14.0,17.6,22.1,25.7,28.2,29.8,28.6,27.6,25.8,20.7,14.8,21.8,28.9,24.7,15.4,5.7,6.7,9.6,14.4,17.6,20.5,22.7,21.5,20.8,19.0,13.8,8.0,13.9,21.6,17.9,8.5,19.5,21.3,25.6,29.9,33.9,36.0,37.0,35.8,34.4,32.8,27.6,21.6,29.8,36.3,31.6,22.4,1.4,1.8,1.6,1.0,0.5,0.3,0.3,0.2,0.1,0.8,1.2,1.4,3.0,0.8,2.2,4.4,4.4,5.6,6.4,3.6,1.8,0.3,0.5,0.7,0.2,4.2,5.6,4.9,11.7,1.4,10.1,17.2
EGYPT,1919,14.9,16.5,19.8,22.1,24.8,27.5,29.4,28.4,27.7,25.6,20.5,14.3,22.2,28.4,24.6,13.2,8.1,9.2,12.5,14.3,16.6,19.7,22.6,21.2,20.5,18.4,13.8,7.5,14.5,21.2,17.5,6.2,21.8,23.8,27.1,30.0,33.0,35.3,36.3,35.7,34.9,32.8,27.2,21.1,30.1,35.8,31.6,20.3,2.3,0.7,0.5,0.5,0.4,0.3,0.3,0.2,0.1,0.4,0.9,1.5,1.4,0.8,1.4,4.7,10.5,1.7,1.5,1.5,1.7,0.2,0.5,0.7,0.2,0.9,3.8,6.4,4.7,1.4,4.9,19.7
EGYPT,1920,13.0,12.4,17.3,23.0,25.6,28.5,29.1,30.0,26.9,24.4,18.3,14.0,22.0,29.2,23.2,13.6,6.2,4.8,9.6,15.3,17.6,20.8,22.0,23.1,20.0,16.9,11.1,7.3,14.2,22.0,16.0,6.5,20.0,20.0,25.1,30.7,33.5,36.4,36.3,36.9,33.9,31.9,25.6,20.8,29.8,36.5,30.5,20.6,1.2,2.1,1.9,0.6,0.5,0.3,0.3,0.2,0.1,0.2,0.7,1.8,3.0,0.8,1.0,5.4,4.3,8.9,7.1,2.1,1.2,0.2,0.5,0.7,0.1,0.4,3.2,9.2,10.4,1.4,3.8,22.3
EGYPT,1921,13.1,13.6,16.2,23.0,25.4,28.2,29.8,30.1,26.5,23.7,18.9,14.7,21.5,29.4,23.0,14.3,6.2,6.1,8.3,14.8,17.3,20.6,22.1,22.9,18.9,16.2,11.9,7.9,13.5,21.9,15.7,7.2,20.0,21.2,24.1,31.3,33.6,35.9,37.5,37.5,34.1,31.2,25.9,21.5,29.7,37.0,30.4,21.4,2.1,1.5,1.5,0.4,1.0,0.3,0.3,0.2,0.1,0.3,0.6,1.9,2.9,0.8,0.9,4.3,8.9,4.3,6.1,1.4,4.2,0.3,0.5,0.7,0.1,0.6,2.4,9.6,11.7,1.5,3.2,17.9
EGYPT,1922,13.4,14.8,18.2,22.7,25.7,28.2,29.5,29.3,27.7,25.5,20.8,13.8,22.2,29.0,24.6,14.2,6.4,7.3,10.6,14.9,17.4,20.5,22.5,22.2,20.9,18.3,14.0,7.1,14.3,21.7,17.7,7.2,20.5,22.3,25.8,30.7,34.0,36.1,36.6,36.4,34.5,32.7,27.7,20.6,30.1,36.3,31.6,21.2,1.8,0.7,1.3,0.3,0.5,0.3,0.3,0.2,0.1,0.1,0.5,1.5,2.2,0.8,0.7,3.6,5.8,2.4,4.0,0.9,1.7,0.2,0.5,0.7,0.1,0.4,2.8,7.2,6.5,1.4,3.3,13.3
EGYPT,1923,14.2,14.6,17.9,21.7,26.0,29.8,28.8,28.8,27.5,24.0,20.1,15.3,21.9,29.1,23.9,14.6,7.3,7.4,10.0,13.3,18.1,22.3,21.5,21.5,20.4,17.0,13.2,8.4,13.8,21.7,16.9,7.6,21.2,21.9,25.8,30.1,34.0,37.4,36.2,36.1,34.7,31.0,27.1,22.3,30.0,36.6,31.0,21.8,0.9,1.2,0.5,0.4,0.5,0.3,0.3,0.2,0.1,0.8,0.7,1.1,1.4,0.8,1.7,4.4,2.8,3.3,1.4,1.5,1.5,0.2,0.5,0.7,0.1,3.6,2.5,4.5,4.4,1.4,6.2,16.6
EGYPT,1924,12.9,15.7,18.8,23.4,25.2,29.3,29.8,29.3,27.7,23.9,18.5,14.5,22.5,29.4,23.4,13.1,5.9,8.3,11.0,15.4,17.2,21.4,22.4,22.3,20.8,16.9,11.6,7.8,14.5,22.0,16.4,6.1,19.9,23.1,26.6,31.5,33.3,37.2,37.2,36.4,34.7,30.9,25.6,21.2,30.5,36.9,30.4,20.2,2.2,1.1,1.1,0.3,0.4,0.3,0.3,0.2,0.1,0.5,1.4,1.8,1.7,0.8,2.0,4.5,8.2,3.8,4.4,0.8,0.8,0.2,0.5,0.7,0.2,1.4,8.2,8.1,6.0,1.4,9.8,19.7
EGYPT,1925,11.0,13.9,19.8,21.7,26.3,28.3,29.4,29.1,28.0,24.9,20.5,16.1,22.6,28.9,24.5,14.6,4.0,6.5,12.1,13.6,18.1,20.3,21.9,21.9,20.8,17.6,13.5,9.1,14.6,21.4,17.3,7.6,18.0,21.3,27.5,29.8,34.4,36.3,37.0,36.2,35.1,32.4,27.6,23.2,30.6,36.5,31.7,21.7,2.2,0.5,1.2,0.5,0.3,0.3,0.3,0.2,0.2,0.8,1.3,0.9,2.0,0.8,2.2,3.2,10.3,1.3,2.9,2.0,0.7,0.3,0.5,0.7,0.2,2.2,6.3,2.4,5.5,1.5,8.7,9.1
EGYPT,1926,13.2,14.6,17.2,23.0,27.7,29.6,28.7,28.0,26.1,24.2,19.4,15.0,22.6,28.8,23.2,13.9,6.3,7.4,9.5,14.8,19.9,21.8,21.5,20.9,18.9,17.0,12.5,8.2,14.7,21.4,16.1,6.7,20.2,21.8,24.8,31.2,35.6,37.4,36.0,35.2,33.3,31.5,26.4,21.9,30.5,36.2,30.4,21.0,1.4,0.9,1.7,0.8,0.3,0.3,0.3,0.2,0.1,0.2,0.4,1.2,2.8,0.7,0.7,3.7,4.1,2.7,7.0,2.1,0.6,0.2,0.5,0.7,0.1,0.4,1.5,4.9,9.8,1.4,2.1,14.8
EGYPT,1927,13.7,12.8,18.4,21.5,27.3,28.7,29.9,29.2,27.4,26.1,20.4,16.3,22.4,29.3,24.6,15.2,6.8,5.2,10.5,13.6,19.1,20.8,23.0,22.2,20.7,18.8,13.5,9.3,14.4,22.0,17.7,8.1,20.8,20.4,26.4,29.4,35.6,36.5,37.0,36.1,34.1,33.4,27.4,23.4,30.5,36.5,31.6,22.3,0.7,1.8,0.3,0.5,0.3,0.3,0.3,0.2,0.1,0.2,1.3,0.9,1.1,0.7,1.6,3.4,2.1,7.8,0.8,1.4,0.3,0.2,0.5,0.7,0.1,0.5,5.3,3.3,2.5,1.4,6.0,10.7
EGYPT,1928,15.0,14.1,18.0,24.4,28.2,28.8,29.4,30.0,28.2,24.1,19.4,15.3,23.5,29.4,23.9,14.0,8.2,6.8,10.0,16.2,20.1,20.9,21.7,22.7,20.5,16.8,12.5,8.5,15.4,21.8,16.6,6.8,22.0,21.4,26.0,32.6,36.5,36.7,37.2,37.3,35.8,31.3,26.3,22.2,31.7,37.1,31.2,21.3,0.9,1.5,0.5,0.3,0.3,0.3,0.3,0.2,0.1,0.2,1.0,0.9,1.1,0.7,1.3,3.9,2.2,5.2,1.3,1.6,0.3,0.2,0.5,0.7,0.1,0.3,3.4,3.3,3.2,1.4,3.8,14.7
EGYPT,1929,12.7,14.0,17.0,22.3,28.5,28.9,28.7,29.6,28.4,23.5,20.4,13.7,22.6,29.0,24.1,13.7,5.7,6.1,8.9,14.2,20.2,20.9,21.1,22.2,20.8,16.4,13.2,6.9,14.4,21.4,16.8,6.5,19.7,21.9,25.2,30.6,37.0,36.8,36.3,37.0,36.0,30.7,27.7,20.6,30.9,36.7,31.5,20.9,2.0,1.0,0.6,1.1,0.4,0.3,0.3,0.2,0.1,0.3,1.1,2.4,2.1,0.8,1.6,5.5,8.7,2.7,1.3,4.4,1.6,0.2,0.5,0.7,0.2,0.9,7.0,15.0,7.2,1.4,8.1,25.8
EGYPT,1930,12.7,14.6,18.3,23.2,26.3,29.1,29.7,30.0,27.9,24.5,19.0,17.0,22.6,29.6,23.8,15.4,5.5,7.1,10.2,15.1,18.1,20.9,22.5,22.7,20.9,17.2,12.0,10.1,14.5,22.0,16.7,8.3,19.9,22.2,26.4,31.4,34.5,37.3,36.9,37.3,35.0,31.8,26.0,23.9,30.8,37.2,30.9,22.5,2.0,1.1,0.8,0.6,0.3,0.3,0.3,0.2,0.2,0.3,0.8,1.8,1.8,0.8,1.2,4.0,8.0,2.8,2.7,1.8,2.0,0.2,0.5,0.7,0.2,0.9,2.8,8.7,6.5,1.4,3.9,15.1
EGYPT,1931,14.3,14.9,19.1,22.7,26.1,28.5,29.8,29.9,28.4,25.1,18.6,14.6,22.6,29.4,24.0,14.1,7.5,7.5,11.0,14.4,18.0,20.6,22.6,22.7,21.1,17.5,11.6,7.5,14.5,22.0,16.7,6.8,21.2,22.4,27.2,31.0,34.2,36.4,37.1,37.2,35.7,32.6,25.7,21.7,30.8,36.9,31.4,21.4,0.8,1.5,0.4,0.6,0.5,0.3,0.3,0.2,0.1,0.7,0.7,0.8,1.5,0.7,1.4,4.1,2.5,3.9,1.2,1.3,0.8,0.2,0.5,0.7,0.2,1.7,2.4,2.9,3.2,1.4,4.3,16.1
EGYPT,1932,12.8,14.9,18.5,22.5,25.3,29.5,30.1,29.8,27.7,26.3,19.7,14.4,22.1,29.8,24.6,14.6,5.7,7.3,10.4,14.5,17.3,21.5,22.8,22.3,20.8,19.3,12.7,7.3,14.1,22.2,17.6,7.3,19.9,22.6,26.6,30.5,33.3,37.6,37.4,37.2,34.6,33.3,26.8,21.5,30.1,37.4,31.5,21.8,2.1,1.2,0.2,0.2,0.4,0.3,0.3,0.2,0.1,0.3,1.1,1.0,0.8,0.7,1.5,3.6,9.5,3.7,0.5,0.4,0.5,0.2,0.5,0.7,0.1,0.8,5.1,4.5,1.4,1.4,6.0,10.8
EGYPT,1933,13.3,16.0,18.2,20.5,26.0,29.7,28.6,28.4,26.0,23.1,22.0,15.9,21.6,28.9,23.7,14.0,6.1,8.6,10.2,12.4,18.2,21.7,21.2,21.0,18.6,16.0,15.2,9.0,13.6,21.3,16.6,6.9,20.6,23.4,26.2,28.6,33.9,37.7,36.1,35.9,33.4,30.4,28.9,22.7,29.6,36.6,30.9,21.2,1.3,1.3,0.7,0.4,0.6,0.3,0.3,0.2,0.1,0.1,0.6,1.2,1.7,0.7,0.8,4.6,3.2,3.1,2.1,0.9,1.0,0.2,0.5,0.7,0.3,0.3,1.7,5.0,4.0,1.4,2.3,18.6
EGYPT,1934,13.4,12.8,19.3,23.3,27.1,29.2,29.4,29.5,27.0,24.9,20.7,14.7,23.2,29.4,24.2,14.6,6.4,5.3,11.5,14.9,18.9,21.3,21.8,22.2,19.7,17.9,13.9,8.0,15.1,21.8,17.2,7.6,20.6,20.4,27.2,31.8,35.3,37.2,37.1,36.8,34.4,32.0,27.6,21.5,31.4,37.0,31.4,21.7,2.0,1.4,0.1,0.6,0.8,0.3,0.3,0.2,0.1,0.3,0.4,1.7,1.5,0.7,0.8,3.9,8.0,5.6,0.5,1.6,1.9,0.2,0.5,0.7,0.1,0.6,1.7,8.1,3.9,1.4,2.4,15.2
EGYPT,1935,14.2,15.0,19.1,22.3,28.2,29.9,29.0,29.4,27.2,25.2,17.8,15.2,23.2,29.4,23.4,15.3,7.2,7.6,11.1,14.3,20.2,22.2,21.5,21.9,20.2,18.2,11.0,8.4,15.2,21.8,16.5,8.2,21.2,22.5,27.1,30.4,36.3,37.7,36.5,36.9,34.2,32.3,24.6,22.0,31.3,37.1,30.3,22.4,1.0,1.3,0.6,0.3,0.3,0.3,0.3,0.2,0.1,0.3,0.8,0.5,1.2,0.7,1.3,2.2,2.9,4.3,1.8,0.5,0.3,0.2,0.5,0.7,0.2,0.9,2.8,1.1,2.7,1.4,3.9,5.1
EGYPT,1936,14.5,16.1,19.5,23.7,26.7,28.2,29.7,29.6,26.4,26.3,20.9,13.7,23.3,29.2,24.5,13.7,7.6,8.5,11.6,15.7,18.6,20.3,22.7,22.3,19.2,19.0,14.1,6.8,15.3,21.8,17.4,6.6,21.5,23.7,27.5,31.8,34.9,36.2,36.9,36.8,33.6,33.6,27.8,20.6,31.4,36.6,31.7,20.8,0.6,1.1,0.3,0.2,0.6,0.3,0.3,0.2,0.1,0.4,1.0,2.1,1.1,0.7,1.6,4.5,1.4,2.6,0.7,0.3,1.1,0.2,0.5,0.7,0.2,0.9,4.3,9.1,2.1,1.4,5.4,16.6
EGYPT,1937,11.8,15.6,19.6,23.5,26.3,28.3,29.4,29.1,28.7,25.2,20.2,16.2,23.1,28.9,24.7,14.7,4.8,8.3,12.0,15.8,18.4,20.6,22.4,22.0,21.5,18.0,13.4,9.4,15.4,21.7,17.6,7.6,18.8,22.9,27.1,31.2,34.4,36.1,36.5,36.2,36.0,32.5,27.0,23.2,30.9,36.3,31.8,21.9,1.5,0.8,0.1,1.1,0.2,0.3,0.3,0.2,0.1,0.9,0.7,0.9,1.4,0.7,1.7,4.5,5.7,1.8,0.6,4.1,0.3,0.2,0.5,0.6,0.1,4.6,4.5,2.6,5.0,1.3,9.2,17.1
EGYPT,1938,13.7,14.2,15.9,23.0,25.9,27.9,29.8,29.9,27.3,24.4,18.6,15.7,21.6,29.2,23.4,14.7,6.7,6.8,8.0,15.1,17.9,20.0,22.5,22.7,20.2,17.2,11.8,8.9,13.7,21.7,16.4,7.7,20.7,21.7,23.8,31.1,34.0,35.8,37.1,37.1,34.6,31.5,25.4,22.5,29.6,36.7,30.5,21.9,1.8,1.9,0.9,0.4,0.3,0.3,0.3,0.2,0.2,0.4,1.2,1.0,1.6,0.7,1.8,3.7,6.8,7.6,3.0,1.4,0.5,0.2,0.5,0.6,0.5,0.5,6.0,3.1,4.9,1.3,7.1,12.6
EGYPT,1939,13.9,14.7,17.8,23.2,28.6,28.6,29.6,29.0,28.4,26.3,19.0,16.1,23.2,29.1,24.6,15.2,6.9,7.3,10.3,15.2,20.5,20.6,22.3,21.8,21.2,19.3,12.2,9.2,15.3,21.6,17.6,8.0,20.9,22.1,25.4,31.2,36.8,36.7,36.9,36.4,35.6,33.4,25.9,23.0,31.1,36.7,31.6,22.4,0.7,2.1,1.3,0.3,0.3,0.3,0.3,0.2,0.1,0.4,1.2,0.5,1.9,0.7,1.7,2.9,1.7,7.9,4.7,0.9,0.3,0.2,0.5,0.6,0.1,0.6,6.2,2.4,5.9,1.3,6.9,10.0
EGYPT,1940,13.8,15.8,17.6,23.2,26.8,29.6,29.7,28.4,27.3,25.5,19.2,15.0,22.6,29.2,24.0,15.6,6.5,8.3,10.1,15.4,18.7,21.7,22.6,21.3,20.3,18.3,12.3,8.3,14.7,21.8,17.0,8.6,21.0,23.2,25.2,31.1,35.0,37.6,36.8,35.6,34.4,32.7,26.1,21.8,30.5,36.7,31.1,22.5,1.4,1.0,1.0,0.7,0.3,0.3,0.3,0.2,0.1,0.6,0.5,0.7,2.0,0.7,1.3,2.6,4.9,2.7,2.5,1.9,0.4,0.2,0.5,0.6,0.1,1.7,2.7,3.1,4.8,1.3,4.5,8.7
EGYPT,1941,14.5,17.2,18.1,23.1,28.1,28.8,29.7,29.6,26.9,23.3,20.2,13.3,23.1,29.4,23.4,13.9,7.6,10.0,10.5,15.3,20.3,20.9,22.3,22.9,19.8,16.3,13.3,6.5,15.4,22.0,16.5,6.8,21.4,24.5,25.7,31.0,35.9,36.7,37.3,36.4,33.9,30.3,27.0,20.2,30.9,36.8,30.4,20.9,0.4,1.5,1.3,0.7,0.3,0.3,0.3,0.2,0.1,0.2,0.4,1.5,2.3,0.7,0.8,3.7,1.6,4.0,5.1,1.4,0.4,0.3,0.5,0.6,0.2,0.6,1.8,8.0,6.9,1.3,2.6,16.2
EGYPT,1942,12.6,15.7,18.6,23.7,27.2,29.6,29.0,28.5,26.3,24.3,19.6,15.4,23.2,29.0,23.4,13.8,5.7,8.2,11.0,15.6,19.4,21.9,22.1,21.5,19.3,17.5,12.8,8.6,15.4,21.8,16.5,6.9,19.5,23.1,26.3,31.8,35.1,37.5,35.9,35.6,33.3,31.2,26.4,22.2,31.1,36.3,30.3,20.9,0.9,1.3,1.0,0.3,0.4,0.3,0.3,0.2,0.1,0.7,0.5,0.9,1.6,0.7,1.4,3.7,3.1,5.0,3.3,0.4,0.5,0.3,0.5,0.6,0.2,3.6,2.3,2.9,4.3,1.3,6.1,13.8
EGYPT,1943,12.8,13.3,15.9,19.9,25.7,27.1,29.2,29.1,27.7,25.9,21.5,16.7,20.5,28.5,25.0,14.5,5.9,6.1,7.9,11.9,17.6,19.6,21.8,22.2,20.4,18.7,14.3,9.7,12.5,21.2,17.8,7.5,19.7,20.7,23.9,28.0,33.8,34.6,36.6,36.1,34.9,33.1,28.8,23.7,28.6,35.8,32.3,21.7,1.1,1.7,1.3,0.6,0.5,0.3,0.3,0.2,0.1,1.0,0.3,1.9,2.4,0.7,1.5,3.7,4.6,6.3,4.6,1.7,1.5,0.3,0.5,0.6,0.2,3.8,1.4,8.0,7.8,1.3,5.4,14.5
EGYPT,1944,12.6,14.4,18.5,22.9,24.9,29.5,29.0,29.0,27.5,25.0,18.5,14.7,22.1,29.1,23.7,13.5,5.7,7.1,10.8,14.8,16.8,21.9,21.9,21.6,20.4,17.9,11.8,7.9,14.1,21.8,16.7,6.5,19.5,21.8,26.2,31.1,33.0,37.1,36.1,36.4,34.6,32.2,25.3,21.5,30.1,36.5,30.7,20.7,1.3,0.4,0.7,0.4,1.9,0.3,0.3,0.2,0.2,0.2,1.3,1.6,3.0,0.7,1.7,4.4,5.6,0.9,1.7,0.8,2.8,0.3,0.5,0.6,0.2,0.3,6.6,7.7,5.3,1.3,7.1,16.5
EGYPT,1945,13.0,12.9,15.5,20.9,27.0,27.6,29.6,30.3,27.5,23.4,19.3,14.0,21.1,29.2,23.4,13.9,5.9,5.7,7.8,12.7,19.1,19.8,22.2,23.3,20.4,16.1,12.4,6.9,13.2,21.8,16.3,6.8,20.2,20.2,23.3,29.1,34.9,35.4,37.0,37.4,34.6,30.8,26.2,21.1,29.1,36.6,30.6,21.1,1.0,1.9,1.0,0.4,3.2,0.3,0.3,0.2,0.1,0.2,1.2,0.8,4.6,0.7,1.5,2.4,3.5,5.3,2.8,0.7,2.5,0.3,0.5,0.6,0.1,0.9,5.7,3.4,6.0,1.3,6.8,8.7
EGYPT,1946,14.1,13.8,17.2,22.2,25.8,28.4,29.2,29.4,28.4,24.4,21.0,15.1,21.7,29.0,24.6,14.6,7.0,6.5,9.7,13.7,17.7,20.8,21.8,22.4,21.4,17.4,14.0,8.2,13.7,21.6,17.6,7.5,21.1,21.0,24.8,30.7,34.0,36.1,36.7,36.5,35.4,31.4,28.0,21.9,29.8,36.4,31.6,21.8,0.5,1.1,1.0,0.4,0.6,0.3,0.3,0.2,0.2,0.3,0.5,0.7,2.0,0.7,1.1,3.0,1.5,3.8,2.3,0.5,1.5,0.3,0.5,0.6,0.3,0.9,1.8,1.8,4.2,1.3,3.1,8.2
EGYPT,1947,13.0,15.8,19.5,22.6,27.1,28.7,29.9,29.7,27.1,24.1,19.1,16.4,23.1,29.4,23.4,15.1,5.9,8.4,11.8,14.6,19.1,20.8,22.4,22.2,19.8,16.7,12.3,9.5,15.2,21.8,16.2,8.0,20.1,23.4,27.3,30.7,35.1,36.6,37.4,37.2,34.4,31.7,26.0,23.4,31.0,37.1,30.7,22.2,1.8,0.5,0.8,0.2,0.3,0.3,0.3,0.2,0.1,0.4,1.0,0.4,1.4,0.7,1.5,3.6,5.7,0.7,2.9,0.5,0.5,0.6,0.5,0.6,0.2,1.5,4.9,1.2,3.9,1.6,6.6,12.2
EGYPT,1948,14.3,14.5,15.2,21.1,26.0,28.3,28.9,28.9,26.7,23.4,18.7,13.3,20.8,28.7,22.9,12.7,7.4,7.1,7.2,13.1,17.9,20.5,21.7,21.9,19.8,16.4,11.7,6.4,12.7,21.4,16.0,5.6,21.3,21.9,23.3,29.1,34.2,36.2,36.1,36.0,33.7,30.4,25.8,20.2,28.9,36.1,29.9,19.9,1.2,1.9,1.3,1.1,0.3,0.3,0.3,0.2,0.1,0.3,1.0,1.7,2.8,0.7,1.4,4.8,3.6,7.4,5.7,3.4,0.6,0.2,0.5,0.6,0.2,0.8,4.3,7.5,9.7,1.3,5.3,18.7
EGYPT,1949,12.4,12.5,17.0,19.9,27.5,28.3,28.6,28.2,25.6,23.7,20.3,14.7,21.5,28.4,23.2,13.5,5.3,5.0,9.3,11.8,19.7,20.5,21.2,21.0,18.6,16.5,13.5,8.0,13.6,20.9,16.2,6.5,19.4,20.1,24.8,28.0,35.4,36.1,36.0,35.5,32.7,31.0,27.2,21.5,29.4,35.9,30.3,20.7,1.6,1.4,1.2,0.9,0.6,0.3,0.3,0.2,0.1,0.2,0.7,2.5,2.6,0.7,1.0,5.9,6.4,4.9,3.7,2.3,1.1,0.2,0.5,0.6,0.1,0.2,1.8,13.8,7.1,1.3,2.1,25.6
EGYPT,1950,12.3,13.6,17.6,23.7,25.5,27.8,29.1,29.4,27.2,23.5,19.1,16.4,22.3,28.8,23.3,14.9,5.2,6.1,10.0,15.9,18.0,20.0,22.0,22.3,20.5,16.5,12.1,9.4,14.6,21.4,16.4,7.9,19.3,21.1,25.2,31.6,33.1,35.7,36.3,36.5,34.0,30.6,26.0,23.5,30.0,36.2,30.2,22.0,2.2,1.2,0.7,0.8,0.8,0.3,0.3,0.3,0.1,0.4,0.5,0.4,2.2,0.8,1.0,2.9,8.5,3.3,1.9,1.5,2.5,0.2,0.5,0.7,0.1,1.1,1.8,1.1,5.9,1.4,3.0,7.5
EGYPT,1951,13.6,14.7,19.4,21.9,27.2,28.1,29.1,29.4,28.3,25.3,18.6,13.2,22.9,28.8,24.0,13.9,6.8,7.5,11.9,14.0,19.5,20.4,21.8,22.4,21.5,18.0,11.7,6.5,15.1,21.5,17.1,6.9,20.5,22.1,27.0,30.0,35.0,35.8,36.4,36.4,35.1,32.6,25.5,20.0,30.7,36.2,31.1,20.9,1.0,1.5,0.9,0.3,0.2,0.2,0.3,0.2,0.1,0.3,0.5,1.7,1.5,0.7,0.9,5.3,2.5,3.8,2.1,0.4,0.7,0.2,0.5,0.6,0.2,0.6,1.5,9.5,3.3,1.3,2.3,20.5
EGYPT,1952,13.7,14.8,17.0,22.5,26.0,27.8,28.7,30.2,28.9,25.3,18.9,16.4,21.8,28.9,24.4,14.9,6.8,7.6,9.5,14.3,18.1,20.0,21.6,23.3,22.0,18.3,12.1,9.6,14.0,21.6,17.4,7.9,20.7,22.1,24.5,30.7,34.0,35.6,35.9,37.2,35.8,32.3,25.8,23.3,29.7,36.2,31.3,21.9,1.5,2.1,0.6,0.2,0.3,0.2,0.3,0.3,0.1,0.8,0.3,0.8,1.2,0.8,1.2,2.6,4.5,6.5,1.6,0.3,0.4,0.2,0.5,0.7,0.1,2.1,1.2,2.0,2.3,1.4,3.4,7.0
EGYPT,1953,13.0,15.4,15.8,22.1,26.8,28.9,30.1,29.3,26.4,24.2,17.4,13.4,21.6,29.5,22.7,13.3,6.1,8.1,8.0,14.1,19.1,21.5,23.1,22.3,19.4,17.3,10.8,6.5,13.7,22.3,15.8,6.3,19.9,22.6,23.6,30.2,34.7,36.5,37.2,36.4,33.5,31.1,24.2,20.2,29.5,36.7,29.6,20.4,0.7,1.0,1.4,0.3,0.4,0.2,0.3,0.2,0.1,0.2,1.1,1.8,2.1,0.7,1.4,3.8,2.0,3.0,4.2,0.6,0.8,0.2,0.5,0.6,0.1,0.3,5.5,6.9,5.6,1.3,6.0,12.8
EGYPT,1954,12.1,14.5,18.5,21.4,27.0,28.3,29.5,29.8,26.3,24.0,19.2,14.2,22.3,29.2,23.2,15.1,5.0,7.2,11.2,13.6,19.2,20.7,22.5,23.0,19.5,17.2,12.4,7.5,14.6,22.1,16.4,8.2,19.1,21.8,25.9,29.3,34.9,35.9,36.5,36.6,33.2,30.8,26.0,20.9,30.0,36.4,30.0,22.2,0.4,1.5,0.6,0.9,0.2,0.2,0.3,0.2,0.1,0.6,1.1,2.3,1.7,0.7,1.7,3.2,1.1,4.7,1.8,2.2,0.3,0.2,0.5,0.6,0.1,2.8,5.1,13.8,4.3,1.3,8.1,15.3
EGYPT,1955,14.4,16.8,18.6,22.8,25.8,29.3,29.6,28.5,27.8,25.0,19.3,14.6,22.4,29.1,24.0,15.0,7.4,9.5,11.0,14.9,18.2,21.5,22.6,21.5,20.8,17.7,12.3,7.8,14.7,21.9,16.9,7.9,21.4,24.2,26.3,30.7,33.6,37.0,36.6,35.7,34.9,32.4,26.4,21.4,30.2,36.4,31.2,22.1,0.5,0.3,0.6,0.4,0.2,0.2,0.3,0.2,0.1,0.2,1.3,2.0,1.2,0.7,1.6,4.8,0.9,0.6,1.4,0.7,0.3,0.2,0.5,0.6,0.1,0.3,7.2,9.9,2.4,1.3,7.6,17.5
EGYPT,1956,13.8,16.5,17.2,22.3,24.6,28.6,29.8,30.4,27.2,22.9,19.5,14.4,21.4,29.6,23.2,13.6,6.8,8.9,9.7,14.4,16.5,21.2,22.9,23.5,20.4,15.9,12.3,7.7,13.5,22.5,16.2,6.6,20.9,24.1,24.7,30.2,32.8,36.1,36.8,37.3,34.1,29.9,26.7,21.1,29.2,36.7,30.3,20.6,1.3,1.5,1.1,0.2,0.3,0.2,0.3,0.2,0.1,0.4,0.4,2.9,1.6,0.7,0.9,6.8,4.4,3.1,3.0,0.4,0.4,0.2,0.5,0.6,0.1,1.5,1.2,14.1,3.8,1.3,2.8,29.8
EGYPT,1957,12.1,14.2,17.6,21.7,25.9,28.2,29.2,29.2,28.1,25.5,20.1,14.9,21.7,28.9,24.6,14.5,5.0,6.9,10.1,13.8,18.2,20.4,22.0,22.3,21.4,18.5,13.4,8.0,14.0,21.6,17.7,7.4,19.1,21.6,25.2,29.7,33.7,36.1,36.5,36.2,34.9,32.5,27.0,21.9,29.5,36.3,31.4,21.6,2.1,1.8,1.4,0.5,0.9,0.3,0.3,0.2,0.2,0.7,1.5,1.0,2.7,0.7,2.4,2.8,8.7,7.0,4.9,1.4,2.3,0.3,0.5,0.6,0.3,2.0,5.5,4.2,8.6,1.3,7.8,9.9
EGYPT,1958,13.5,15.0,19.0,24.1,25.4,28.4,29.3,29.4,26.6,23.2,19.9,16.5,22.8,29.0,23.3,13.7,6.5,7.6,11.6,16.2,17.6,20.7,22.2,22.4,19.7,16.4,12.9,9.6,15.1,21.8,16.3,6.7,20.5,22.5,26.4,32.1,33.3,36.1,36.4,36.6,33.6,30.1,26.9,23.4,30.6,36.4,30.2,20.9,1.3,0.5,0.1,0.2,0.1,0.2,0.3,0.2,0.1,0.4,0.4,1.0,0.5,0.7,0.9,3.9,4.9,0.8,0.3,0.3,0.2,0.3,0.5,0.6,0.2,1.5,1.1,2.4,0.9,1.4,2.7,12.3
EGYPT,1959,13.2,11.5,16.8,22.4,26.7,28.5,28.6,28.7,26.1,22.3,18.9,15.0,22.0,28.6,22.4,14.6,6.1,4.2,9.0,14.3,18.7,20.5,21.2,21.5,18.6,14.8,11.7,8.2,14.0,21.0,15.0,7.5,20.4,18.8,24.6,30.6,34.7,36.5,36.0,36.0,33.6,29.9,26.2,21.9,30.0,36.2,29.9,21.8,1.1,1.8,0.5,0.5,0.2,0.2,0.3,0.2,0.1,0.7,0.2,1.6,1.2,0.7,1.0,3.9,3.3,6.6,1.2,0.8,0.5,0.2,0.5,0.6,0.2,4.2,0.7,6.1,2.5,1.3,5.1,13.0
EGYPT,1960,13.5,15.4,18.4,23.1,26.9,27.8,29.0,29.1,27.3,26.2,20.0,18.0,22.8,28.6,24.5,15.0,6.5,7.9,10.7,15.1,18.8,20.0,22.0,22.1,20.5,19.2,13.3,11.5,14.9,21.4,17.7,8.1,20.6,23.0,26.1,31.1,34.9,35.5,36.1,36.1,34.2,33.1,26.8,24.7,30.7,35.9,31.4,21.9,1.6,0.7,1.0,0.3,0.3,0.2,0.3,0.2,0.1,0.2,1.1,0.7,1.7,0.7,1.4,4.2,5.7,1.3,2.8,0.5,1.7,0.2,0.5,0.6,0.1,0.2,4.1,2.1,5.0,1.3,4.4,16.6
EGYPT,1961,13.8,13.1,16.1,22.4,26.0,30.3,28.8,28.9,25.3,22.8,18.3,14.5,21.5,29.4,22.2,14.1,7.0,5.7,8.4,14.5,18.3,22.7,22.0,22.1,18.5,15.9,11.5,7.6,13.7,22.3,15.3,7.1,20.6,20.5,23.8,30.3,33.7,38.0,35.8,35.7,32.2,29.8,25.2,21.4,29.3,36.5,29.1,21.2,1.7,1.8,0.6,0.2,0.7,0.2,0.3,0.3,0.1,0.9,0.5,3.1,1.4,0.8,1.5,6.6,7.5,7.0,1.3,0.4,2.3,0.2,0.5,0.7,0.1,3.5,1.6,13.7,4.0,1.4,5.2,24.1
EGYPT,1962,14.1,13.9,20.4,22.0,25.7,29.2,29.3,30.1,27.7,24.8,22.0,14.8,22.7,29.6,24.8,15.3,7.2,6.7,12.7,14.3,18.3,21.6,22.3,23.2,20.6,17.8,15.1,7.8,15.1,22.4,17.8,8.1,21.0,21.2,28.0,29.8,33.2,37.0,36.3,37.1,34.8,31.9,29.0,21.9,30.3,36.8,31.9,22.6,2.3,1.3,0.1,0.2,0.3,0.2,0.3,0.2,0.2,0.5,0.1,0.5,0.6,0.7,0.9,3.5,7.3,3.2,0.3,0.5,0.5,0.2,0.5,1.2,0.3,1.5,0.5,2.6,1.3,1.9,2.3,10.9
EGYPT,1963,14.8,16.3,17.2,23.2,25.8,29.1,29.6,29.8,28.0,25.7,19.1,15.0,22.1,29.5,24.3,13.5,7.7,8.8,9.6,15.4,18.3,21.5,22.5,22.9,21.2,18.7,12.3,8.1,14.4,22.3,17.4,6.4,22.1,23.7,24.8,31.1,33.4,36.6,36.8,36.8,34.8,32.7,26.0,21.9,29.8,36.7,31.2,20.6,0.5,2.4,0.8,0.5,0.6,0.2,0.3,0.2,0.1,0.3,0.6,1.0,1.8,0.7,1.1,3.7,1.4,6.9,1.9,2.9,2.0,0.2,0.5,0.6,0.2,0.9,2.1,4.1,6.9,1.3,3.2,15.2
EGYPT,1964,11.8,13.7,18.6,22.1,24.4,28.2,28.5,28.7,25.8,24.0,18.6,14.9,21.7,28.5,22.8,14.4,4.9,6.3,11.1,14.3,16.4,20.5,21.3,21.6,18.6,16.9,11.8,8.0,14.0,21.1,15.7,7.4,18.8,21.1,26.0,29.9,32.5,36.0,35.7,35.8,33.0,31.2,25.5,21.8,29.5,35.8,29.9,21.4,1.6,1.2,0.5,0.6,0.4,0.2,0.3,0.2,0.2,0.2,1.0,1.7,1.5,0.7,1.4,5.0,6.8,4.4,1.3,1.7,0.5,0.2,0.5,0.6,0.3,0.2,4.8,9.1,3.4,1.3,5.4,23.2
EGYPT,1965,13.3,15.0,18.8,21.4,24.8,29.5,29.5,29.2,27.4,23.0,18.1,14.4,21.7,29.4,22.8,14.3,6.6,7.7,11.0,13.4,17.1,21.9,22.5,22.2,20.2,15.8,11.1,7.5,13.8,22.2,15.7,7.2,20.1,22.3,26.6,29.3,32.6,37.1,36.4,36.2,34.6,30.2,25.1,21.4,29.5,36.6,30.0,21.4,2.6,0.6,0.9,1.1,0.1,0.2,0.3,0.2,0.1,1.1,0.5,0.6,2.1,0.7,1.7,3.8,12.7,1.3,2.1,2.5,0.2,0.3,0.5,1.1,0.1,5.3,1.3,1.5,4.8,1.9,6.8,12.3
EGYPT,1966,13.7,14.8,17.6,23.0,26.2,29.0,29.2,29.2,27.4,25.3,21.9,14.9,22.3,29.1,24.9,13.6,6.7,7.5,10.0,15.1,18.3,21.4,22.1,22.2,20.5,18.4,15.1,8.1,14.5,21.9,18.0,6.6,20.6,22.1,25.2,31.0,34.1,36.7,36.3,36.3,34.4,32.3,28.8,21.7,30.1,36.4,31.8,20.7,2.0,1.3,0.8,0.2,0.2,0.3,0.3,0.3,0.3,0.4,1.4,1.2,1.3,0.8,2.1,3.5,6.0,4.8,3.8,0.7,2.1,0.3,0.5,0.7,0.6,1.5,7.7,5.0,6.7,1.5,9.9,13.5
EGYPT,1967,12.1,13.8,15.4,21.9,25.0,28.3,28.6,29.1,26.6,23.4,18.2,15.2,20.8,28.7,22.7,13.8,5.1,6.5,8.0,13.9,17.2,20.6,21.3,22.0,19.8,16.6,11.2,8.4,13.1,21.3,15.9,6.8,19.2,21.2,22.8,30.0,32.9,35.9,36.0,36.2,33.4,30.3,25.2,22.0,28.5,36.1,29.6,20.9,1.4,0.9,0.8,0.5,0.6,0.2,0.3,0.2,0.1,1.0,1.4,1.1,1.8,0.7,2.5,2.9,5.2,3.4,2.6,0.6,3.3,0.2,0.5,0.7,0.1,4.4,6.1,3.5,6.5,1.4,10.5,8.8
EGYPT,1968,12.2,14.1,16.9,22.7,27.1,30.0,29.8,29.3,27.3,23.4,19.0,15.0,22.2,29.7,23.2,14.7,5.2,6.9,9.4,14.6,19.5,22.6,22.8,22.4,20.5,16.6,12.3,8.2,14.5,22.6,16.5,7.8,19.3,21.4,24.6,30.9,34.7,37.5,36.9,36.1,34.2,30.3,25.7,21.7,30.0,36.9,30.0,21.7,1.3,0.5,0.9,0.7,0.4,0.3,0.3,0.2,0.2,0.7,0.8,1.2,2.0,0.8,1.6,4.5,4.1,1.2,2.3,2.3,3.0,0.5,0.5,0.6,0.2,3.4,3.8,4.7,7.6,1.6,7.4,18.2
EGYPT,1969,12.5,16.7,20.5,21.1,25.8,29.9,28.0,28.7,28.6,24.7,19.4,15.0,22.5,28.9,24.2,15.0,5.8,9.4,13.1,13.3,18.2,22.3,20.8,21.7,21.4,17.7,12.4,8.1,14.9,21.6,17.2,7.9,19.2,24.2,28.0,28.9,33.5,37.6,35.2,35.7,35.8,31.8,26.4,21.9,30.1,36.2,31.3,22.1,2.6,0.7,1.3,1.0,0.7,0.2,0.3,0.2,0.2,1.4,0.4,0.3,3.0,0.7,2.0,2.1,12.4,1.1,4.8,2.7,1.4,0.2,0.5,0.6,0.2,6.6,1.5,0.7,8.9,1.3,8.3,6.2
EGYPT,1970,14.5,15.4,18.7,22.9,25.9,27.5,28.8,28.7,27.0,22.8,18.5,13.4,22.5,28.3,22.8,14.3,7.6,7.9,11.3,15.2,18.1,19.6,21.8,21.5,20.0,15.8,11.8,6.5,14.8,21.0,15.9,7.2,21.5,22.9,26.2,30.6,33.8,35.5,35.8,35.9,34.0,29.7,25.3,20.3,30.2,35.7,29.7,21.4,1.4,0.4,0.6,0.7,0.2,0.2,0.3,0.2,0.2,0.6,1.2,0.7,1.5,0.7,1.9,3.7,4.9,0.6,1.7,1.5,0.2,0.2,0.5,0.6,0.4,2.5,5.7,2.8,3.4,1.3,8.6,13.2
EGYPT,1971,14.9,14.5,18.7,20.9,26.8,28.2,28.2,29.1,26.9,22.9,17.9,13.9,22.1,28.5,22.6,13.6,8.0,7.2,11.2,13.1,18.9,20.8,21.0,22.2,19.6,15.7,10.9,7.4,14.4,21.3,15.4,6.6,22.0,21.9,26.3,28.7,34.8,35.7,35.5,36.0,34.3,30.2,24.8,20.5,29.9,35.8,29.8,20.5,1.9,1.0,0.6,1.3,0.3,0.2,0.3,0.2,0.1,0.1,0.7,1.7,2.2,0.7,0.9,3.8,8.2,2.2,1.6,5.2,0.5,0.3,0.5,0.6,0.2,0.2,2.7,9.7,7.4,1.3,3.1,15.1
EGYPT,1972,12.7,14.0,17.8,23.5,25.6,28.4,28.8,29.4,28.1,24.5,18.3,13.6,22.3,28.9,23.6,14.1,5.9,6.7,10.0,15.9,18.2,20.9,21.9,22.5,21.1,17.4,11.6,6.6,14.7,21.8,16.7,7.1,19.6,21.4,25.6,31.1,33.1,35.9,35.8,36.5,35.2,31.7,25.0,20.6,29.9,36.1,30.6,21.2,1.3,0.8,1.3,1.8,0.2,0.5,0.3,0.2,0.1,0.4,1.2,0.8,3.4,0.9,1.8,3.2,2.6,2.8,5.1,4.7,0.3,0.3,0.5,0.6,0.1,1.4,5.2,3.4,10.1,1.3,6.8,9.8
EGYPT,1973,12.8,16.0,17.4,21.8,25.7,28.2,29.7,28.3,27.1,24.4,17.1,14.9,21.6,28.8,22.9,13.7,5.9,8.7,9.6,13.9,17.9,20.5,22.6,21.1,20.2,17.3,10.3,8.0,13.8,21.4,15.9,6.7,19.7,23.4,25.2,29.7,33.5,36.0,36.9,35.5,34.2,31.6,24.0,21.8,29.5,36.1,29.9,20.8,1.8,0.6,0.7,1.0,0.2,0.2,0.3,0.2,0.1,0.5,0.9,0.5,2.0,0.7,1.5,4.6,5.4,1.0,3.2,2.1,0.4,0.2,0.5,0.6,0.1,0.8,4.5,1.0,5.7,1.3,5.4,21.0
EGYPT,1974,11.8,14.5,18.8,23.3,25.4,28.3,29.1,28.8,27.4,25.2,18.8,13.5,22.5,28.7,23.8,13.4,5.1,7.1,11.3,15.2,17.6,20.8,22.2,21.7,20.5,18.1,12.0,6.9,14.7,21.5,16.9,6.4,18.5,21.9,26.3,31.5,33.2,35.9,36.0,35.9,34.3,32.4,25.7,20.2,30.3,35.9,30.8,20.4,3.1,1.1,1.7,0.5,0.1,0.2,0.3,0.2,0.2,0.1,0.6,1.8,2.3,0.7,0.8,5.4,17.2,2.8,9.9,1.2,0.2,0.2,0.5,0.6,0.2,0.1,2.3,10.0,11.3,1.3,2.6,24.5
EGYPT,1975,12.3,14.3,18.1,23.8,25.6,28.5,29.1,28.2,26.8,23.5,18.8,14.2,22.5,28.6,23.1,13.3,5.4,6.9,10.7,16.1,18.0,20.9,21.9,21.1,20.0,16.6,12.0,7.6,14.9,21.3,16.2,6.4,19.3,21.8,25.6,31.5,33.3,36.1,36.3,35.4,33.8,30.6,25.6,20.9,30.1,35.9,30.0,20.2,1.5,2.1,0.5,0.9,0.2,0.2,0.3,0.2,0.1,0.2,0.3,1.6,1.6,0.7,0.6,3.8,5.7,8.8,1.0,2.0,0.2,0.2,0.5,0.6,0.2,0.3,0.8,6.9,3.1,1.3,1.3,13.4
EGYPT,1976,12.6,13.0,17.8,22.5,26.5,28.0,28.8,27.8,27.0,25.0,19.4,15.0,22.3,28.2,23.8,14.7,5.8,5.8,10.3,14.4,18.6,20.2,21.5,20.6,20.1,18.1,12.7,8.2,14.5,20.8,16.9,7.7,19.5,20.3,25.3,30.6,34.5,35.8,36.1,35.1,34.1,31.9,26.3,21.9,30.1,35.7,30.7,21.7,1.0,1.3,1.0,1.0,0.8,0.2,0.3,0.2,0.2,1.0,0.6,0.4,2.8,0.7,1.8,2.2,2.8,3.7,2.5,1.2,1.6,0.5,0.5,0.6,0.8,2.5,2.3,1.1,5.3,1.5,5.5,5.7
EGYPT,1977,13.0,16.0,16.9,21.8,26.9,29.1,29.7,29.5,27.3,22.4,18.9,13.3,21.9,29.4,22.9,13.9,6.2,8.7,9.4,14.0,19.1,21.8,22.7,22.7,20.4,15.5,12.0,6.6,14.2,22.4,16.0,6.9,19.9,23.4,24.4,29.7,34.6,36.5,36.8,36.4,34.2,29.4,25.8,20.0,29.6,36.6,29.8,20.8,0.9,0.8,1.2,1.1,0.8,0.3,0.3,0.2,0.2,0.7,0.3,2.0,3.1,0.7,1.2,5.0,3.2,1.5,3.7,3.9,2.0,0.2,0.5,0.6,0.4,2.4,0.7,10.6,9.7,1.3,3.5,20.2
EGYPT,1978,12.8,15.5,18.0,22.9,27.5,28.5,29.8,27.7,26.8,24.9,17.0,14.8,22.8,28.7,22.9,14.8,6.0,8.2,10.7,14.9,19.7,21.1,22.8,20.8,20.1,18.1,10.3,8.1,15.1,21.6,16.2,7.9,19.6,22.8,25.4,30.9,35.4,36.0,36.8,34.7,33.5,31.9,23.7,21.5,30.5,35.8,29.7,21.8,2.2,0.8,1.1,0.4,0.1,0.5,0.3,0.2,0.3,0.6,0.7,1.7,1.6,1.0,1.7,3.9,7.7,1.9,3.1,0.8,0.2,1.0,0.5,0.6,0.2,2.9,3.1,4.8,4.0,2.0,6.2,10.4
EGYPT,1979,13.5,16.3,19.4,23.8,26.1,29.6,29.2,29.2,27.0,24.8,20.1,13.5,23.1,29.4,24.0,13.4,6.5,9.1,12.0,16.1,18.5,22.2,22.3,22.4,20.0,18.0,13.2,6.9,15.5,22.3,17.1,6.5,20.5,23.5,26.8,31.5,33.8,37.1,36.2,36.1,34.0,31.7,27.0,20.2,30.7,36.5,30.9,20.3,0.6,1.5,1.1,0.3,0.3,0.3,0.3,0.2,0.1,0.6,0.8,1.9,1.7,0.7,1.5,5.4,1.5,4.1,2.5,0.4,3.3,0.4,0.5,0.6,0.2,2.5,3.0,8.3,6.2,1.5,5.7,18.6
EGYPT,1980,12.8,13.8,18.3,22.5,26.6,28.6,29.7,29.3,26.4,24.2,19.9,14.6,22.5,29.2,23.5,13.4,6.0,6.7,10.9,14.7,18.6,21.1,22.8,22.5,19.7,17.2,13.2,7.9,14.8,22.1,16.7,6.5,19.7,20.9,25.7,30.4,34.7,36.1,36.6,36.2,33.2,31.3,26.7,21.4,30.3,36.3,30.4,20.3,1.3,2.2,1.0,0.5,0.2,0.2,0.3,0.2,0.1,0.2,0.5,1.3,1.7,0.7,0.9,3.7,2.9,7.4,2.6,1.1,0.3,0.2,0.5,0.6,0.2,0.4,2.3,6.7,4.0,1.3,2.8,13.9
EGYPT,1981,11.6,13.9,18.5,23.4,25.5,29.0,29.4,29.2,26.9,25.2,17.3,15.2,22.5,29.2,23.1,14.1,4.8,6.7,11.3,15.6,17.7,21.8,22.5,22.2,19.9,18.3,10.5,8.3,14.9,22.2,16.2,7.1,18.5,21.1,25.9,31.3,33.2,36.3,36.3,36.1,33.9,32.1,24.1,22.2,30.1,36.2,30.1,21.2,1.3,1.1,0.7,0.7,0.2,0.2,0.3,0.2,0.1,0.2,0.8,0.1,1.5,0.7,1.1,4.6,4.8,2.4,1.7,1.2,0.2,0.2,0.5,0.8,0.1,0.7,2.4,0.3,3.2,1.5,3.3,14.9
EGYPT,1982,14.1,13.1,16.4,23.3,24.6,28.3,28.7,29.2,27.4,25.0,16.9,13.5,21.4,28.7,23.1,12.5,7.1,6.0,8.9,15.4,16.9,20.9,21.6,22.3,20.4,18.3,10.3,6.7,13.8,21.6,16.3,5.6,21.1,20.3,23.9,31.1,32.4,35.9,35.8,36.1,34.5,31.8,23.7,20.3,29.1,35.9,30.0,19.5,1.7,2.8,0.9,1.3,0.7,0.4,0.3,0.2,0.2,0.4,1.5,1.0,2.9,0.8,2.0,4.6,4.6,10.0,4.9,2.3,1.6,0.2,0.5,0.6,0.3,0.8,5.4,4.4,8.8,1.3,6.5,18.9
EGYPT,1983,11.2,12.9,15.8,21.0,26.1,28.5,29.6,28.7,26.9,22.5,19.6,14.7,21.0,28.9,23.0,14.2,4.4,5.8,8.5,13.2,18.6,20.9,22.2,21.6,20.0,15.4,12.5,7.8,13.4,21.6,16.0,7.1,18.0,20.2,23.3,28.8,33.6,36.1,37.0,35.9,33.8,29.6,26.8,21.7,28.5,36.3,30.0,21.3,2.0,1.6,1.6,0.3,0.2,0.4,0.3,0.2,0.1,0.3,0.6,0.8,2.1,0.9,1.0,2.5,9.5,4.9,4.4,0.4,0.3,0.8,0.5,0.6,0.1,0.9,3.0,2.4,5.1,1.8,4.1,6.8
EGYPT,1984,12.9,14.9,18.3,21.9,27.5,27.5,28.5,28.2,27.5,24.4,18.4,14.3,22.6,28.1,23.5,14.5,6.0,7.5,10.8,13.8,19.8,20.1,21.5,21.0,20.7,17.5,11.7,7.5,14.8,20.9,16.6,7.4,19.8,22.3,25.8,30.0,35.2,35.0,35.6,35.4,34.3,31.4,25.2,21.2,30.4,35.3,30.3,21.7,1.3,0.4,1.5,0.4,0.1,0.2,0.3,0.2,0.1,0.3,1.1,1.0,2.0,0.7,1.5,3.6,3.6,0.7,3.9,0.8,0.2,0.2,0.5,0.6,0.1,1.4,3.6,3.9,5.0,1.3,5.2,11.8
EGYPT,1985,15.1,14.0,18.3,22.6,27.2,29.1,28.8,29.5,26.8,22.3,19.8,15.2,22.7,29.2,23.0,14.9,8.1,6.5,10.9,14.8,19.6,21.7,21.6,22.6,19.9,15.4,13.0,8.6,15.1,22.0,16.1,8.0,22.3,21.6,25.7,30.4,34.8,36.6,36.1,36.5,33.8,29.2,26.6,21.8,30.3,36.4,29.8,22.0,0.9,1.7,1.6,0.7,0.3,0.2,0.3,0.2,0.1,0.4,0.8,3.0,2.6,0.7,1.3,5.3,2.4,5.5,6.1,2.1,0.6,0.2,0.5,0.6,0.1,1.2,2.0,14.9,8.8,1.3,3.4,20.8
EGYPT,1986,13.7,15.9,18.9,23.2,23.9,29.1,29.5,29.7,28.6,23.7,17.7,13.3,22.0,29.4,23.3,14.4,6.8,8.5,11.4,15.5,16.2,21.5,22.3,22.7,21.6,16.8,11.0,6.5,14.4,22.2,16.5,7.3,20.6,23.5,26.4,31.0,31.6,36.8,36.8,36.8,35.6,30.7,24.4,20.2,29.7,36.8,30.2,21.5,0.5,1.8,0.8,1.0,1.3,0.2,0.3,0.2,0.2,0.2,2.1,1.2,3.1,0.7,2.5,3.1,1.6,4.3,1.8,3.4,3.9,0.4,0.5,0.6,0.5,0.6,8.8,4.2,9.1,1.5,9.9,8.4
EGYPT,1987,13.9,15.9,16.8,20.7,26.2,28.2,30.1,29.7,27.6,23.1,18.4,15.2,21.2,29.3,23.0,14.4,6.9,8.7,9.4,12.7,18.6,21.0,23.1,22.9,20.6,16.3,11.6,8.6,13.6,22.3,16.2,7.7,21.0,23.2,24.2,28.7,33.9,35.6,37.1,36.6,34.6,30.0,25.2,21.8,28.9,36.4,29.9,21.2,0.8,1.2,1.7,0.4,0.2,0.2,0.3,0.2,0.1,0.9,0.3,2.4,2.3,0.7,1.2,6.5,2.0,2.3,5.6,0.6,0.3,0.2,0.5,0.9,0.1,3.0,0.8,11.4,6.5,1.6,3.9,27.6
EGYPT,1988,13.6,14.5,18.0,23.0,27.7,30.0,30.8,30.0,28.2,22.9,16.8,14.4,22.9,30.2,22.6,12.9,6.9,7.5,10.8,15.0,19.8,22.6,24.0,23.0,21.4,16.1,9.8,7.8,15.2,23.2,15.8,5.9,20.3,21.6,25.2,31.1,35.7,37.4,37.5,37.0,35.0,29.7,23.8,21.0,30.7,37.3,29.5,19.9,2.1,2.1,1.6,0.5,0.7,0.2,0.3,0.3,0.2,0.5,0.6,2.2,2.8,0.8,1.3,5.5,7.8,8.3,5.3,0.8,0.4,0.2,0.5,0.9,0.3,2.0,2.1,12.3,6.6,1.6,4.4,26.2
EGYPT,1989,11.3,13.0,17.8,24.5,26.9,28.8,29.4,29.7,27.8,23.5,18.7,14.7,23.1,29.3,23.3,14.0,4.4,5.6,10.3,16.6,18.7,21.0,22.2,22.5,20.8,16.7,11.7,7.7,15.2,21.9,16.4,7.0,18.2,20.5,25.2,32.5,35.2,36.6,36.7,36.9,34.9,30.4,25.7,21.6,31.0,36.7,30.3,21.0,2.0,1.4,1.0,0.4,0.1,0.3,0.3,0.2,0.1,1.1,0.6,0.8,1.6,0.7,1.8,5.2,9.1,4.9,4.3,0.6,0.8,0.4,0.5,0.6,0.1,4.3,2.3,2.6,5.7,1.4,6.6,16.5
EGYPT,1990,13.4,13.9,17.1,23.4,25.6,28.2,29.6,28.8,26.9,24.5,20.9,16.6,22.0,28.9,24.1,14.9,6.7,6.6,9.6,15.5,17.5,20.8,22.5,21.5,20.2,17.5,13.9,9.8,14.2,21.6,17.2,7.9,20.1,21.2,24.6,31.4,33.7,35.7,36.9,36.1,33.7,31.6,27.8,23.4,29.9,36.2,31.0,22.0,2.1,2.3,1.0,0.8,0.6,0.2,0.3,0.2,0.1,0.6,0.3,0.4,2.4,0.7,1.0,4.0,7.4,6.4,3.8,2.1,0.9,0.2,0.5,0.6,0.1,1.0,0.9,3.1,6.8,1.3,2.1,14.6
EGYPT,1991,13.2,15.0,19.3,24.0,26.4,28.8,29.1,29.1,26.9,24.9,19.0,13.0,23.2,29.0,23.6,12.4,6.3,7.5,11.7,16.0,19.0,21.7,22.1,22.0,19.8,18.0,12.2,6.3,15.6,21.9,16.7,5.5,20.2,22.6,26.9,32.1,33.9,36.0,36.1,36.3,34.0,31.9,25.8,19.6,30.9,36.2,30.5,19.2,2.2,1.4,3.0,0.9,0.4,0.3,0.3,0.2,0.1,0.1,1.0,2.2,4.2,0.7,1.3,6.6,7.6,3.9,9.3,2.7,0.6,0.3,0.5,0.6,0.2,1.7,5.0,10.5,12.5,1.3,6.9,30.1
EGYPT,1992,12.2,12.0,16.9,21.3,25.4,29.6,29.3,29.7,26.7,24.9,19.2,13.5,21.2,29.5,23.6,13.0,5.4,4.9,9.7,13.5,17.6,22.1,22.2,22.8,19.9,18.0,12.4,6.9,13.6,22.4,16.8,6.1,19.0,19.1,24.2,29.1,33.3,37.2,36.4,36.7,33.6,32.0,25.9,20.1,28.9,36.8,30.5,19.9,2.0,2.4,0.4,0.5,0.4,0.3,0.3,0.2,0.1,0.1,0.5,1.8,1.2,0.7,0.7,5.2,9.1,10.5,0.8,1.1,0.6,0.3,0.5,0.6,0.1,0.1,2.1,8.2,2.4,1.4,2.4,18.7
EGYPT,1993,12.5,13.0,16.9,23.0,25.6,28.9,29.4,29.7,28.0,26.2,20.0,16.6,21.8,29.3,24.7,15.3,5.4,6.0,9.1,15.0,17.9,21.4,22.5,22.7,21.3,19.4,13.3,9.9,14.0,22.2,18.0,8.4,19.6,20.1,24.7,31.0,33.3,36.4,36.4,36.7,34.7,33.0,26.8,23.2,29.7,36.5,31.5,22.3,1.7,1.7,0.7,0.2,1.3,0.3,0.3,0.2,0.1,0.8,0.3,1.2,2.2,0.7,1.3,4.0,4.5,6.1,1.3,0.3,5.3,0.3,0.5,0.6,0.1,2.4,0.9,5.0,6.9,1.3,3.4,14.2
EGYPT,1994,14.8,14.6,17.3,24.0,26.5,28.2,30.0,29.7,28.8,26.6,18.2,13.4,22.6,29.3,24.6,13.8,8.1,7.2,10.1,16.0,18.9,20.8,22.6,22.7,22.2,19.6,11.6,6.5,15.0,22.0,17.8,6.8,21.6,22.0,24.6,32.1,34.3,35.7,37.4,36.8,35.5,33.7,24.8,20.3,30.3,36.6,31.3,20.9,2.1,0.7,1.3,0.9,0.2,0.3,0.3,0.2,0.1,1.3,3.0,1.3,2.5,0.7,4.4,3.9,7.5,1.7,4.5,0.5,0.3,0.3,0.5,0.6,0.2,3.8,13.8,5.8,5.3,1.3,17.8,13.5
EGYPT,1995,13.1,14.9,18.5,21.4,25.5,30.8,30.4,29.9,28.8,24.1,17.5,14.4,21.8,30.4,23.5,14.6,6.1,7.7,11.0,13.6,17.5,23.3,23.1,22.7,22.0,16.9,10.6,7.5,14.0,23.0,16.5,7.7,20.1,22.1,26.1,29.3,33.5,38.3,37.7,37.2,35.7,31.3,24.5,21.4,29.7,37.8,30.5,21.6,0.5,2.0,0.7,0.7,0.4,0.3,0.3,0.2,0.1,0.3,0.6,0.5,1.8,0.7,1.0,2.9,1.2,6.6,1.6,1.8,0.5,0.3,0.5,0.6,0.1,0.6,2.5,1.1,3.9,1.3,3.2,8.8
EGYPT,1996,13.9,15.5,18.2,21.5,27.7,28.4,29.6,29.8,29.0,23.7,19.5,15.4,22.5,29.3,24.1,14.4,7.2,8.3,10.9,13.2,20.1,20.8,22.5,22.7,22.0,16.7,12.8,8.6,14.7,22.0,17.1,7.3,20.7,22.8,25.7,29.8,35.3,36.0,36.7,36.9,36.1,30.8,26.3,22.3,30.3,36.5,31.1,21.5,1.6,0.8,1.1,1.4,0.2,0.3,0.3,0.2,0.1,0.6,0.5,0.6,2.8,0.7,1.2,3.7,6.4,1.3,3.8,2.2,0.2,0.3,0.5,0.6,0.5,1.7,2.6,1.6,6.2,1.3,4.9,11.4
EGYPT,1997,14.6,13.2,16.6,21.0,26.7,29.5,30.4,29.4,27.0,24.2,19.6,14.9,21.4,29.7,23.6,14.6,7.6,5.9,9.2,13.1,18.9,21.9,23.3,22.3,20.0,17.2,13.0,8.2,13.7,22.5,16.7,7.7,21.7,20.5,24.0,29.0,34.5,37.0,37.5,36.6,34.2,31.3,26.3,21.6,29.2,37.0,30.6,21.6,1.6,1.5,1.5,1.0,0.4,0.3,0.3,0.2,0.1,0.7,0.5,1.2,2.9,0.7,1.3,3.8,5.0,4.7,5.4,0.8,1.0,0.3,0.5,0.6,0.2,4.1,1.3,4.4,7.2,1.4,5.6,12.6
EGYPT,1998,13.7,15.3,16.5,24.1,27.2,28.7,30.5,31.1,29.2,25.2,20.0,15.3,22.6,30.1,24.8,15.0,6.9,8.0,9.2,16.4,19.6,21.4,23.5,24.1,22.6,18.4,13.1,8.5,15.1,23.0,18.0,8.0,20.6,22.7,23.9,31.9,34.8,35.9,37.5,38.3,35.9,31.9,26.8,22.1,30.2,37.2,31.6,22.0,1.0,1.6,1.0,1.0,1.3,0.3,0.3,0.2,0.1,0.2,0.5,1.2,3.3,0.7,0.8,4.0,3.2,5.0,4.1,2.2,4.6,0.3,0.5,0.6,0.2,0.3,1.6,3.4,10.9,1.3,2.0,11.3
EGYPT,1999,14.1,15.5,18.5,22.3,27.0,28.7,30.2,30.6,28.8,25.1,20.1,15.6,22.6,29.8,24.6,14.2,7.2,8.2,11.0,14.4,19.3,21.2,23.1,23.6,21.9,18.4,13.1,8.6,14.9,22.6,17.8,7.1,21.1,22.8,26.1,30.2,34.8,36.2,37.4,37.7,35.7,31.9,27.1,22.7,30.4,37.1,31.6,21.3,0.9,1.8,0.3,0.4,0.2,0.3,0.3,0.2,0.1,0.2,0.3,0.4,0.9,0.7,0.6,3.4,2.3,5.6,0.7,0.7,1.2,0.3,0.5,0.6,0.1,0.2,0.8,1.1,2.6,1.4,1.2,13.3
EGYPT,2000,13.0,13.8,16.7,23.8,26.3,28.6,30.7,29.5,27.8,23.4,19.3,15.3,22.3,29.6,23.5,14.8,6.2,6.4,9.3,15.8,18.4,20.9,23.8,22.5,21.0,16.6,12.6,8.7,14.5,22.4,16.8,7.8,19.9,21.3,24.2,31.9,34.2,36.4,37.6,36.7,34.5,30.2,26.0,21.9,30.1,36.9,30.3,21.8,2.2,0.8,0.8,0.3,0.3,0.3,0.3,0.2,0.2,1.0,1.2,1.8,1.4,0.7,2.4,4.2,10.1,2.1,1.8,0.7,0.6,0.3,0.5,0.6,0.3,3.8,4.0,7.7,3.1,1.3,8.2,13.3
EGYPT,2001,14.2,14.9,20.7,23.4,26.9,28.6,30.4,30.9,28.6,24.3,19.2,14.9,23.7,30.0,24.1,14.4,7.3,7.5,13.3,15.6,19.2,21.1,23.2,24.0,22.0,17.6,12.3,8.0,16.0,22.8,17.3,7.4,21.2,22.3,28.1,31.2,34.7,36.2,37.6,37.9,35.3,31.1,26.1,21.8,31.3,37.2,30.8,21.5,1.1,1.3,0.6,0.5,0.2,0.3,0.3,0.2,0.1,0.5,0.4,1.1,1.3,0.7,1.0,5.3,2.9,2.7,1.7,1.1,0.3,0.3,0.5,0.6,0.1,1.6,1.7,5.4,3.1,1.3,3.4,20.9
EGYPT,2002,12.4,16.1,19.5,22.6,26.3,28.7,31.4,30.8,29.2,25.1,20.1,15.5,22.8,30.3,24.8,14.9,5.6,8.7,11.9,14.7,18.6,20.8,24.4,23.5,21.9,17.7,12.5,8.9,15.1,22.9,17.4,7.4,19.2,23.5,27.2,30.5,34.0,36.7,38.4,38.1,36.6,32.6,27.8,22.2,30.6,37.7,32.3,22.5,2.2,2.0,0.4,0.6,0.3,0.3,0.3,0.2,0.1,0.8,0.4,1.3,1.3,0.7,1.3,3.7,9.7,5.7,1.0,1.4,0.3,0.3,0.5,0.6,0.2,2.5,0.9,5.2,2.7,1.3,3.5,13.3
EGYPT,2003,15.3,14.0,16.6,23.1,28.0,29.9,30.2,30.4,28.1,25.2,20.0,14.8,22.6,30.2,24.4,14.6,7.5,5.9,8.5,15.4,20.3,22.0,22.6,23.0,20.8,17.9,12.6,7.4,14.7,22.5,17.1,6.8,23.1,22.1,24.7,30.9,35.7,37.9,37.8,37.8,35.5,32.6,27.4,22.3,30.4,37.9,31.9,22.4,1.0,1.5,1.2,0.4,0.2,0.3,0.3,0.2,0.1,0.1,0.6,1.5,1.8,0.7,0.8,6.2,2.4,5.8,4.8,0.7,0.2,0.3,0.5,0.6,0.1,0.1,1.4,6.0,5.7,1.3,1.6,19.4
EGYPT,2004,13.7,15.3,19.2,22.6,27.2,28.6,30.5,29.7,27.7,25.1,20.1,14.9,23.0,29.6,24.3,14.7,6.0,7.1,11.0,14.1,19.5,20.7,23.5,22.4,20.3,17.7,12.6,8.1,14.8,22.2,16.9,7.8,21.4,23.5,27.5,31.2,34.9,36.7,37.6,37.1,35.2,32.6,27.6,21.8,31.2,37.1,31.8,21.7,2.4,2.3,0.9,0.3,0.4,0.3,0.3,0.2,0.1,0.2,0.8,1.2,1.6,0.7,1.2,4.1,8.6,4.9,2.9,0.5,0.5,0.3,0.5,0.6,0.2,0.2,2.8,3.7,3.9,1.3,3.1,14.2
EGYPT,2005,14.1,15.2,18.7,22.8,26.0,28.9,30.5,30.5,28.6,24.0,18.5,16.1,22.5,29.9,23.7,15.3,7.2,8.0,11.3,14.3,17.8,21.0,22.8,23.1,21.0,16.5,10.9,9.3,14.4,22.3,16.2,8.1,20.9,22.5,26.2,31.3,34.3,36.8,38.2,37.9,36.2,31.5,26.1,22.9,30.6,37.6,31.3,22.6,1.5,1.4,1.6,0.7,0.1,0.3,0.3,0.2,0.1,0.2,0.5,0.9,2.5,0.7,0.9,3.4,5.7,4.8,4.6,2.7,0.2,0.3,0.5,0.6,0.4,0.4,1.8,3.6,7.5,1.4,2.6,10.9
EGYPT,2006,14.0,15.9,19.1,22.8,26.2,29.7,29.9,30.8,28.8,24.9,18.0,14.5,22.7,30.1,23.9,14.4,6.2,8.7,11.5,15.0,18.6,22.2,22.3,23.9,21.3,17.3,11.3,6.7,15.1,22.8,16.6,7.1,21.8,23.2,26.8,30.6,33.9,37.1,37.5,37.8,36.4,32.4,24.8,22.3,30.4,37.5,31.2,21.7,1.1,1.4,1.1,0.9,0.2,0.3,0.3,0.2,0.1,0.3,0.4,1.2,2.1,0.7,0.8,4.3,3.9,3.4,2.4,3.3,0.2,0.3,0.5,0.6,0.1,0.7,1.2,4.1,5.8,1.3,2.0,12.7
EGYPT,2007,13.3,15.4,18.6,22.5,27.4,29.8,30.7,30.6,27.7,25.5,19.9,15.3,22.8,30.4,24.4,13.9,6.4,8.2,11.1,14.8,19.8,22.3,23.8,23.1,20.5,18.5,13.1,8.4,15.2,23.0,17.4,6.6,20.3,22.7,26.1,30.2,35.2,37.4,37.6,38.2,35.0,32.4,26.8,22.2,30.5,37.7,31.4,21.2,1.1,1.9,0.7,0.7,0.8,0.3,0.3,0.2,0.2,0.3,0.5,0.7,2.2,0.7,1.0,4.4,3.2,5.5,1.5,1.8,1.7,0.3,0.5,0.6,0.4,0.8,1.8,2.0,5.0,1.4,3.0,15.3
EGYPT,2008,12.4,13.9,20.9,23.7,26.8,30.6,30.5,30.8,29.1,24.3,20.3,16.3,23.8,30.6,24.6,15.7,4.8,6.5,12.7,15.8,19.0,23.0,23.5,23.9,22.3,16.8,13.5,9.4,15.8,23.5,17.5,8.6,20.0,21.4,29.3,31.8,34.5,38.2,37.6,37.8,36.0,32.0,27.2,23.2,31.9,37.8,31.7,22.8,2.4,1.3,0.2,0.3,0.3,0.3,0.3,0.2,0.1,1.0,0.1,0.7,0.9,0.7,1.3,2.2,9.5,3.7,0.5,0.6,0.3,0.3,0.5,0.6,0.3,3.4,0.4,2.1,1.4,1.3,4.0,7.7
EGYPT,2009,15.0,15.7,17.7,23.4,25.9,30.2,30.5,30.1,28.4,25.8,19.3,16.1,22.3,30.3,24.5,16.5,7.9,8.3,9.4,14.6,17.9,22.2,23.0,22.9,21.2,18.2,11.8,9.3,14.0,22.7,17.1,9.2,22.1,23.2,26.0,32.1,33.9,38.2,38.2,37.3,35.7,33.4,26.8,23.0,30.7,37.9,32.0,23.9,0.4,1.1,0.3,0.2,0.2,0.2,0.3,0.2,0.1,0.2,0.2,1.0,0.7,0.7,0.5,3.2,1.8,3.7,0.9,0.2,0.3,0.3,0.5,0.6,0.1,0.6,1.2,3.6,1.4,1.3,1.9,9.5
EGYPT,2010,15.9,17.6,21.0,24.2,27.2,30.5,30.8,31.8,29.6,27.1,21.5,16.6,24.2,31.0,26.1,15.8,8.9,9.4,12.7,15.6,18.8,23.1,23.5,24.4,22.3,20.2,13.8,9.8,15.7,23.7,18.7,8.8,22.9,25.8,29.3,33.0,35.7,38.0,38.2,39.3,36.9,34.1,29.3,23.5,32.7,38.5,33.4,22.8,1.0,1.3,0.3,0.2,0.2,0.3,0.3,0.2,0.1,0.2,0.1,0.9,0.6,0.7,0.4,2.8,2.7,3.2,0.5,0.3,0.2,0.3,0.5,1.0,0.2,0.4,0.2,4.5,1.0,1.8,0.9,10.1
EGYPT,2011,14.5,16.2,18.2,22.3,26.3,29.2,30.8,30.2,28.4,24.4,17.1,14.7,22.3,30.1,23.3,14.1,7.6,9.0,10.7,14.5,18.7,21.2,23.2,22.7,21.6,17.5,10.3,7.9,14.6,22.4,16.5,7.1,21.5,23.5,25.7,30.1,34.0,37.2,38.6,37.8,35.3,31.3,24.0,21.6,29.9,37.8,30.2,21.1,0.8,1.0,0.8,0.8,0.3,0.3,0.3,0.2,0.2,0.2,1.2,0.5,1.9,0.7,1.6,2.9,2.8,2.7,2.4,2.5,0.6,0.3,0.5,0.6,0.3,0.3,5.6,1.7,5.5,1.4,6.3,10.2
EGYPT,2012,12.5,14.9,17.2,24.2,27.5,30.6,31.6,31.0,28.6,26.1,20.9,15.7,23.0,31.1,25.2,15.5,5.7,7.7,9.7,16.2,19.9,23.1,24.6,24.1,21.0,19.1,14.1,9.0,15.3,23.9,18.1,8.5,19.4,22.3,24.6,32.2,35.3,38.2,38.6,38.0,36.3,33.1,27.7,22.5,30.7,38.3,32.4,22.5,1.3,1.0,0.6,0.3,0.2,0.3,0.3,0.2,0.1,0.4,0.8,1.6,1.1,0.7,1.3,4.9,5.4,3.1,2.0,0.6,0.4,0.3,0.5,0.6,0.2,0.8,3.1,5.5,3.0,1.4,4.1,18.5
EGYPT,2013,14.5,16.3,20.4,22.7,28.1,29.8,29.5,30.1,28.4,23.7,20.9,15.1,23.8,29.8,24.3,15.3,7.7,8.9,12.8,14.2,19.8,21.6,22.5,22.8,21.3,16.7,13.2,7.7,15.6,22.3,17.1,7.6,21.4,23.7,28.1,31.2,36.5,38.0,36.5,37.4,35.6,30.7,28.5,22.5,31.9,37.3,31.6,23.2,2.7,0.6,0.1,0.3,0.5,0.3,0.3,0.2,0.1,0.1,0.4,1.5,1.0,0.7,0.6,4.8,10.8,2.2,0.6,0.9,0.9,0.3,0.5,1.1,0.2,0.2,0.9,8.4,2.4,1.9,1.3,19.9
EGYPT,2014,14.8,16.1,19.2,24.2,27.3,29.5,30.5,30.3,28.8,24.5,19.6,16.7,23.6,30.1,24.3,15.1,7.1,7.9,10.9,15.6,19.1,21.2,23.1,22.8,21.4,16.9,12.1,9.9,15.2,22.4,16.8,7.8,22.6,24.4,27.5,32.9,35.5,37.8,38.0,37.8,36.2,32.1,27.1,23.6,32.0,37.9,31.8,22.5,1.9,1.4,0.7,0.3,0.6,0.3,0.3,0.2,0.2,0.4,1.1,0.5,1.7,0.7,1.7,3.1,4.4,7.0,2.8,0.6,2.2,0.3,0.5,0.7,0.2,0.8,4.9,1.2,5.6,1.4,5.9,8.9
EGYPT,2015,13.4,15.2,19.9,21.9,27.3,28.7,30.5,31.4,30.3,26.2,20.2,14.8,23.0,30.2,25.6,14.8,5.8,7.6,12.4,14.0,19.1,20.9,23.0,24.4,23.2,19.0,13.1,7.6,15.2,22.8,18.4,7.7,21.0,22.9,27.4,29.9,35.5,36.5,38.0,38.5,37.4,33.5,27.4,22.0,30.9,37.7,32.8,22.0,1.4,1.2,0.9,0.6,0.3,0.3,0.3,0.2,0.3,1.5,1.1,0.9,1.8,0.7,2.8,2.7,4.9,2.8,2.5,1.4,0.5,0.3,0.5,0.6,0.3,3.4,5.4,3.3,4.5,1.4,9.2,10.6
EGYPT,2016,13.2,16.6,20.1,25.5,27.4,31.5,30.7,30.7,28.8,25.6,20.3,14.0,24.3,30.9,24.9,13.7,6.4,9.2,11.8,16.8,19.8,23.2,23.8,23.5,21.7,18.1,12.9,6.6,16.1,23.5,17.5,5.9,20.0,24.1,28.4,34.2,35.1,39.7,37.6,38.0,36.0,33.2,27.9,21.5,32.6,38.4,32.3,21.6,1.3,0.5,0.7,0.5,0.3,0.3,0.3,0.2,0.1,0.6,0.5,0.9,1.5,0.7,1.2,2.5,6.0,1.3,2.2,1.1,0.5,0.3,0.5,0.6,0.2,2.3,1.5,3.7,3.8,1.4,4.0,8.1
EGYPT,2017,13.1,14.1,18.7,23.1,27.2,30.2,31.4,31.1,28.6,24.1,18.9,17.0,23.0,30.9,23.9,16.3,5.2,6.0,11.2,15.3,19.1,22.3,23.8,23.7,21.2,16.6,12.1,10.2,15.2,23.3,16.6,9.0,21.0,22.4,26.2,30.9,35.4,38.2,39.0,38.6,36.0,31.6,25.8,23.8,30.8,38.6,31.1,23.6,0.6,1.0,0.4,0.9,0.2,0.3,0.3,0.2,0.1,0.3,0.4,0.3,1.5,0.7,0.8,3.8,1.8,2.6,1.2,2.0,0.4,0.3,0.5,0.6,0.2,0.6,1.0,1.7,3.6,1.4,1.8,13.6
EGYPT,2018,14.1,17.7,21.5,24.1,28.6,30.5,30.9,30.9,29.1,25.1,19.6,15.1,24.8,30.8,24.6,14.4,6.5,10.5,12.8,15.8,21.2,22.8,24.2,24.0,22.0,17.8,12.3,7.8,16.6,23.7,17.4,6.9,21.8,25.1,30.2,32.5,36.1,38.3,37.5,38.0,36.2,32.5,27.0,22.5,32.9,37.9,31.9,21.9,2.1,1.4,0.3,1.4,0.4,0.3,0.3,0.2,0.1,0.4,1.1,1.6,2.1,0.7,1.7,4.3,7.0,4.9,0.8,8.3,0.8,0.3,0.5,0.6,0.2,1.2,5.8,8.5,9.9,1.4,7.2,20.8
EGYPT,2019,13.0,15.0,17.6,22.1,27.7,30.9,31.3,30.5,28.6,26.0,20.8,15.5,22.5,30.9,25.2,14.4,5.7,7.2,9.7,13.7,19.3,23.3,23.8,23.4,21.5,18.9,13.3,8.0,14.3,23.5,17.9,6.9,20.4,22.9,25.5,30.6,36.1,38.6,38.8,37.6,35.8,33.2,28.4,23.1,30.7,38.3,32.5,22.0,1.0,1.7,0.5,0.7,0.8,0.3,0.3,0.2,0.1,0.8,0.2,1.1,2.0,0.7,1.1,5.0,4.0,8.4,2.1,1.8,1.4,0.3,0.5,0.6,0.2,3.6,0.7,5.7,5.2,1.4,4.4,21.1
EGYPT,2020,12.9,14.9,18.9,22.5,26.2,27.8,30.8,30.8,30.3,26.5,19.1,16.5,22.5,29.8,25.3,16.0,5.5,7.1,10.8,14.8,18.5,20.3,23.9,23.6,23.2,19.0,11.9,9.0,14.7,22.6,18.1,8.2,20.2,22.8,27.0,30.2,34.0,35.2,37.8,38.0,37.5,34.1,26.3,24.2,30.4,37.0,32.6,23.7,1.4,2.5,1.1,0.4,0.4,0.3,0.3,0.2,0.1,0.5,1.1,0.8,1.9,0.7,1.7,3.3,7.1,8.3,4.1,1.0,0.7,0.3,0.5,0.7,0.2,1.4,5.9,2.3,5.8,1.4,7.5,9.7
EGYPT,2021,15.4,15.9,19.0,23.7,28.5,29.4,31.4,31.3,28.5,25.2,21.0,15.5,23.7,30.7,24.9,14.1,7.7,8.0,10.8,15.8,20.7,21.9,24.0,24.2,21.5,17.9,13.9,8.2,15.8,23.4,17.8,6.6,23.2,23.9,27.3,31.7,36.4,36.8,38.8,38.5,35.6,32.5,28.3,22.8,31.8,38.0,32.1,21.7,0.9,1.7,0.8,0.6,0.3,0.3,0.3,0.2,0.1,0.4,1.5,1.4,1.7,0.7,2.0,5.6,2.8,4.6,2.1,1.0,0.4,0.3,0.5,0.6,0.1,0.8,6.6,7.8,3.4,1.4,7.5,24.1
EGYPT,2022,12.4,14.6,16.5,25.1,26.9,29.9,30.5,31.0,29.2,24.7,19.5,16.5,22.8,30.5,24.5,15.3,5.1,6.5,9.1,17.2,18.7,22.5,22.9,24.1,21.9,17.5,12.3,9.1,15.0,23.2,17.2,8.1,19.6,22.8,23.8,33.1,35.1,37.3,38.2,38.0,36.6,32.0,26.8,24.0,30.7,37.8,31.8,22.5,2.1,2.1,0.7,0.3,0.2,0.3,0.3,0.2,0.1,0.6,0.7,1.1,1.2,0.7,1.4,4.1,10.8,5.4,2.6,0.5,0.4,0.3,0.5,0.6,0.2,2.1,2.6,3.8,3.5,1.4,4.9,16.7
EGYPT,2023,14.9,14.3,19.6,23.3,26.2,30.0,31.6,31.6,29.6,25.9,21.7,17.4,23.0,31.0,25.7,16.1,8.0,7.0,11.3,15.5,18.7,22.6,24.6,24.7,22.7,19.2,15.0,10.7,15.2,24.0,19.0,9.1,21.8,21.7,27.9,31.1,33.9,37.4,38.6,38.4,36.5,32.7,28.5,24.2,31.0,38.1,32.5,23.1,1.8,1.3,1.0,0.9,0.7,0.3,0.3,0.2,0.3,0.4,0.9,0.6,2.6,0.8,1.6,3.1,7.6,5.3,3.5,2.2,1.6,0.4,0.5,0.7,0.4,0.7,2.9,2.4,7.3,1.5,4.0,10.5
EGYPT,2024,15.1,15.8,19.7,24.9,27.4,31.1,31.5,31.4,29.7,25.1,19.7,15.1,24.0,31.4,24.8,-999.0,8.2,8.5,12.2,17.1,19.7,23.6,24.6,24.6,22.9,18.2,12.9,8.3,16.3,24.3,18.0,-999.0,22.0,23.1,27.2,32.8,35.2,38.7,38.5,38.3,36.5,32.0,26.5,22.0,31.7,38.5,31.7,-999.0,0.9,1.6,0.7,0.6,0.3,0.3,0.3,0.2,0.1,0.2,0.6,0.9,1.6,0.7,0.9,-999.0,3.7,4.4,2.0,1.3,0.8,0.3,0.5,0.7,0.2,0.2,2.4,3.0,4.1,1.5,2.8,-999.0
ETHIOPIA,1901,21.6,23.0,23.9,23.9,23.8,23.2,22.8,22.5,22.9,22.4,21.5,21.2,23.9,22.8,22.3,21.6,13.9,15.5,16.7,17.5,17.8,17.6,17.6,17.3,17.1,16.0,14.5,13.2,17.3,17.5,15.9,13.7,29.3,30.5,31.0,30.4,29.8,28.9,28.0,27.9,28.8,28.8,28.6,29.2,30.4,28.3,28.7,29.6,2.2,2.8,4.4,7.6,6.9,9.5,8.1,10.0,8.8,5.3,2.4,2.9,18.9,27.6,16.5,7.0,12.3,26.0,58.9,103.9,88.4,106.3,124.7,160.1,97.2,77.1,28.7,14.6,251.2,391.1,203.0,45.0
ETHIOPIA,1902,21.1,22.6,23.5,23.4,23.1,23.5,23.4,23.5,23.3,22.3,21.4,20.7,23.3,23.5,22.3,21.7,12.9,15.1,16.2,17.1,17.1,17.3,18.2,18.2,16.6,14.7,13.3,11.9,16.8,17.9,14.9,13.2,29.4,30.1,30.9,29.7,29.2,29.9,28.6,28.9,30.0,29.9,29.5,29.6,29.9,29.1,29.8,30.2,1.3,2.7,3.3,7.3,7.4,8.3,7.4,7.9,6.9,5.4,4.3,3.7,18.0,23.7,16.6,8.7,7.3,23.1,35.1,101.7,97.5,82.5,107.9,101.8,88.8,75.2,40.3,24.3,234.3,292.2,204.3,59.1
ETHIOPIA,1903,21.8,22.6,23.6,24.2,23.6,23.4,23.2,22.7,22.7,22.1,21.1,21.0,23.8,23.1,22.0,21.5,13.6,14.1,15.9,16.8,17.2,17.3,17.5,17.0,16.4,14.9,13.1,13.0,16.6,17.3,14.8,13.2,30.0,31.1,31.4,31.7,30.2,29.6,28.9,28.5,29.0,29.5,29.2,29.0,31.1,29.0,29.2,29.9,2.6,2.4,4.0,7.2,10.1,8.6,7.8,8.6,8.2,6.0,2.7,3.1,21.4,25.0,16.9,6.4,18.3,16.5,49.4,96.1,175.2,92.6,123.5,112.6,153.9,82.3,34.2,15.7,320.8,328.7,270.4,37.6
ETHIOPIA,1904,21.1,22.5,23.5,23.7,23.7,23.7,22.7,22.7,22.7,22.0,21.2,20.7,23.6,23.0,22.0,21.4,12.4,14.3,15.6,16.5,16.7,17.3,17.5,17.4,16.9,15.6,14.2,13.1,16.3,17.4,15.5,13.8,29.9,30.7,31.4,31.0,30.6,30.1,27.9,28.0,28.5,28.5,28.3,28.3,31.0,28.7,28.4,29.1,1.0,2.2,4.4,6.4,7.2,8.0,8.1,8.7,7.9,4.9,3.3,1.5,18.0,24.9,16.1,5.3,6.7,15.2,63.9,81.2,95.8,74.2,124.8,132.6,133.4,70.9,37.9,8.4,241.0,331.5,242.1,32.1
ETHIOPIA,1905,21.5,22.1,23.3,23.6,23.4,23.4,22.9,22.4,22.8,22.5,21.8,21.1,23.4,22.9,22.3,21.8,13.8,14.6,16.2,17.1,16.7,16.8,17.1,16.7,16.3,15.3,14.5,13.2,16.7,16.9,15.4,13.9,29.2,29.7,30.5,30.0,30.1,30.0,28.7,28.2,29.3,29.8,29.0,29.1,30.2,29.0,29.4,29.8,1.6,2.2,3.8,7.3,7.8,8.0,8.2,8.9,7.9,4.4,6.0,1.4,18.9,25.0,18.3,7.4,7.9,15.8,45.5,108.6,99.3,75.5,130.5,138.8,148.4,64.9,74.7,6.4,253.4,344.9,288.1,67.6
ETHIOPIA,1906,21.1,23.2,23.4,23.6,24.1,23.8,22.7,22.6,22.8,22.2,21.0,20.3,23.7,23.0,22.0,21.4,12.8,15.6,16.1,16.6,17.3,17.1,17.0,16.7,16.3,15.2,13.7,12.0,16.7,16.9,15.1,13.1,29.5,30.8,30.8,30.5,31.0,30.5,28.4,28.5,29.4,29.3,28.2,28.7,30.8,29.2,29.0,29.7,2.2,3.8,4.9,7.2,7.4,8.5,8.4,9.6,7.0,5.0,5.4,1.3,19.5,26.5,17.4,4.8,13.1,48.0,84.2,99.4,97.0,87.8,134.4,149.7,92.5,72.0,53.7,5.9,280.7,371.9,218.1,32.8
ETHIOPIA,1907,21.0,22.7,23.8,24.0,23.8,23.5,22.6,22.0,22.7,22.2,21.0,19.8,23.8,22.7,22.0,21.1,12.7,14.6,16.1,17.0,17.0,17.2,16.9,16.6,16.4,15.4,14.1,12.0,16.7,16.9,15.3,13.2,29.5,30.8,31.6,31.0,30.6,29.8,28.2,27.4,29.0,29.1,27.9,27.6,31.0,28.5,28.7,28.9,0.9,2.7,2.9,8.5,7.4,7.4,7.9,8.8,7.8,5.3,6.4,1.8,18.8,24.1,19.5,6.8,5.4,21.5,31.2,121.3,97.8,64.4,109.1,121.0,106.0,75.8,81.0,11.5,250.4,294.5,262.8,45.9
ETHIOPIA,1908,21.2,22.2,24.2,24.4,24.6,23.7,22.6,22.5,23.3,22.2,20.8,20.1,24.4,23.0,22.1,20.9,13.5,14.2,16.2,17.2,17.5,17.6,17.5,17.0,17.0,15.8,13.9,12.4,17.0,17.3,15.6,13.3,29.0,30.2,32.3,31.7,31.7,29.9,27.9,28.1,29.6,28.7,27.7,27.8,31.9,28.6,28.7,28.6,2.9,2.2,3.1,7.5,5.8,7.6,8.1,9.8,7.9,5.9,3.9,1.4,16.5,25.6,17.7,5.6,20.1,14.3,33.1,100.7,76.0,63.5,130.7,161.8,110.8,88.7,40.0,6.3,209.8,356.0,239.6,34.6
ETHIOPIA,1909,20.7,22.0,23.3,23.0,23.4,22.8,22.6,22.5,22.6,22.1,21.0,20.8,23.2,22.6,21.9,21.4,12.9,14.7,16.0,16.6,17.1,16.9,17.1,16.7,16.4,15.0,13.3,12.8,16.6,16.9,14.9,13.2,28.5,29.5,30.8,29.4,29.8,28.7,28.2,28.3,28.8,29.3,28.8,28.9,30.0,28.4,28.9,29.7,2.5,1.7,3.5,8.0,8.8,8.9,7.7,10.5,7.8,4.2,4.3,1.8,20.3,27.1,16.3,4.4,17.5,10.9,41.2,114.7,132.7,96.5,110.5,184.7,117.6,65.6,43.6,9.3,288.6,391.7,226.8,25.7
ETHIOPIA,1910,21.1,22.4,23.3,24.0,23.9,23.7,22.9,22.6,22.4,21.9,21.2,21.2,23.7,23.0,21.8,21.7,12.7,14.0,15.5,16.8,17.3,17.5,17.1,16.7,16.1,14.9,13.4,13.2,16.5,17.1,14.8,13.4,29.5,30.9,31.3,31.3,30.5,29.9,28.8,28.4,28.7,29.0,29.0,29.2,31.0,29.0,28.9,30.0,1.0,1.6,3.0,6.9,8.7,7.3,8.4,10.1,7.7,5.5,2.4,2.9,18.6,25.8,15.5,6.7,5.0,11.4,30.2,86.8,123.8,69.2,127.8,165.2,112.6,80.2,27.4,15.0,240.9,362.2,220.1,36.0
ETHIOPIA,1911,21.7,22.1,23.7,23.6,23.6,23.6,22.4,22.4,22.5,22.3,21.5,20.7,23.6,22.8,22.1,21.3,13.3,13.6,15.9,16.4,16.9,17.1,17.2,17.1,16.6,15.2,13.9,12.6,16.4,17.1,15.2,13.2,30.2,30.6,31.5,30.9,30.4,30.0,27.7,27.7,28.5,29.5,29.1,28.9,30.9,28.5,29.0,29.4,1.9,1.9,4.3,7.0,7.6,8.3,8.2,9.7,7.9,6.1,3.3,1.5,18.9,26.3,17.2,7.3,10.3,10.7,66.8,87.0,103.0,70.8,123.6,152.2,139.3,87.5,35.8,7.5,256.8,346.6,262.5,59.2
ETHIOPIA,1912,20.9,22.1,23.2,23.3,23.3,23.1,22.0,21.9,22.2,21.9,21.3,20.3,23.2,22.3,21.8,21.1,12.6,14.4,15.3,15.9,16.1,17.1,16.6,16.0,15.4,14.2,12.9,11.5,15.8,16.6,14.2,12.5,29.4,29.9,31.1,30.7,30.6,29.1,27.4,27.8,29.1,29.6,29.7,29.1,30.8,28.1,29.5,29.7,2.8,3.0,3.0,6.3,6.5,9.9,8.5,9.5,6.5,4.2,2.5,2.3,15.9,27.9,13.2,7.0,21.2,30.6,30.2,83.3,79.8,114.6,150.1,139.5,75.1,65.2,24.2,14.2,193.2,404.1,164.4,53.1
ETHIOPIA,1913,20.9,22.0,22.7,23.4,23.4,22.8,22.4,22.3,22.8,22.1,21.0,20.5,23.1,22.5,22.0,21.5,12.0,13.9,14.6,16.4,16.6,16.4,16.6,16.5,16.1,14.4,12.5,11.8,15.9,16.5,14.3,13.3,29.9,30.1,30.7,30.5,30.1,29.1,28.3,28.1,29.6,29.8,29.5,29.4,30.4,28.5,29.6,29.8,1.4,3.3,3.8,7.9,8.4,6.9,7.4,8.8,7.1,4.6,1.9,1.0,20.1,23.1,13.6,5.3,7.5,31.5,49.3,108.4,108.2,59.1,103.9,119.5,75.0,63.7,20.6,4.7,265.9,282.5,159.4,33.0
ETHIOPIA,1914,21.6,22.4,23.7,23.5,23.5,23.3,22.3,22.2,22.6,22.1,21.4,21.0,23.5,22.6,22.0,21.7,13.4,14.8,16.5,17.1,16.7,17.7,17.2,16.9,16.8,15.9,14.0,12.5,16.8,17.3,15.6,13.8,29.9,30.0,30.8,30.0,30.2,29.1,27.6,27.5,28.5,28.3,28.9,29.7,30.4,28.0,28.6,29.7,1.7,2.6,3.7,6.8,7.1,8.2,8.2,10.4,8.2,7.6,3.0,3.3,17.6,26.8,18.8,6.6,7.9,20.4,47.6,94.5,87.0,72.2,141.6,182.2,149.8,132.4,33.2,19.4,229.0,396.0,315.4,38.5
ETHIOPIA,1915,21.6,22.6,23.6,23.8,23.4,23.1,22.4,22.2,22.6,22.1,21.4,20.6,23.6,22.6,22.0,21.3,13.9,15.0,16.4,17.3,17.3,17.4,17.2,16.9,16.8,15.7,14.3,12.9,17.0,17.2,15.6,13.6,29.3,30.2,30.9,30.3,29.5,28.8,27.7,27.6,28.4,28.6,28.5,28.3,30.2,28.1,28.5,29.0,1.5,1.8,3.3,7.4,7.7,9.2,8.1,8.5,7.4,5.7,5.4,2.8,18.4,25.7,18.5,8.7,7.0,12.0,40.0,97.7,101.6,100.4,125.4,125.8,111.3,94.4,60.7,13.9,239.3,351.6,266.4,66.8
ETHIOPIA,1916,20.7,22.4,23.2,23.6,23.4,22.9,22.0,22.0,22.3,22.0,21.3,20.6,23.4,22.3,21.9,21.4,13.0,14.8,16.0,17.1,17.4,17.3,16.9,16.7,16.6,15.6,14.2,13.0,16.8,17.0,15.4,13.7,28.5,30.1,30.5,30.1,29.5,28.7,27.2,27.4,28.2,28.5,28.4,28.2,30.0,27.7,28.3,29.0,3.0,3.0,4.0,7.6,8.2,8.2,8.9,10.3,8.6,4.3,2.9,3.0,19.8,27.4,15.8,8.1,27.2,25.7,51.9,101.3,121.3,87.8,138.4,174.5,146.5,64.0,31.1,18.2,274.6,400.7,241.6,53.8
ETHIOPIA,1917,21.1,22.4,23.2,23.3,23.2,22.8,22.4,22.2,22.2,21.8,21.2,20.7,23.2,22.5,21.7,21.3,13.4,14.8,16.0,16.8,17.2,17.2,17.2,16.8,16.5,15.4,14.0,13.0,16.6,17.1,15.3,13.6,28.9,29.9,30.5,29.8,29.2,28.6,27.6,27.6,28.1,28.3,28.4,28.4,29.8,27.9,28.2,29.0,2.7,2.4,2.3,7.5,9.0,9.4,8.0,9.8,9.6,6.0,2.1,3.1,18.8,27.2,17.6,7.4,19.0,16.6,21.1,108.3,144.3,117.3,123.4,152.4,127.9,95.5,20.8,18.5,273.6,393.0,244.1,55.1
ETHIOPIA,1918,20.9,22.3,23.2,23.1,23.3,23.0,22.5,22.2,22.6,22.2,21.2,20.9,23.2,22.6,22.0,21.8,13.2,14.7,16.0,16.6,17.2,17.3,17.2,16.9,16.7,15.7,14.2,13.2,16.6,17.1,15.5,14.1,28.7,29.9,30.4,29.7,29.4,28.8,27.8,27.6,28.6,28.7,28.4,28.6,29.8,28.0,28.6,29.5,1.2,3.1,3.7,7.8,7.5,8.0,7.7,8.4,6.2,3.7,2.4,1.7,19.1,24.1,12.3,5.5,6.5,30.0,52.3,109.9,99.6,71.8,107.2,120.7,72.3,51.7,23.6,9.7,261.9,299.8,147.6,32.8
ETHIOPIA,1919,21.8,22.7,23.7,23.5,23.5,23.1,22.3,22.4,22.7,22.0,21.1,20.7,23.5,22.6,22.0,21.3,14.1,15.1,16.5,17.0,17.5,17.4,17.1,17.1,16.9,15.5,14.0,13.0,17.0,17.2,15.5,13.7,29.5,30.3,30.9,30.0,29.5,28.8,27.6,27.9,28.6,28.6,28.2,28.4,30.2,28.1,28.5,28.9,1.6,2.2,4.3,6.2,7.0,7.6,9.2,8.4,7.1,3.9,2.5,1.0,17.5,25.2,13.5,4.3,7.7,15.4,60.4,73.5,94.3,66.6,155.0,120.0,87.6,65.7,27.5,4.1,228.2,341.6,180.8,27.6
ETHIOPIA,1920,21.1,21.9,23.2,23.3,23.3,23.0,22.3,21.9,22.6,22.2,21.4,20.5,23.3,22.4,22.0,21.2,13.4,14.5,16.0,16.8,17.3,17.3,17.1,16.7,16.8,15.7,14.3,12.8,16.7,17.0,15.6,13.6,28.8,29.4,30.4,29.9,29.3,28.7,27.5,27.2,28.4,28.6,28.5,28.2,29.9,27.8,28.5,28.9,1.4,1.9,3.6,7.4,7.1,8.4,7.9,9.0,7.3,5.5,3.5,1.6,18.1,25.3,16.3,5.3,9.2,14.3,43.1,106.8,109.2,80.9,122.5,140.0,97.6,83.4,31.5,6.7,259.1,343.4,212.5,24.2
ETHIOPIA,1921,21.1,22.1,23.3,24.0,23.6,23.3,22.6,22.2,22.8,22.3,21.7,21.6,23.6,22.7,22.3,22.1,13.5,14.5,16.0,17.6,17.5,17.5,17.5,17.0,17.0,15.9,14.6,14.0,17.0,17.3,15.8,14.5,28.9,29.7,30.5,30.6,29.7,29.0,27.8,27.5,28.6,28.8,28.9,29.3,30.3,28.1,28.8,29.8,1.7,2.0,2.1,6.4,8.0,8.6,8.9,8.7,7.6,5.2,3.5,1.8,16.5,26.1,16.3,4.6,8.3,9.2,21.2,78.6,109.1,78.3,143.7,122.9,109.8,67.7,28.2,6.2,208.8,344.9,205.7,27.4
ETHIOPIA,1922,21.9,22.9,23.7,23.9,23.6,23.7,22.2,22.1,22.7,22.3,21.8,21.2,23.7,22.6,22.3,21.8,14.1,15.3,16.5,17.5,17.6,18.0,17.0,16.8,16.9,15.9,14.8,13.6,17.2,17.3,15.8,14.1,29.7,30.5,30.9,30.4,29.6,29.4,27.3,27.4,28.5,28.7,29.0,28.9,30.3,28.0,28.7,29.5,0.8,2.1,3.4,5.1,9.5,7.3,8.4,9.5,7.9,5.0,2.0,1.2,17.9,25.2,14.9,5.2,4.8,16.4,37.5,56.1,135.1,72.5,125.9,146.7,107.0,69.1,21.3,5.2,228.7,345.1,197.3,40.5
ETHIOPIA,1923,21.9,22.4,23.7,23.6,23.5,23.2,22.3,22.1,22.6,22.1,21.2,21.0,23.6,22.5,22.0,22.0,14.1,14.8,16.5,17.1,17.5,17.6,17.2,16.8,16.8,15.6,14.0,13.3,17.0,17.2,15.5,14.3,29.7,30.0,30.9,30.1,29.5,28.9,27.5,27.4,28.5,28.6,28.4,28.7,30.2,27.9,28.5,29.7,0.4,3.7,4.6,7.9,8.6,8.4,7.7,9.3,8.9,4.6,4.4,1.7,21.0,25.4,17.9,6.2,2.8,32.5,60.1,112.1,128.5,78.7,109.0,142.3,162.9,70.9,51.5,13.5,300.8,330.0,285.2,43.0
ETHIOPIA,1924,21.8,23.2,24.2,24.2,23.9,23.7,23.1,22.8,23.1,22.8,21.9,21.5,24.1,23.2,22.6,21.5,14.1,15.6,17.1,17.8,17.8,18.0,17.9,17.5,17.3,16.3,14.8,13.9,17.6,17.8,16.1,13.9,29.6,30.9,31.4,30.6,30.0,29.4,28.4,28.2,29.0,29.3,29.1,29.2,30.7,28.7,29.1,29.2,1.9,2.6,4.6,7.8,7.2,9.1,8.0,9.9,7.2,4.7,2.0,1.8,19.5,27.0,13.9,5.3,9.5,20.1,62.2,103.3,87.1,86.8,127.2,152.4,100.1,63.4,18.1,10.2,252.7,366.5,181.6,35.9
ETHIOPIA,1925,21.0,22.1,23.7,23.8,23.9,23.8,23.3,23.1,23.1,22.2,21.5,21.1,23.8,23.4,22.3,21.7,13.3,14.5,16.5,17.4,17.9,18.1,18.1,17.8,17.1,15.8,14.4,13.4,17.2,18.0,15.7,14.0,28.7,29.7,31.0,30.3,30.0,29.6,28.5,28.4,29.1,28.8,28.6,28.8,30.4,28.9,28.8,29.4,1.2,2.3,2.9,5.5,8.2,9.4,8.2,9.5,7.8,6.2,7.0,2.5,16.6,27.1,21.0,7.3,8.2,17.5,30.3,63.4,116.8,88.9,129.8,128.1,103.4,101.4,95.3,12.8,210.5,346.8,300.0,64.4
ETHIOPIA,1926,21.3,22.6,23.2,23.5,24.0,23.7,22.9,23.0,23.2,22.3,21.3,20.7,23.6,23.2,22.3,21.7,13.6,15.0,15.9,17.0,18.0,18.0,17.7,17.7,17.4,15.9,14.2,13.1,17.0,17.8,15.8,14.0,29.1,30.3,30.5,30.0,30.1,29.4,28.1,28.4,29.1,28.7,28.5,28.4,30.2,28.6,28.8,29.4,1.6,3.3,4.5,8.6,10.7,8.5,8.3,9.0,8.3,5.1,4.3,1.0,23.7,25.7,17.8,4.1,16.8,34.8,55.2,136.6,182.4,90.5,113.9,149.3,113.3,69.3,39.0,3.9,374.2,353.8,221.7,24.3
ETHIOPIA,1927,21.8,22.5,23.7,23.1,23.3,23.1,22.4,22.8,23.0,22.8,21.9,21.8,23.4,22.8,22.6,22.2,14.1,14.9,16.4,16.6,17.2,17.4,17.2,17.5,17.1,16.3,14.7,14.1,16.7,17.4,16.0,14.6,29.6,30.1,31.0,29.7,29.5,28.9,27.7,28.1,29.0,29.4,29.2,29.5,30.1,28.2,29.2,29.9,1.0,2.1,3.1,7.2,7.5,8.1,8.3,8.0,8.2,3.4,4.1,1.6,17.8,24.3,15.7,4.7,3.6,16.8,33.5,94.6,96.8,74.8,136.8,127.3,132.3,39.3,32.3,7.2,225.0,338.9,204.0,26.7
ETHIOPIA,1928,22.1,22.8,24.4,24.4,24.1,23.4,22.7,22.5,23.2,22.7,21.9,21.4,24.3,22.9,22.6,21.9,14.4,15.3,17.3,18.0,18.1,17.7,17.5,17.2,17.4,16.3,14.8,13.7,17.8,17.5,16.1,14.3,29.8,30.3,31.6,30.8,30.2,29.2,28.0,27.8,29.1,29.2,29.0,29.1,30.9,28.3,29.1,29.6,1.6,1.5,3.4,7.7,9.0,8.1,7.1,10.1,5.5,5.1,5.9,1.0,20.0,25.3,16.5,4.4,8.1,11.4,39.1,100.2,137.6,78.6,124.1,159.0,60.4,68.7,71.9,5.8,276.9,361.8,201.0,29.2
ETHIOPIA,1929,21.4,23.1,23.9,23.7,23.5,22.9,21.8,21.8,22.3,22.0,21.2,20.5,23.7,22.2,21.8,21.3,13.7,15.5,16.7,17.3,17.5,17.2,16.6,16.5,16.5,15.6,14.1,12.9,17.2,16.8,15.4,13.7,29.1,30.6,31.1,30.1,29.5,28.6,27.0,27.2,28.2,28.4,28.3,28.1,30.2,27.6,28.3,29.0,0.9,2.5,2.7,7.3,7.8,8.7,10.3,9.4,8.8,5.6,2.7,3.7,17.9,28.4,17.1,10.0,4.6,18.8,24.0,94.4,116.2,97.9,129.3,146.9,137.4,86.7,22.3,21.0,234.6,374.0,246.4,70.8
ETHIOPIA,1930,21.0,22.5,23.2,23.4,23.2,22.6,22.0,21.9,22.5,21.9,21.0,20.9,23.3,22.2,21.8,21.8,13.3,14.8,15.9,17.0,17.2,17.0,16.8,16.5,16.6,15.4,13.9,13.3,16.7,16.8,15.3,14.1,28.8,30.1,30.5,29.9,29.3,28.4,27.3,27.4,28.5,28.5,28.2,28.7,29.9,27.7,28.4,29.5,3.1,3.3,4.9,9.1,7.3,9.1,8.2,8.8,7.4,6.0,2.0,3.6,21.3,26.1,15.4,8.8,27.6,22.2,73.8,141.1,90.3,85.6,140.4,114.6,87.3,86.8,18.2,28.4,305.2,340.7,192.3,61.2
ETHIOPIA,1931,21.6,22.8,23.5,23.7,23.8,23.4,22.6,22.3,22.8,22.4,21.5,21.0,23.6,22.8,22.2,21.7,13.8,15.2,16.3,17.1,17.7,17.7,17.4,17.0,17.0,16.0,14.4,13.4,17.0,17.4,15.8,14.1,29.3,30.5,30.8,30.3,29.8,29.2,27.9,27.6,28.6,28.8,28.6,28.6,30.3,28.3,28.7,29.4,2.0,3.2,4.2,6.3,8.8,7.8,8.0,9.7,8.1,5.3,2.0,0.8,19.2,25.5,15.4,3.0,9.8,23.0,51.1,71.3,124.2,71.2,121.0,147.3,111.5,77.0,18.2,3.3,246.6,339.5,206.7,13.4
ETHIOPIA,1932,21.3,22.8,23.5,23.7,23.3,23.1,22.2,22.1,22.6,22.2,21.4,20.8,23.5,22.5,22.1,21.7,13.7,15.1,16.3,17.2,17.3,17.4,17.1,16.8,16.8,15.7,14.3,13.1,16.9,17.1,15.6,14.1,29.1,30.4,30.8,30.2,29.4,28.9,27.4,27.5,28.4,28.7,28.5,28.4,30.1,27.9,28.5,29.4,1.0,1.2,4.4,6.5,8.6,8.9,8.0,10.9,8.6,3.1,1.9,4.2,19.6,27.8,13.6,7.7,3.6,6.5,67.7,71.5,112.8,72.0,126.4,152.4,129.0,46.2,16.3,31.7,252.0,350.7,191.5,61.1
ETHIOPIA,1933,21.6,22.8,23.9,23.8,23.7,23.4,22.5,22.2,22.5,22.3,21.6,21.1,23.8,22.7,22.1,21.5,13.9,15.3,16.6,17.2,17.7,17.7,17.3,16.8,16.7,15.9,14.6,13.5,17.2,17.3,15.7,13.9,29.4,30.5,31.1,30.5,29.9,29.1,27.7,27.6,28.4,28.7,28.7,28.7,30.5,28.2,28.6,29.2,1.1,2.3,2.7,7.0,7.1,7.7,7.4,10.5,6.9,5.4,3.8,1.4,16.7,25.5,16.1,3.5,11.7,17.6,28.1,88.0,90.7,70.5,120.7,148.7,104.0,69.8,34.3,6.8,206.7,339.9,208.2,16.3
ETHIOPIA,1934,21.3,22.1,23.5,23.9,23.6,23.1,22.4,22.2,22.7,22.3,21.7,20.9,23.7,22.5,22.2,21.8,13.6,14.5,16.2,17.5,17.6,17.4,17.1,16.9,16.8,15.9,14.6,13.3,17.1,17.1,15.7,14.2,29.2,29.7,30.9,30.4,29.6,28.8,27.6,27.5,28.6,28.9,28.9,28.7,30.3,28.0,28.8,29.6,0.7,1.4,3.2,7.0,8.7,9.8,8.5,8.6,6.4,3.5,2.9,2.7,19.0,27.0,12.8,5.5,2.9,6.5,36.1,85.4,127.5,110.2,144.8,120.9,90.2,56.2,20.9,11.0,249.1,376.0,167.3,27.4
ETHIOPIA,1935,22.0,22.6,24.0,23.6,23.4,22.9,22.2,21.9,22.6,22.3,21.3,21.0,23.7,22.3,22.1,21.7,14.2,15.1,16.8,17.1,17.3,17.2,16.9,16.5,16.7,15.8,14.2,13.4,17.1,16.9,15.5,14.0,29.8,30.3,31.3,30.2,29.5,28.7,27.5,27.3,28.6,28.8,28.6,28.8,30.3,27.9,28.6,29.4,0.7,2.1,2.9,7.6,11.9,8.2,6.5,9.1,8.9,3.8,2.9,2.3,22.4,23.7,15.6,9.4,3.1,13.3,31.5,105.9,226.8,90.7,99.4,133.7,140.2,49.0,34.8,10.8,364.2,323.9,224.0,97.7
ETHIOPIA,1936,21.3,22.7,23.8,23.9,23.9,23.1,22.1,22.0,22.5,22.4,21.7,21.1,23.9,22.4,22.2,21.8,13.5,15.1,16.5,17.4,17.9,17.3,16.9,16.6,16.6,15.8,14.4,13.5,17.3,16.9,15.6,14.2,29.1,30.4,31.1,30.4,30.0,28.8,27.4,27.4,28.4,29.0,28.9,28.8,30.5,27.9,28.8,29.4,3.0,4.1,4.7,8.4,7.2,8.4,9.5,10.1,8.9,4.4,3.6,2.3,20.3,28.0,16.9,8.1,29.5,57.4,61.5,120.2,84.8,85.3,143.2,150.7,113.6,70.9,24.2,11.9,266.6,379.2,208.7,55.1
ETHIOPIA,1937,21.4,22.9,23.7,24.0,23.7,23.3,22.3,22.2,22.9,22.4,21.5,21.1,23.8,22.6,22.3,21.8,13.7,15.3,16.4,17.6,17.8,17.7,17.2,17.0,17.1,16.0,14.7,13.6,17.2,17.3,15.9,14.3,29.1,30.4,31.0,30.5,29.7,29.0,27.4,27.5,28.7,28.9,28.4,28.7,30.4,28.0,28.7,29.4,2.3,3.5,4.7,7.0,8.3,9.7,6.6,8.5,7.4,4.4,5.9,1.4,20.0,24.8,17.7,5.0,12.7,30.6,75.1,86.3,117.1,90.7,115.0,127.5,89.4,71.9,62.5,5.3,278.6,333.2,223.7,24.6
ETHIOPIA,1938,21.5,22.8,23.5,24.2,23.6,23.1,22.1,22.0,22.4,22.2,21.4,21.1,23.8,22.4,22.0,21.7,14.1,15.2,16.2,17.5,17.4,17.6,17.2,17.0,16.8,16.0,14.3,13.5,17.0,17.2,15.7,14.2,29.0,30.4,30.9,31.0,29.9,28.8,27.2,27.1,28.1,28.5,28.6,28.7,30.6,27.7,28.4,29.3,2.6,1.1,2.7,5.6,6.8,8.1,10.4,9.6,7.3,5.3,1.9,1.8,15.2,28.1,14.6,5.7,12.9,6.3,28.4,62.5,82.8,89.3,142.3,155.6,112.0,77.4,15.8,7.0,173.7,387.2,205.2,29.8
ETHIOPIA,1939,21.5,22.7,23.9,24.0,24.0,23.3,22.6,22.5,22.9,22.4,21.7,21.5,24.0,22.8,22.4,22.1,13.8,15.2,16.6,17.7,18.2,17.7,17.5,17.1,17.0,16.3,14.7,13.9,17.5,17.4,16.0,14.7,29.2,30.1,31.2,30.4,29.7,28.9,27.9,28.0,28.9,28.6,28.8,29.2,30.4,28.3,28.8,29.6,1.4,2.5,3.5,7.6,8.1,7.7,6.6,8.5,7.1,6.6,2.3,1.2,19.2,22.7,16.0,7.7,4.9,17.9,41.6,94.6,117.6,65.9,106.0,117.9,92.7,102.2,23.7,6.6,253.9,289.9,218.7,62.6
ETHIOPIA,1940,21.9,23.0,23.6,24.0,24.0,23.7,22.6,22.5,23.1,22.6,21.7,21.4,23.9,22.9,22.5,22.0,14.4,15.7,16.8,17.6,18.1,18.0,17.4,17.2,17.2,16.1,14.6,13.8,17.5,17.5,16.0,14.4,29.4,30.3,30.4,30.4,30.0,29.4,27.8,27.8,29.0,29.1,29.0,29.1,30.3,28.3,29.0,29.7,2.4,4.2,4.9,6.9,6.6,9.4,8.2,9.4,6.1,3.7,4.0,1.9,18.4,27.0,13.8,5.4,16.2,39.8,78.2,95.3,80.9,71.3,125.7,134.8,76.6,53.1,36.7,7.8,254.4,331.8,166.4,34.3
ETHIOPIA,1941,21.7,23.0,23.7,24.1,23.8,23.0,22.5,22.2,22.7,22.3,21.4,20.7,23.9,22.6,22.2,21.8,14.0,15.4,16.6,17.7,17.8,17.4,17.4,16.9,16.9,15.9,14.3,13.1,17.4,17.2,15.7,14.2,29.5,30.6,31.0,30.6,29.8,28.7,27.8,27.6,28.6,28.8,28.6,28.3,30.4,28.0,28.7,29.5,1.0,2.5,4.5,7.6,8.2,9.7,9.0,8.5,7.0,6.8,3.4,1.9,20.2,27.2,17.3,5.7,4.9,21.6,49.1,101.0,117.8,79.3,106.2,117.7,88.0,106.3,42.5,9.3,267.9,303.2,236.8,37.6
ETHIOPIA,1942,21.6,23.1,23.7,24.0,23.5,23.4,21.9,21.9,22.5,22.2,21.7,21.2,23.7,22.4,22.1,21.5,13.9,15.6,16.5,17.6,17.5,17.8,16.7,16.7,16.7,15.8,14.6,13.6,17.2,17.1,15.7,13.9,29.3,30.7,30.9,30.5,29.4,29.1,27.1,27.2,28.3,28.7,28.8,28.8,30.3,27.8,28.6,29.1,1.2,2.5,3.9,7.4,9.0,6.7,6.9,8.2,7.0,3.4,2.5,1.5,20.3,21.9,12.8,5.6,8.0,20.4,57.6,100.3,139.7,63.5,111.2,113.8,99.2,50.4,26.3,5.9,297.6,288.6,175.9,35.8
ETHIOPIA,1943,21.3,21.9,23.1,23.4,23.6,22.8,22.1,21.8,22.3,21.9,21.6,21.4,23.3,22.2,21.9,21.7,13.7,14.4,15.9,16.9,17.7,17.2,17.1,16.6,16.5,15.6,14.6,13.9,16.9,17.0,15.6,14.2,29.0,29.5,30.3,29.8,29.5,28.5,27.2,27.0,28.0,28.3,28.6,28.9,29.9,27.6,28.3,29.3,2.5,1.7,2.8,5.0,8.0,8.8,6.7,8.6,6.6,4.5,2.6,2.2,15.9,24.1,13.7,5.7,14.5,15.5,26.0,52.9,105.7,81.9,115.5,122.6,114.5,51.6,18.1,13.0,184.6,320.0,184.2,40.7
ETHIOPIA,1944,21.4,22.4,23.8,23.8,23.6,23.4,22.1,22.2,22.5,22.3,21.3,20.9,23.7,22.6,22.0,21.5,13.9,14.9,16.7,17.4,17.6,17.7,17.1,16.9,16.7,15.9,14.1,13.3,17.2,17.2,15.6,13.9,29.1,30.0,30.9,30.2,29.7,29.2,27.2,27.5,28.3,28.8,28.4,28.5,30.2,28.0,28.5,29.1,2.0,1.5,3.5,7.9,7.6,7.0,9.8,9.6,7.7,3.9,4.4,3.4,19.1,26.3,16.0,5.7,18.1,9.6,33.9,107.3,96.6,68.3,127.9,134.9,103.8,67.4,35.1,18.1,237.8,331.1,206.3,32.5
ETHIOPIA,1945,21.7,21.9,23.4,24.1,23.5,23.0,22.4,21.9,22.3,21.9,21.3,20.8,23.7,22.4,21.8,21.7,14.0,14.5,16.3,17.7,17.5,17.3,17.3,16.6,16.5,15.5,14.2,13.2,17.2,17.1,15.4,14.1,29.4,29.4,30.7,30.6,29.5,28.7,27.6,27.2,28.1,28.3,28.5,28.5,30.2,27.8,28.3,29.4,1.2,1.1,1.8,2.9,9.1,7.9,7.4,9.2,7.3,4.6,6.1,1.3,13.8,24.4,18.1,3.1,7.5,6.9,18.9,31.5,137.2,77.8,126.9,146.9,116.2,61.0,66.1,5.9,187.6,351.6,243.3,14.9
ETHIOPIA,1946,21.6,22.7,23.3,23.5,23.7,22.8,22.2,21.7,22.5,22.1,21.5,21.1,23.5,22.2,22.1,21.7,13.9,15.3,16.1,17.1,17.7,17.2,17.1,16.5,16.8,15.7,14.4,13.5,17.0,16.9,15.6,14.3,29.3,30.2,30.6,30.0,29.8,28.5,27.3,26.9,28.4,28.6,28.6,28.8,30.1,27.6,28.5,29.1,1.0,0.8,2.7,7.9,8.1,8.5,8.8,10.7,7.7,5.1,2.8,0.8,18.6,28.0,15.6,5.1,3.9,5.0,31.3,105.2,110.9,105.1,129.3,189.1,125.3,73.3,29.2,3.7,247.5,423.5,227.8,41.9
ETHIOPIA,1947,21.5,22.5,23.1,23.5,23.4,23.5,22.6,22.1,22.4,22.2,21.5,21.3,23.3,22.8,22.0,21.8,14.1,15.4,16.4,17.4,17.3,17.9,17.4,16.9,16.7,16.2,14.9,13.7,17.0,17.4,15.9,14.3,28.8,29.7,30.0,29.7,29.5,29.2,27.9,27.4,28.1,28.3,28.2,29.0,29.7,28.2,28.2,29.2,1.1,3.2,4.6,7.8,7.6,7.8,7.5,10.5,7.8,3.9,2.8,1.3,20.0,25.8,14.5,5.7,7.5,30.7,76.9,105.7,99.2,71.9,124.6,174.1,121.0,55.0,31.0,9.8,281.8,370.6,207.0,39.5
ETHIOPIA,1948,21.6,22.4,23.0,23.8,23.8,22.4,22.4,22.0,22.4,21.7,20.7,20.5,23.5,22.3,21.6,21.1,14.0,15.3,15.6,17.6,17.9,16.9,17.2,16.8,16.8,15.5,13.9,13.2,17.1,17.0,15.4,13.9,29.2,29.5,30.4,30.1,29.7,28.0,27.6,27.2,28.1,27.9,27.6,27.9,30.1,27.6,27.8,28.3,1.7,2.7,2.8,6.4,7.0,8.5,7.6,7.7,7.2,6.6,3.3,1.9,16.2,23.8,17.2,5.6,9.7,20.0,31.8,76.0,83.6,101.4,135.3,114.9,117.8,97.0,26.5,9.7,191.4,351.6,241.3,33.4
ETHIOPIA,1949,21.1,21.7,23.4,23.6,23.3,22.8,22.2,22.0,22.1,22.0,21.2,20.1,23.4,22.3,21.8,21.0,14.0,14.5,16.7,17.6,17.7,17.5,17.2,17.0,16.5,15.9,14.5,12.9,17.3,17.2,15.6,13.8,28.3,28.8,30.1,29.6,29.0,28.1,27.2,27.2,27.8,28.2,27.9,27.2,29.6,27.5,28.0,28.4,1.8,1.9,3.4,5.2,8.8,7.8,9.2,8.3,7.5,4.4,4.8,3.1,17.3,25.3,16.6,6.2,9.8,13.9,37.2,57.7,129.4,78.0,140.4,133.6,114.2,65.3,43.0,14.6,224.3,352.0,222.5,34.6
ETHIOPIA,1950,21.2,21.8,23.4,23.6,23.5,23.0,21.6,21.5,21.9,21.6,21.1,20.9,23.5,22.0,21.5,21.6,13.7,14.6,16.7,17.7,17.7,17.6,16.7,16.4,16.3,15.4,14.2,13.5,17.4,16.9,15.3,14.1,28.7,29.1,30.3,29.7,29.3,28.5,26.5,26.6,27.5,27.9,28.0,28.2,29.7,27.2,27.8,29.2,1.6,1.5,3.2,7.2,7.4,6.5,11.0,15.2,8.0,3.9,1.8,1.1,17.8,32.7,13.6,2.7,7.8,12.2,36.8,89.7,97.4,62.9,117.6,344.2,95.9,42.0,14.6,6.1,223.9,524.7,152.5,14.8
ETHIOPIA,1951,21.6,22.3,23.5,23.1,23.7,23.5,22.5,22.1,22.3,22.6,21.7,20.3,23.4,22.7,22.2,21.8,13.6,15.0,17.4,17.7,18.0,17.5,17.5,16.8,16.3,16.5,14.9,13.0,17.7,17.3,15.9,14.5,29.6,29.6,29.8,28.7,29.4,29.5,27.5,27.5,28.3,28.7,28.6,27.7,29.3,28.2,28.5,29.2,0.6,1.0,5.6,7.2,9.3,8.1,7.0,7.3,6.6,7.5,4.1,2.6,22.0,22.4,18.1,5.1,3.5,5.2,93.3,94.3,132.3,58.8,91.8,92.0,69.2,131.3,45.1,14.9,319.9,242.6,245.6,30.2
ETHIOPIA,1952,22.2,23.1,24.0,23.8,24.2,23.5,22.1,22.0,22.5,21.7,21.6,21.6,24.0,22.5,21.9,22.6,14.7,15.8,16.7,17.8,18.1,17.7,17.0,17.1,16.8,15.2,14.0,13.6,17.5,17.3,15.4,14.4,29.7,30.4,31.3,29.8,30.3,29.3,27.2,26.9,28.1,28.1,29.2,29.5,30.5,27.8,28.5,30.9,1.2,1.3,2.6,8.3,6.4,7.4,6.6,8.4,9.2,4.0,1.7,1.0,17.3,22.5,14.9,4.7,5.3,9.9,28.5,119.9,67.3,67.1,102.0,129.2,128.8,49.2,16.1,4.0,215.7,298.3,194.1,28.4
ETHIOPIA,1953,22.4,23.9,24.1,24.1,24.9,24.1,21.8,22.3,22.6,21.9,21.7,21.3,24.4,22.7,22.1,22.4,14.1,15.4,16.4,17.8,18.3,18.1,16.9,16.8,16.5,15.1,14.2,14.0,17.5,17.3,15.2,14.5,30.8,32.4,31.9,30.5,31.5,30.1,26.8,27.8,28.8,28.8,29.3,28.6,31.3,28.3,28.9,30.3,0.8,2.9,2.3,8.1,7.0,9.0,6.9,11.2,6.8,3.8,1.9,3.2,17.3,27.1,12.5,5.3,3.0,21.4,19.1,113.6,85.1,80.7,105.6,141.7,86.4,59.3,16.2,24.1,217.9,328.0,161.9,39.3
ETHIOPIA,1954,21.7,24.2,24.5,24.3,24.4,23.5,21.7,21.8,22.7,22.3,22.4,21.6,24.4,22.3,22.5,22.3,13.3,16.2,17.3,17.5,17.4,17.6,16.4,16.7,17.1,15.5,14.7,14.0,17.4,16.9,15.8,14.9,30.2,32.1,31.9,31.1,31.4,29.5,27.0,26.9,28.4,29.1,30.1,29.3,31.4,27.8,29.2,29.9,0.4,1.7,4.1,6.7,6.7,8.8,7.3,9.4,8.8,5.6,2.2,1.4,17.5,25.5,16.6,7.0,1.6,13.6,51.7,83.2,76.4,100.4,130.8,144.2,156.6,74.3,16.8,6.6,211.2,375.4,247.6,46.2
ETHIOPIA,1955,21.9,23.5,25.0,24.8,24.9,23.5,22.9,22.1,22.8,22.9,21.6,21.3,24.9,22.8,22.4,21.8,15.2,15.4,17.1,17.8,18.4,17.5,17.3,16.5,17.0,16.1,14.1,13.9,17.8,17.1,15.7,13.9,28.7,31.7,33.0,31.8,31.6,29.5,28.7,27.7,28.7,29.8,29.0,28.6,32.1,28.6,29.2,29.6,4.4,1.2,2.6,7.5,5.7,7.4,8.1,9.3,7.9,3.0,3.1,2.7,15.8,24.8,14.1,6.2,33.6,6.0,24.8,91.5,57.4,71.1,135.8,141.6,125.6,37.6,27.3,17.6,173.7,348.5,190.5,37.5
ETHIOPIA,1956,20.8,23.2,25.3,23.3,24.0,22.6,21.6,21.4,22.2,21.8,21.2,21.2,24.2,21.9,21.7,21.3,13.0,14.8,17.6,16.8,17.3,16.6,16.3,16.2,16.2,16.3,14.2,13.7,17.2,16.4,15.6,13.5,28.5,31.8,33.1,29.8,30.8,28.7,27.0,26.6,28.2,27.4,28.4,28.7,31.2,27.4,28.0,29.1,2.3,1.2,3.1,7.5,5.2,9.3,6.9,7.9,6.4,6.6,3.5,2.0,15.8,24.0,16.5,6.4,15.2,4.6,36.6,101.7,59.5,96.0,102.1,118.8,83.6,113.2,25.1,7.3,197.8,316.8,221.9,34.5
ETHIOPIA,1957,21.4,21.3,22.6,23.2,23.4,23.2,22.3,22.1,22.7,22.5,22.2,21.4,23.1,22.5,22.5,21.7,13.0,13.7,15.7,16.7,16.9,17.1,16.8,16.7,15.8,15.4,14.7,13.4,16.4,16.9,15.3,14.3,29.7,29.0,29.6,29.8,30.0,29.4,27.9,27.5,29.6,29.7,29.6,29.5,29.8,28.3,29.6,29.0,1.2,3.3,5.0,8.2,8.5,8.2,7.3,8.3,6.3,5.1,3.9,2.4,21.7,23.7,15.3,10.9,4.8,22.5,80.7,126.7,111.4,80.5,129.0,117.9,58.6,68.9,43.3,10.8,318.8,327.4,170.7,87.9
ETHIOPIA,1958,21.8,21.8,24.1,24.5,24.4,23.0,22.0,22.0,23.0,22.3,21.9,21.5,24.4,22.3,22.4,22.0,14.6,15.0,16.2,17.7,17.5,17.2,17.1,16.6,17.1,15.7,14.1,13.9,17.1,17.0,15.6,14.4,28.9,28.7,32.1,31.4,31.4,28.7,26.9,27.4,28.9,29.0,29.8,29.2,31.6,27.7,29.2,29.7,4.3,4.2,3.1,7.0,5.2,12.2,10.0,8.3,8.5,5.5,2.3,2.8,15.3,30.6,16.3,9.4,41.4,35.6,31.0,83.6,53.8,134.2,149.5,139.9,126.9,70.7,13.4,14.9,168.4,423.5,211.1,64.9
ETHIOPIA,1959,22.0,22.6,23.0,24.7,23.7,23.5,22.2,21.6,22.3,22.3,21.5,21.1,23.8,22.4,22.0,21.5,14.5,14.8,15.2,17.4,17.2,17.4,17.1,16.3,16.7,16.3,14.3,13.7,16.6,16.9,15.8,13.8,29.5,30.5,30.8,32.0,30.3,29.7,27.3,27.0,28.0,28.3,28.8,28.5,31.0,28.0,28.4,29.3,3.7,2.9,2.9,7.0,6.3,6.9,9.0,8.9,7.8,5.9,2.8,2.7,16.2,24.8,16.5,6.4,26.5,23.5,30.2,84.9,69.3,61.1,130.5,133.6,104.2,85.2,21.8,13.6,184.4,325.2,211.2,31.8
ETHIOPIA,1960,21.0,22.5,22.7,23.7,23.3,23.0,22.0,22.5,22.6,22.2,21.5,21.8,23.2,22.5,22.1,22.1,13.3,14.5,15.7,16.8,17.4,17.0,16.7,16.9,16.8,15.7,14.0,14.5,16.6,16.9,15.5,14.3,28.8,30.7,29.7,30.7,29.3,29.1,27.3,28.2,28.4,28.7,29.0,29.1,29.9,28.2,28.7,29.9,1.6,2.1,4.7,6.3,8.0,7.2,6.7,8.1,6.7,3.7,3.4,2.5,19.0,22.0,13.8,5.3,6.9,11.3,77.5,69.1,112.5,58.3,121.1,123.1,102.5,46.3,23.0,14.1,259.1,302.5,171.8,34.3
ETHIOPIA,1961,22.2,22.4,23.4,23.7,24.3,23.1,21.4,21.3,22.2,21.5,20.3,20.0,23.8,21.9,21.3,20.9,13.9,14.5,16.0,17.4,17.7,17.1,16.4,16.2,16.1,14.9,13.9,12.4,17.0,16.6,15.0,12.5,30.4,30.2,30.8,30.1,30.9,29.1,26.5,26.6,28.3,28.2,26.8,27.6,30.6,27.4,27.7,29.3,0.8,2.0,4.3,7.3,7.5,8.7,9.9,11.5,9.7,6.5,7.6,2.4,19.0,30.0,23.8,4.3,3.7,16.5,59.2,104.9,91.8,95.3,148.7,155.1,146.6,104.7,117.9,15.3,255.8,399.1,369.2,25.1
ETHIOPIA,1962,20.6,22.1,23.7,23.7,23.5,22.8,22.2,21.7,22.3,21.8,21.4,20.9,23.7,22.2,21.8,21.8,12.0,13.1,16.1,16.4,16.8,16.5,16.5,16.2,16.6,14.8,14.4,13.1,16.5,16.4,15.2,14.1,29.2,31.2,31.4,31.1,30.2,29.2,28.0,27.2,28.0,28.9,28.5,28.8,30.9,28.1,28.5,29.5,1.1,0.8,4.2,6.4,6.4,6.5,7.2,10.1,6.8,6.4,4.2,3.1,17.1,23.8,17.5,7.5,6.1,3.8,54.2,80.6,81.1,61.0,110.8,145.7,93.1,96.4,40.4,15.7,215.9,317.5,229.9,45.2
ETHIOPIA,1963,21.5,22.9,24.0,23.2,22.9,23.0,22.3,22.0,22.5,22.7,21.7,20.7,23.4,22.4,22.3,21.3,14.0,15.1,15.8,17.2,17.0,16.7,17.0,16.7,16.2,15.6,15.3,14.3,16.7,16.8,15.7,14.2,29.0,30.8,32.3,29.2,28.8,29.2,27.7,27.5,28.9,29.9,28.0,27.2,30.1,28.1,28.9,28.4,1.9,2.6,2.7,10.3,7.9,8.5,8.1,9.0,6.9,2.9,6.2,5.0,20.9,25.6,16.0,8.5,12.2,17.3,28.6,187.4,110.5,68.8,138.0,141.8,91.6,34.4,79.7,35.5,326.4,348.6,205.8,58.4
ETHIOPIA,1964,21.0,22.1,24.1,23.8,23.6,22.9,21.4,21.4,22.1,21.2,20.9,19.8,23.8,21.9,21.4,21.0,13.9,14.5,16.2,17.1,17.5,17.1,16.5,16.3,16.5,15.2,13.3,13.1,17.0,16.6,15.0,13.4,28.2,29.7,32.0,30.5,29.8,28.6,26.3,26.6,27.8,27.4,28.5,26.5,30.7,27.2,27.9,28.7,2.1,1.4,2.4,8.4,7.6,9.6,7.9,12.1,7.5,6.1,1.9,4.8,18.4,29.6,15.5,8.4,12.8,10.1,26.4,125.8,100.5,105.8,149.0,171.3,114.8,88.9,13.2,39.7,252.7,426.0,216.9,62.5
ETHIOPIA,1965,21.0,22.3,23.5,23.4,24.3,23.5,22.6,22.0,22.7,21.9,21.0,20.9,23.7,22.7,21.9,21.6,13.5,13.6,15.4,16.9,17.3,17.3,17.1,16.7,16.7,15.8,14.8,13.4,16.5,17.1,15.8,14.4,28.6,31.1,31.6,29.9,31.4,29.6,28.1,27.3,28.8,28.1,27.3,28.5,30.9,28.3,28.1,28.9,2.8,0.8,2.9,7.4,4.0,6.4,7.6,7.9,8.6,7.3,5.6,1.1,14.3,21.9,21.5,7.1,18.7,4.2,25.7,100.4,40.9,50.7,122.9,109.2,114.5,127.5,64.2,4.9,167.0,282.8,306.1,67.1
ETHIOPIA,1966,21.8,22.2,23.5,23.3,24.0,23.0,22.9,22.6,22.7,22.3,21.1,20.8,23.6,22.8,22.0,21.6,14.0,15.8,16.6,17.1,17.3,17.3,17.6,17.4,16.7,15.7,13.8,12.1,17.0,17.4,15.4,13.1,29.7,28.7,30.5,29.5,30.8,28.9,28.2,27.9,28.7,28.9,28.6,29.6,30.2,28.3,28.7,30.1,1.3,4.7,4.0,8.0,6.1,8.3,6.8,9.0,8.2,7.2,2.4,0.6,18.1,24.1,17.7,2.1,6.1,56.1,45.3,115.4,69.8,82.6,115.5,145.5,109.5,124.0,21.4,2.4,230.5,343.6,254.9,9.5
ETHIOPIA,1967,21.1,22.8,23.3,23.2,23.1,22.8,21.5,21.4,22.1,21.4,20.3,20.5,23.2,21.9,21.3,20.7,12.4,14.8,16.4,16.9,17.4,17.2,16.8,16.3,16.5,15.3,14.4,12.9,16.9,16.8,15.4,13.4,29.8,30.8,30.2,29.5,28.9,28.4,26.2,26.4,27.8,27.4,26.2,28.2,29.5,27.0,27.1,28.2,0.6,0.9,5.3,7.4,9.5,9.5,8.2,10.2,8.8,7.4,8.0,0.4,22.1,27.8,24.2,5.6,2.7,4.4,68.4,92.4,146.3,95.2,186.5,156.6,121.8,128.9,126.5,2.1,307.1,438.2,377.2,71.3
ETHIOPIA,1968,20.9,20.9,22.8,22.5,23.2,22.4,21.7,22.2,22.6,22.2,21.3,21.2,22.8,22.1,22.0,21.5,12.4,14.8,15.4,16.6,17.2,16.9,16.6,16.7,16.7,15.7,14.5,13.7,16.4,16.7,15.6,14.6,29.3,27.1,30.2,28.5,29.2,28.0,26.9,27.8,28.6,28.8,28.1,28.8,29.3,27.5,28.5,28.3,0.6,4.6,3.4,9.1,6.4,11.4,7.8,9.1,6.4,4.6,5.1,3.3,18.9,28.3,16.1,11.1,1.8,67.3,38.7,154.1,77.7,118.9,119.5,127.2,93.6,66.7,57.6,17.0,270.5,365.6,217.9,95.3
ETHIOPIA,1969,21.5,21.6,23.5,24.0,23.8,23.6,22.5,22.2,22.9,22.4,22.1,21.7,23.8,22.8,22.4,22.1,15.0,15.1,17.1,17.1,17.8,17.9,17.4,16.9,16.9,15.6,14.7,13.2,17.3,17.4,15.7,14.6,28.1,28.2,30.0,31.0,29.9,29.4,27.7,27.6,28.8,29.2,29.5,30.1,30.3,28.2,29.2,29.7,3.7,4.1,5.2,6.7,7.4,8.5,9.9,7.9,5.8,4.5,3.3,0.9,19.3,26.3,13.6,7.4,31.4,46.9,71.1,79.4,90.2,70.6,140.4,119.9,69.9,63.9,28.3,2.3,240.7,330.9,162.1,57.2
ETHIOPIA,1970,21.5,23.3,23.0,24.1,24.3,24.0,22.6,22.2,22.7,22.2,21.1,20.6,23.8,22.9,22.0,21.4,14.9,15.7,16.9,17.7,17.9,18.1,17.4,17.3,17.0,16.3,13.3,12.5,17.5,17.6,15.5,13.4,28.2,30.8,29.2,30.6,30.8,29.9,27.8,27.2,28.5,28.2,28.9,28.7,30.2,28.3,28.5,29.5,3.8,2.7,5.0,7.0,6.1,6.3,8.3,9.2,8.4,5.6,0.6,0.6,18.2,23.8,14.6,3.1,35.1,19.8,82.1,94.6,68.8,52.0,152.0,137.4,114.1,89.0,3.9,2.0,245.4,341.3,206.9,12.4
ETHIOPIA,1971,21.1,22.5,23.5,23.7,23.0,22.8,22.1,22.1,22.3,22.1,21.0,19.9,23.4,22.3,21.8,21.1,13.6,13.9,16.0,16.9,17.3,17.3,16.9,16.7,16.4,15.9,14.5,12.5,16.7,16.9,15.6,13.8,28.6,31.1,31.1,30.6,28.8,28.4,27.4,27.5,28.2,28.3,27.6,27.3,30.2,27.8,28.0,28.4,1.6,0.9,3.1,6.5,9.5,8.1,6.7,8.4,6.7,5.0,5.0,3.0,19.2,23.2,16.6,8.3,7.5,2.9,28.0,77.0,143.5,76.4,158.1,134.3,86.6,83.1,47.7,16.4,248.4,368.9,217.4,63.7
ETHIOPIA,1972,21.7,21.7,23.7,23.7,23.7,23.0,22.7,22.7,22.8,22.6,21.7,21.5,23.7,22.8,22.4,22.6,14.0,14.9,16.2,17.6,17.3,17.0,17.6,17.2,16.7,16.1,14.6,13.9,17.0,17.3,15.8,14.5,29.4,28.6,31.2,29.9,30.2,28.9,28.0,28.2,28.9,29.2,28.9,29.1,30.5,28.4,29.0,30.7,1.6,3.8,2.8,8.3,8.3,10.7,7.4,9.4,8.9,5.5,4.1,1.3,19.4,27.4,18.5,3.3,6.8,40.5,29.1,121.0,114.3,86.4,102.5,141.1,106.5,88.7,44.7,5.3,264.4,330.0,239.9,16.9
ETHIOPIA,1973,22.2,24.1,25.3,25.4,23.8,23.7,22.6,22.4,22.7,22.4,21.4,20.6,24.8,22.9,22.1,21.7,14.3,15.5,17.0,18.3,17.9,18.0,17.3,17.2,16.9,16.0,14.0,12.4,17.7,17.5,15.6,13.6,30.2,32.8,33.6,32.6,29.7,29.5,28.0,27.5,28.5,28.9,28.9,28.9,32.0,28.3,28.7,29.8,0.9,1.1,0.8,5.8,8.6,6.9,7.4,9.8,7.2,5.8,1.6,2.0,15.2,24.1,14.7,5.0,6.7,5.0,5.0,63.4,126.8,56.9,119.3,179.2,110.3,90.7,12.5,8.0,195.1,355.4,213.4,22.6
ETHIOPIA,1974,21.6,22.8,22.9,24.7,23.1,22.8,21.9,22.1,22.1,22.5,21.1,20.9,23.6,22.3,21.9,22.0,13.6,14.8,16.4,17.3,17.4,17.1,16.6,16.7,16.2,15.5,12.8,12.5,17.0,16.8,14.9,13.9,29.7,30.8,29.4,32.1,28.9,28.5,27.2,27.5,28.0,29.5,29.4,29.4,30.1,27.7,29.0,30.1,1.2,1.9,4.8,4.3,10.0,8.5,8.3,8.5,7.3,3.7,1.1,1.0,19.1,25.3,12.1,6.1,4.8,9.7,76.7,40.1,157.7,86.7,149.6,123.3,119.8,39.9,7.2,3.9,274.5,359.6,166.9,35.5
ETHIOPIA,1975,21.6,23.5,24.1,24.1,23.9,22.5,22.1,21.1,21.9,22.1,21.3,20.6,24.0,21.9,21.8,21.7,13.3,15.9,16.5,17.6,17.8,17.2,17.1,16.5,16.6,15.7,13.9,12.7,17.3,16.9,15.4,13.9,29.9,31.2,31.7,30.6,30.1,27.9,27.1,25.9,27.4,28.5,28.8,28.6,30.8,27.0,28.2,29.6,2.5,2.6,2.6,7.5,7.7,10.4,8.6,10.0,8.7,4.4,2.1,1.4,17.8,29.1,15.1,5.0,13.9,17.8,23.2,95.7,96.0,116.8,145.9,182.1,136.9,59.4,17.4,8.8,214.9,444.8,213.8,31.7
ETHIOPIA,1976,21.6,23.0,24.0,23.9,23.3,23.5,22.2,22.2,22.9,22.5,21.6,21.9,23.7,22.6,22.3,22.1,13.5,15.5,16.9,17.5,17.7,17.9,17.1,16.8,16.9,16.1,15.1,14.4,17.4,17.3,16.0,14.8,29.7,30.6,31.2,30.4,29.0,29.2,27.2,27.7,28.9,28.9,28.1,29.5,30.2,28.0,28.7,29.4,1.1,2.5,3.4,8.2,10.2,9.8,7.8,9.2,7.6,4.5,5.6,2.8,21.8,26.7,17.7,8.5,7.3,15.6,41.0,115.2,174.4,120.4,101.6,124.1,103.0,63.0,66.2,11.6,330.5,346.2,232.2,56.6
ETHIOPIA,1977,21.6,22.7,23.7,24.4,23.8,23.3,22.8,22.4,23.0,22.0,21.2,21.4,23.9,22.8,22.1,22.1,14.7,15.2,16.3,17.4,17.8,17.8,17.6,17.0,17.2,16.5,14.6,14.0,17.2,17.4,16.1,14.5,28.6,30.2,31.1,31.4,29.8,28.9,28.0,27.9,28.8,27.6,27.9,28.8,30.8,28.3,28.1,29.7,3.8,1.8,3.6,7.1,8.4,9.3,7.1,9.1,6.9,9.4,5.0,1.5,19.1,25.4,21.3,6.5,32.2,12.8,37.7,111.9,118.9,73.7,117.7,132.5,83.8,220.9,54.7,6.6,268.6,323.9,359.4,58.4
ETHIOPIA,1978,21.9,22.9,23.7,24.7,24.2,23.8,22.0,22.5,22.8,22.3,21.5,21.4,24.2,22.8,22.2,21.9,13.8,15.7,16.7,18.0,18.1,18.2,17.2,17.1,17.1,16.5,14.4,14.3,17.6,17.5,16.0,15.1,30.1,30.2,30.7,31.4,30.3,29.5,26.8,27.9,28.5,28.2,28.7,28.5,30.8,28.1,28.5,28.7,1.3,3.6,3.3,6.6,7.2,7.0,7.2,7.9,7.1,6.3,2.9,2.3,17.1,22.1,16.2,10.1,4.4,47.5,35.1,79.1,90.7,68.2,100.5,111.0,102.8,111.7,24.5,13.5,205.0,279.7,239.1,81.4
ETHIOPIA,1979,21.4,22.9,23.7,24.6,23.5,23.3,22.8,22.6,23.1,22.8,22.0,21.7,24.0,22.9,22.6,22.5,15.4,15.7,16.8,17.8,17.8,17.7,17.6,17.2,17.2,16.4,14.5,14.2,17.5,17.5,16.0,14.9,27.5,30.2,30.7,31.6,29.4,29.0,28.2,28.1,29.0,29.1,29.6,29.3,30.5,28.4,29.2,30.2,4.8,3.0,4.3,5.6,8.7,11.1,7.7,8.2,7.5,5.0,1.7,2.2,18.6,27.1,14.2,6.7,48.0,19.8,58.9,59.5,116.6,86.0,126.6,100.3,81.7,69.2,16.2,12.8,234.9,313.0,167.0,42.6
ETHIOPIA,1980,22.3,23.6,24.7,24.5,24.3,23.8,22.7,22.6,23.1,22.8,22.2,21.6,24.5,23.0,22.7,22.0,14.6,15.9,17.5,18.0,18.4,18.3,17.7,17.3,17.2,16.5,15.2,13.5,18.0,17.7,16.3,14.0,30.0,31.4,31.9,31.1,30.3,29.4,27.7,28.0,29.0,29.2,29.3,29.7,31.1,28.4,29.1,30.0,2.5,2.0,2.9,7.1,7.8,6.9,6.7,8.7,6.2,5.2,3.0,0.7,17.7,22.3,14.4,3.0,19.0,10.8,28.9,92.6,97.9,65.0,107.9,114.9,76.5,65.6,23.1,3.0,219.5,287.9,165.2,17.6
ETHIOPIA,1981,21.8,22.5,23.2,23.4,23.7,23.7,22.2,22.5,22.4,22.1,21.1,20.8,23.4,22.8,21.9,21.7,13.9,14.6,17.5,17.7,17.8,17.8,17.1,17.2,17.0,15.4,13.7,12.8,17.7,17.4,15.3,14.4,29.8,30.5,29.0,29.0,29.7,29.6,27.4,27.9,27.9,28.8,28.6,28.8,29.2,28.3,28.4,29.0,0.5,1.8,5.6,8.4,6.4,4.8,8.9,12.0,7.9,4.8,2.3,1.8,20.5,25.7,15.0,8.1,1.8,12.7,100.2,130.5,75.9,39.3,121.3,155.2,101.0,53.0,20.2,4.5,306.6,315.8,174.3,56.9
ETHIOPIA,1982,21.9,22.4,23.6,23.5,23.5,23.9,23.3,22.6,23.2,21.7,21.3,21.1,23.5,23.2,22.1,21.3,14.9,15.6,16.4,17.7,17.9,18.4,18.2,17.6,17.4,16.0,15.1,14.1,17.3,18.1,16.2,14.2,28.9,29.2,30.7,29.5,29.2,29.4,28.5,27.6,28.9,27.5,27.5,28.1,29.8,28.5,28.0,28.5,3.0,3.3,4.1,7.5,9.7,6.5,6.1,8.3,6.3,8.4,6.5,3.4,21.2,20.8,21.3,7.6,21.8,30.7,53.7,97.8,155.2,62.0,82.8,120.7,81.5,172.3,79.5,17.0,306.6,265.4,333.3,46.0
ETHIOPIA,1983,20.6,22.3,23.8,24.2,24.2,23.8,23.5,22.9,23.3,22.5,21.6,20.8,24.1,23.4,22.5,21.3,12.8,15.7,17.0,18.3,18.8,18.4,18.3,18.2,18.0,16.6,14.6,13.2,18.0,18.3,16.4,13.2,28.4,29.0,30.6,30.2,29.7,29.4,28.8,27.7,28.6,28.5,28.7,28.5,30.2,28.6,28.6,29.5,1.3,2.9,2.8,7.7,9.8,8.7,8.6,10.3,8.9,5.8,2.8,1.0,20.4,27.7,17.5,2.2,6.8,22.1,32.9,112.9,156.3,74.2,114.1,132.8,109.0,85.4,25.5,3.6,302.2,321.1,219.9,11.3
ETHIOPIA,1984,21.0,22.1,24.4,24.9,23.7,23.2,22.7,23.1,22.7,22.6,21.5,20.8,24.3,23.0,22.2,21.5,13.1,13.2,16.7,17.7,17.9,17.9,17.4,17.4,16.8,15.4,14.3,13.6,17.4,17.5,15.5,13.9,29.0,31.1,32.1,32.2,29.5,28.5,28.1,28.8,28.6,29.8,28.6,28.1,31.3,28.5,29.0,29.3,0.6,0.7,2.2,4.1,9.3,10.5,7.1,6.1,9.1,2.1,2.7,3.9,15.6,23.8,13.9,7.1,4.7,3.0,17.5,39.4,139.1,89.9,117.3,73.7,105.8,22.9,25.3,18.4,195.9,280.9,154.0,36.0
ETHIOPIA,1985,22.0,21.8,24.3,23.4,23.0,23.2,22.4,22.4,22.8,22.6,21.6,21.1,23.6,22.7,22.3,21.9,14.1,13.8,17.2,17.4,17.5,17.7,17.3,17.3,17.1,16.3,14.5,13.7,17.4,17.4,16.0,14.4,30.0,29.8,31.5,29.5,28.6,28.7,27.6,27.5,28.5,29.0,28.8,28.6,29.9,28.0,28.7,29.5,2.5,0.7,4.1,8.3,8.9,7.6,9.3,9.5,8.6,4.0,2.4,1.6,21.3,26.4,14.9,4.3,13.7,3.9,47.0,121.7,131.2,60.8,136.0,146.6,106.3,45.7,19.1,4.6,299.9,343.4,171.2,24.1
ETHIOPIA,1986,21.3,23.4,23.8,23.5,24.3,23.2,22.8,22.8,22.9,22.5,22.0,21.0,23.8,22.9,22.4,21.8,13.3,16.3,16.8,17.6,18.7,18.4,17.7,17.3,17.2,16.0,14.8,13.7,17.7,17.8,16.0,14.3,29.5,30.5,30.8,29.4,29.9,28.0,27.8,28.4,28.6,29.1,29.2,28.3,30.0,28.1,28.9,29.4,0.2,2.5,3.5,8.2,7.1,10.9,6.4,7.0,6.6,4.2,1.9,2.1,18.8,24.2,12.6,5.4,0.8,18.7,36.4,118.4,83.8,128.9,95.8,94.7,78.5,48.5,13.6,9.7,238.7,319.4,140.5,30.2
ETHIOPIA,1987,21.4,23.0,23.8,23.8,23.2,23.2,23.7,23.2,23.9,23.0,21.9,21.6,23.6,23.4,22.9,22.3,13.7,15.4,17.7,17.7,17.9,18.0,18.3,17.7,17.8,16.9,14.7,14.1,17.8,18.0,16.4,15.1,29.1,30.7,30.0,30.0,28.6,28.5,29.2,28.7,30.0,29.1,29.2,29.1,29.5,28.8,29.4,29.5,1.0,2.3,4.8,6.8,11.1,6.4,5.6,7.8,5.6,5.2,2.6,1.3,22.7,19.8,13.4,7.0,5.2,15.4,74.0,84.5,203.5,60.2,75.2,97.5,61.9,69.9,24.6,5.2,362.0,232.9,156.4,48.9
ETHIOPIA,1988,22.1,23.2,24.6,24.4,24.4,23.6,22.3,22.4,22.7,22.0,20.8,20.6,24.5,22.8,21.8,21.0,14.9,16.4,17.1,18.1,18.3,18.2,17.8,17.6,17.6,16.3,13.5,12.8,17.8,17.9,15.8,13.5,29.3,30.1,32.2,30.8,30.6,29.0,26.9,27.3,27.9,27.8,28.2,28.4,31.2,27.7,28.0,28.5,2.3,3.4,2.3,7.9,5.4,8.0,11.4,9.2,8.9,5.8,1.4,1.4,15.6,28.5,16.1,5.3,16.0,27.7,16.5,130.1,53.3,67.3,135.5,139.5,138.2,91.8,10.5,4.8,199.9,342.2,240.5,30.2
ETHIOPIA,1989,20.7,21.6,23.2,22.8,23.0,23.1,22.6,22.8,22.7,22.2,21.3,21.3,23.0,22.8,22.1,21.6,13.2,14.4,16.5,17.2,16.8,17.4,17.6,17.2,17.2,15.9,14.2,15.1,16.8,17.4,15.8,15.0,28.3,28.9,29.9,28.4,29.3,28.8,27.7,28.3,28.2,28.5,28.5,27.5,29.2,28.3,28.4,28.2,1.4,2.4,5.2,8.5,6.4,7.0,7.1,8.0,8.0,5.6,3.1,5.1,20.1,22.0,16.7,11.3,7.5,17.9,71.1,133.7,79.5,62.9,121.4,113.9,101.7,89.0,28.0,37.1,284.2,298.2,218.8,100.3
ETHIOPIA,1990,21.4,22.0,22.8,23.8,24.6,24.0,22.9,23.2,23.3,22.6,22.0,21.7,23.7,23.4,22.6,22.4,14.1,15.7,16.3,17.7,18.4,18.2,17.5,17.8,17.6,15.8,14.9,14.0,17.5,17.8,16.1,14.9,28.7,28.4,29.3,30.0,30.8,29.8,28.3,28.6,29.2,29.4,29.2,29.5,30.0,28.9,29.3,29.9,2.2,4.1,4.8,8.2,5.5,5.7,8.4,7.9,7.3,4.1,2.9,1.4,18.4,22.0,14.3,6.3,12.3,50.9,61.5,120.4,53.7,57.1,117.5,120.2,100.2,52.6,25.9,9.9,235.6,294.9,178.7,46.0
ETHIOPIA,1991,22.1,23.3,23.9,24.3,23.8,23.8,22.9,22.8,23.1,22.4,21.3,20.9,24.0,23.2,22.3,21.0,14.8,15.9,17.1,17.6,17.8,18.6,18.0,17.6,17.2,15.8,14.0,13.9,17.5,18.1,15.7,13.7,29.5,30.7,30.8,31.0,29.9,29.0,27.8,28.1,29.0,29.0,28.7,28.0,30.6,28.3,28.9,28.4,2.2,2.7,4.8,6.2,7.7,7.6,8.2,8.2,7.6,4.2,1.9,3.9,18.7,24.0,13.8,9.0,12.4,23.6,67.8,73.0,94.8,75.4,124.6,114.3,99.8,45.9,12.7,19.3,235.5,314.3,158.4,56.7
ETHIOPIA,1992,20.9,21.2,23.8,24.4,24.4,23.8,22.8,22.3,22.6,22.3,21.3,21.2,24.2,23.0,22.1,21.5,13.3,14.0,16.9,18.3,18.7,18.4,17.8,17.4,17.0,16.4,14.7,14.0,18.0,17.9,16.0,14.2,28.6,28.4,30.8,30.6,30.1,29.4,27.8,27.2,28.3,28.3,27.9,28.5,30.5,28.1,28.2,28.8,2.9,2.3,2.7,6.6,7.2,6.8,6.4,8.7,7.4,6.3,4.7,3.9,16.5,22.0,18.3,10.5,20.1,17.3,23.2,76.1,82.3,67.5,92.8,138.4,106.3,98.7,48.1,22.5,181.6,298.7,253.1,78.2
ETHIOPIA,1993,21.4,21.9,24.0,23.7,23.7,23.5,22.8,22.8,23.1,22.3,22.3,20.5,23.8,23.1,22.6,21.6,13.9,14.7,16.9,17.9,18.0,18.0,17.6,17.5,17.2,16.1,15.2,12.7,17.6,17.7,16.2,13.8,28.8,29.1,31.1,29.6,29.4,29.0,28.2,28.2,29.0,28.6,29.4,28.4,30.0,28.5,29.0,29.4,3.2,3.5,2.3,9.0,9.6,10.1,7.3,8.9,6.7,6.1,1.5,1.6,20.9,26.3,14.3,2.9,24.4,31.4,21.8,144.4,138.1,79.8,107.9,132.0,89.4,94.2,11.9,5.2,304.3,319.7,195.5,11.3
ETHIOPIA,1994,21.6,22.7,23.4,24.7,24.1,23.8,22.6,22.5,22.5,22.2,21.2,21.0,24.1,23.0,22.0,21.7,13.8,15.0,16.3,18.4,18.3,18.6,17.9,17.8,17.3,16.0,14.2,13.9,17.7,18.1,15.8,14.3,29.5,30.5,30.5,31.2,30.0,29.1,27.3,27.2,27.8,28.4,28.2,28.1,30.5,27.9,28.1,29.2,0.5,0.8,2.8,6.7,7.8,8.6,8.0,10.3,8.4,3.8,5.8,1.9,17.3,27.0,18.0,4.8,2.9,3.1,26.1,79.0,100.9,90.0,142.3,175.7,98.6,49.8,62.0,5.6,206.0,408.0,210.5,22.9
ETHIOPIA,1995,21.6,22.6,23.6,24.2,24.3,23.3,22.6,22.9,23.2,22.9,21.6,21.8,24.0,22.9,22.6,22.5,13.9,15.1,16.3,18.1,18.6,17.7,18.0,17.7,17.4,17.1,15.3,15.6,17.7,17.8,16.6,15.5,29.4,30.1,31.0,30.2,30.1,28.9,27.4,28.2,29.1,28.7,28.0,28.1,30.5,28.1,28.6,29.6,0.4,2.5,4.2,8.0,7.4,6.9,7.4,9.1,6.5,4.2,2.0,4.0,19.6,23.5,12.7,8.7,1.5,15.8,52.8,113.2,90.6,60.1,111.2,130.7,80.8,51.9,16.6,24.4,256.6,302.0,149.4,52.9
ETHIOPIA,1996,22.2,23.5,24.2,25.0,23.6,23.0,23.0,22.7,23.4,22.5,21.2,21.3,24.2,22.9,22.3,21.8,15.0,15.9,17.5,19.0,18.0,17.7,17.7,17.8,18.1,16.0,14.1,13.3,18.2,17.8,16.1,14.1,29.5,31.1,31.0,31.0,29.2,28.3,28.2,27.7,28.7,29.1,28.3,29.3,30.4,28.1,28.7,29.5,2.9,1.8,5.4,8.0,10.0,9.9,7.8,8.1,6.7,3.3,3.8,1.5,23.4,25.7,13.8,4.2,19.2,9.2,85.6,109.7,155.3,103.5,123.7,125.0,89.0,36.2,34.7,6.3,350.7,352.2,160.0,24.4
ETHIOPIA,1997,22.1,22.0,24.4,24.0,23.8,23.6,23.1,23.0,23.5,22.6,21.4,21.7,24.0,23.2,22.5,22.4,14.6,14.5,17.2,17.7,17.9,18.0,17.8,17.1,17.3,16.0,14.4,13.7,17.6,17.6,15.9,14.8,29.7,29.5,31.5,30.3,29.8,29.2,28.4,28.9,29.8,29.2,28.4,29.8,30.5,28.9,29.1,30.1,2.2,0.5,4.1,8.0,6.5,9.3,7.2,7.6,6.4,7.7,6.4,2.5,18.6,24.2,20.6,7.7,16.0,2.1,45.3,113.9,83.9,97.9,110.1,105.8,72.2,160.1,81.1,20.1,243.1,313.7,313.4,68.1
ETHIOPIA,1998,22.4,23.2,24.2,25.2,24.5,24.6,23.2,22.7,22.9,22.9,21.6,21.2,24.6,23.5,22.5,22.2,14.7,16.0,16.9,18.3,18.5,18.6,17.9,17.5,16.9,16.6,13.9,12.6,17.9,18.0,15.8,13.7,30.1,30.5,31.7,32.2,30.5,30.6,28.7,27.9,28.9,29.3,29.4,29.7,31.4,29.1,29.2,30.7,3.1,2.1,3.8,6.3,8.5,7.4,7.7,10.7,6.7,7.0,2.8,0.8,18.6,25.8,16.5,3.5,33.1,15.0,39.2,71.5,118.1,66.9,132.1,154.0,100.9,127.4,24.2,2.0,228.8,353.0,252.5,16.2
ETHIOPIA,1999,21.9,23.5,23.5,24.8,24.3,23.7,22.5,21.8,22.6,21.6,21.1,21.2,24.2,22.7,21.8,21.9,13.6,14.8,16.3,17.5,17.7,18.0,17.4,16.4,16.5,15.6,13.4,13.3,17.2,17.3,15.1,13.8,30.3,32.2,30.7,32.2,30.9,29.4,27.7,27.2,28.9,27.8,28.9,29.2,31.2,28.1,28.5,30.1,1.7,1.0,3.7,5.1,7.0,6.5,6.7,9.2,7.5,7.6,2.3,1.8,15.7,22.3,17.4,3.1,9.0,5.1,48.5,47.6,88.0,56.1,104.5,137.9,114.0,138.6,16.4,6.2,184.1,298.4,269.0,13.4
ETHIOPIA,2000,21.6,22.9,23.7,24.8,24.1,24.3,23.2,22.9,23.2,22.1,22.2,21.2,24.2,23.4,22.5,22.0,13.3,14.7,15.8,17.8,17.8,18.4,18.0,17.5,17.3,15.5,14.8,13.3,17.2,18.0,15.9,14.1,29.9,31.1,31.7,31.8,30.4,30.2,28.4,28.3,29.1,28.7,29.6,29.2,31.3,29.0,29.2,30.0,0.7,0.6,2.6,6.5,9.4,8.2,8.2,9.5,8.2,5.6,5.1,2.3,18.5,25.9,19.0,5.7,3.5,3.7,31.6,76.2,142.4,78.3,136.3,139.0,120.0,74.4,50.0,13.8,250.2,353.6,244.5,34.9
ETHIOPIA,2001,21.9,23.0,24.1,25.4,24.1,23.4,23.1,22.5,23.2,23.1,21.8,21.9,24.5,23.0,22.7,22.3,14.2,14.9,17.0,18.5,18.0,17.9,17.7,17.1,17.0,16.2,14.3,13.8,17.8,17.6,15.8,14.4,29.6,31.1,31.3,32.4,30.2,29.0,28.4,27.9,29.6,30.0,29.4,30.1,31.3,28.5,29.7,30.2,1.8,1.6,4.3,5.5,6.7,9.1,8.8,10.1,7.2,5.5,3.7,2.8,16.5,27.9,16.5,7.6,12.8,8.3,69.7,63.2,78.8,90.8,148.1,138.0,92.8,80.7,35.6,9.4,211.7,376.9,209.0,47.6
ETHIOPIA,2002,21.4,23.5,24.3,25.1,25.2,24.5,24.0,23.4,23.6,22.6,22.6,21.9,24.9,24.0,22.9,22.7,13.4,16.0,16.9,18.0,19.2,18.6,18.4,17.7,17.6,15.7,15.6,14.3,18.0,18.2,16.3,15.0,29.4,31.0,31.8,32.2,31.2,30.5,29.7,29.0,29.7,29.5,29.7,29.5,31.7,29.7,29.6,30.4,2.9,1.9,3.0,6.8,7.2,7.6,7.1,8.3,7.2,6.0,2.3,3.8,17.0,22.9,15.4,8.9,22.9,15.3,31.9,86.2,83.3,65.7,105.0,116.6,75.3,89.2,24.1,28.7,201.5,287.2,188.6,60.1
ETHIOPIA,2003,22.2,23.9,24.6,24.9,25.2,24.0,22.7,22.9,22.7,22.7,22.2,21.2,24.9,23.2,22.5,22.3,14.5,16.1,17.5,18.0,18.3,18.4,17.5,17.6,17.0,15.9,14.8,13.6,17.9,17.9,15.9,14.6,29.9,31.8,31.8,31.9,32.2,29.7,27.9,28.1,28.5,29.6,29.6,28.9,32.0,28.6,29.2,30.1,2.0,3.1,3.3,6.6,5.4,10.1,8.2,8.4,8.0,4.6,2.7,3.4,15.3,26.8,15.4,8.3,10.2,21.1,35.8,92.1,57.0,104.2,128.4,112.9,114.7,63.9,23.4,22.1,184.9,345.4,202.0,56.5
ETHIOPIA,2004,22.6,23.1,24.2,24.5,25.1,23.5,23.3,23.3,23.2,22.4,22.1,21.8,24.6,23.4,22.6,22.7,15.2,15.1,16.5,18.2,18.6,17.4,18.0,17.9,17.3,16.0,14.7,14.0,17.8,17.8,16.0,14.7,30.1,31.2,31.9,30.9,31.7,29.8,28.7,28.6,29.2,28.8,29.6,29.6,31.5,29.0,29.2,30.7,2.8,2.1,3.1,7.8,6.6,8.4,7.8,8.8,7.4,7.4,3.7,2.3,17.5,25.0,18.4,7.0,19.9,14.5,30.9,109.4,89.6,68.3,112.5,123.7,92.6,136.2,37.2,12.4,229.9,304.5,266.0,44.4
ETHIOPIA,2005,21.8,24.5,24.8,25.1,24.4,23.3,23.0,23.4,23.6,22.8,21.8,21.3,24.8,23.2,22.7,22.7,13.7,16.4,17.6,18.7,18.5,17.5,17.8,17.9,17.8,16.4,14.9,13.7,18.3,17.8,16.3,14.9,30.0,32.6,32.0,31.6,30.3,29.1,28.3,28.9,29.5,29.2,28.8,29.0,31.3,28.7,29.2,30.5,2.3,2.4,4.3,7.4,8.2,9.3,8.3,9.5,7.6,4.9,3.7,0.8,19.9,27.1,16.2,3.9,16.6,15.4,60.2,96.6,111.0,82.8,132.9,151.6,102.5,70.4,27.3,3.5,267.7,367.3,200.2,21.4
ETHIOPIA,2006,22.5,24.2,24.6,24.4,24.3,24.0,23.4,22.8,23.1,22.9,21.9,21.1,24.4,23.4,22.6,22.0,14.7,16.4,16.6,18.0,18.2,18.3,18.1,17.5,17.3,16.7,14.7,14.6,17.6,18.0,16.2,14.8,30.4,32.0,32.6,30.9,30.4,29.7,28.8,28.1,28.9,29.2,29.1,27.7,31.3,28.9,29.1,29.3,1.3,1.8,4.2,6.5,7.9,7.7,8.4,9.2,8.4,6.3,2.7,2.8,18.6,25.3,17.4,7.3,6.2,11.7,60.6,88.2,102.2,68.8,149.3,133.5,120.0,95.4,30.4,27.7,251.0,351.7,245.8,58.9
ETHIOPIA,2007,21.5,23.4,24.7,24.7,24.8,23.7,22.5,22.8,23.3,22.6,22.0,21.4,24.7,23.0,22.6,22.1,14.0,15.9,17.0,18.3,18.8,18.1,17.6,17.5,17.5,15.7,15.0,13.3,18.0,17.7,16.1,13.9,29.1,31.0,32.4,31.2,30.9,29.4,27.5,28.0,29.1,29.4,29.0,29.6,31.5,28.3,29.2,30.4,2.2,2.3,3.6,7.0,7.8,9.8,8.1,8.9,8.0,5.9,2.8,1.2,18.4,26.8,16.6,4.5,14.5,16.7,39.4,88.1,105.5,92.1,143.7,132.2,113.5,93.3,23.3,5.0,233.0,367.9,230.1,25.2
ETHIOPIA,2008,22.3,22.6,23.6,24.4,24.3,23.6,23.1,23.3,23.5,22.7,21.6,21.5,24.1,23.3,22.6,22.4,14.1,14.3,16.4,17.9,18.4,17.7,17.9,17.8,17.7,16.4,14.4,13.6,17.6,17.8,16.2,14.7,30.6,31.0,30.8,31.0,30.2,29.4,28.3,28.9,29.5,29.0,28.8,29.4,30.7,28.9,29.1,30.2,2.0,1.4,2.3,6.4,9.5,8.7,8.4,9.1,7.0,5.8,5.6,2.2,18.2,26.2,18.4,7.8,12.3,7.8,21.6,75.4,150.9,85.1,125.3,135.9,88.6,90.9,62.5,11.0,248.0,346.3,242.0,47.4
ETHIOPIA,2009,22.1,23.7,24.6,25.2,25.0,24.9,23.3,23.6,24.3,23.1,22.4,22.2,25.0,23.9,23.3,22.9,14.6,16.0,18.0,18.6,18.8,18.9,18.1,18.0,18.3,16.4,15.3,15.1,18.5,18.3,16.7,15.6,29.7,31.4,31.3,31.9,31.3,30.9,28.5,29.3,30.3,29.9,29.5,29.4,31.5,29.5,29.9,30.3,3.0,2.6,3.1,6.4,6.6,9.1,8.3,9.4,6.8,6.5,3.8,3.1,16.1,26.8,17.1,8.0,20.9,15.5,29.4,76.1,77.9,75.0,121.5,149.2,79.9,98.9,31.9,15.1,183.3,345.7,210.7,58.6
ETHIOPIA,2010,22.5,24.0,24.3,25.2,24.6,23.9,22.8,22.8,23.1,22.9,22.5,22.3,24.7,23.2,22.8,22.5,14.9,16.8,17.4,18.8,18.6,18.2,17.7,17.6,17.2,16.5,15.4,14.7,18.3,17.8,16.4,14.9,30.2,31.3,31.3,31.7,30.7,29.5,27.9,28.1,29.0,29.3,29.6,30.0,31.2,28.5,29.3,30.1,1.7,3.2,3.8,7.0,7.6,8.7,8.0,9.4,7.1,5.7,4.5,3.9,18.4,26.1,17.4,7.1,9.8,33.7,51.9,97.5,101.6,83.8,122.4,133.5,88.8,87.9,42.1,22.1,251.1,339.7,218.8,41.9
ETHIOPIA,2011,21.8,23.3,24.0,25.0,24.3,24.5,23.6,23.0,23.4,22.4,22.2,21.4,24.5,23.7,22.7,22.2,14.2,15.8,16.8,18.4,18.4,18.9,18.4,17.7,17.7,15.1,16.5,13.8,17.8,18.4,16.4,14.1,29.5,30.9,31.3,31.8,30.3,30.1,28.7,28.4,29.1,29.8,27.9,29.0,31.2,29.1,29.0,30.3,1.8,1.3,3.3,7.8,8.3,8.7,7.9,9.4,8.2,3.6,4.9,1.9,19.4,26.1,16.6,6.1,12.6,7.2,37.2,114.1,117.6,79.9,115.4,145.4,123.2,50.5,46.8,18.5,268.9,340.7,220.6,52.2
ETHIOPIA,2012,21.8,23.3,24.2,24.5,24.7,23.7,23.0,22.7,23.6,22.9,22.3,21.6,24.4,23.2,22.9,22.7,14.2,14.2,17.1,18.6,18.3,18.1,17.8,17.3,17.7,16.5,15.0,14.0,18.0,17.7,16.4,15.0,29.5,32.4,31.3,30.4,31.0,29.4,28.3,28.1,29.6,29.3,29.8,29.3,30.9,28.6,29.6,30.6,1.8,2.4,3.5,7.5,7.9,8.5,8.5,9.7,8.0,5.5,3.1,2.7,18.9,26.6,16.5,6.5,12.6,21.1,44.7,109.0,106.7,75.9,135.3,154.9,113.0,80.2,35.3,14.0,260.4,366.1,228.5,39.8
ETHIOPIA,2013,22.7,23.9,25.0,25.3,25.0,24.4,23.4,22.6,23.6,23.0,22.4,21.0,25.1,23.4,23.0,22.1,14.8,16.0,17.8,18.4,19.5,18.7,18.9,17.4,17.7,16.6,15.5,13.2,18.6,18.3,16.6,13.8,30.5,31.9,32.3,32.3,30.5,30.1,27.9,27.8,29.6,29.4,29.2,29.0,31.7,28.6,29.4,30.5,2.4,1.3,4.1,6.9,9.3,7.0,7.9,10.0,6.9,7.1,4.3,0.9,20.3,24.8,18.3,4.7,17.2,8.6,60.4,88.3,162.2,51.9,116.4,155.7,81.4,127.5,53.8,4.0,310.9,324.0,262.7,22.4
ETHIOPIA,2014,22.3,23.0,24.8,24.6,24.1,24.5,23.6,23.0,23.4,22.6,22.4,21.5,24.5,23.7,22.8,22.3,14.3,13.9,17.1,17.7,18.1,18.7,18.4,18.0,17.7,16.3,15.4,13.8,17.6,18.4,16.5,14.2,30.4,32.1,32.5,31.5,30.2,30.4,28.8,28.0,29.1,28.9,29.4,29.3,31.4,29.1,29.2,30.5,1.5,2.3,3.9,8.1,8.8,8.0,8.3,9.3,8.0,7.4,3.2,1.9,20.8,25.7,18.6,4.7,6.2,12.2,47.5,120.0,127.7,55.8,129.6,144.4,113.6,138.2,26.7,13.6,295.3,329.7,278.5,40.2
ETHIOPIA,2015,21.5,24.0,25.2,24.6,24.7,24.4,23.9,23.7,24.3,23.8,22.8,21.8,24.8,24.0,23.6,22.7,13.3,15.6,17.5,18.2,18.7,18.6,18.1,17.9,18.2,17.4,16.1,15.3,18.1,18.2,17.2,15.8,29.8,32.4,33.0,31.0,30.8,30.2,29.7,29.6,30.5,30.4,29.4,28.3,31.6,29.8,30.1,29.7,1.2,1.7,4.2,5.4,9.2,9.8,7.4,9.3,7.7,5.6,3.5,2.7,18.8,26.6,16.8,7.5,8.6,18.0,36.6,70.4,136.4,100.9,98.7,142.8,99.4,93.5,37.5,16.1,243.4,342.5,230.4,51.4
ETHIOPIA,2016,22.5,23.8,26.4,25.1,24.2,24.4,23.5,23.2,23.7,23.4,22.3,21.8,25.2,23.7,23.2,22.5,15.7,16.5,18.9,18.7,18.6,18.8,18.4,17.9,17.9,16.9,15.2,13.8,18.8,18.4,16.7,15.1,29.5,31.2,34.0,31.5,29.8,30.0,28.7,28.6,29.6,29.9,29.5,29.9,31.8,29.1,29.7,29.9,2.3,2.4,3.2,9.0,9.6,8.3,9.0,9.2,7.1,4.3,3.7,1.9,21.8,26.5,15.1,5.0,15.5,19.9,31.6,156.2,156.6,74.3,130.3,151.6,97.2,62.5,35.1,9.4,344.4,356.2,194.8,31.3
ETHIOPIA,2017,22.5,23.0,24.7,24.8,24.3,24.4,23.8,23.3,23.7,23.0,22.0,21.4,24.6,23.8,22.9,22.2,14.6,16.9,17.8,18.5,18.6,19.4,18.5,17.9,17.8,16.9,14.5,13.8,18.3,18.6,16.4,14.4,30.5,29.2,31.8,31.2,30.1,29.4,29.1,28.7,29.6,29.1,29.6,29.0,31.0,29.1,29.4,30.1,0.5,2.6,4.1,7.7,9.2,7.3,7.9,9.4,8.6,6.7,2.7,0.5,21.0,24.6,18.0,3.8,2.7,19.2,52.5,123.5,141.8,56.9,117.3,140.3,136.2,119.2,26.0,2.1,317.8,314.5,281.3,33.8
ETHIOPIA,2018,21.2,23.9,24.3,24.2,24.1,23.5,23.0,22.9,23.1,22.9,22.0,22.0,24.2,23.1,22.7,22.7,13.3,16.0,18.0,17.8,17.7,18.9,17.8,17.4,17.3,16.3,15.1,14.2,17.8,18.0,16.2,14.5,29.3,31.9,30.6,30.7,30.7,28.3,28.2,28.3,28.9,29.5,28.9,29.9,30.6,28.3,29.1,30.9,0.8,2.6,4.5,7.0,8.5,8.6,7.5,9.3,7.5,5.2,3.8,2.3,20.0,25.4,16.5,5.5,4.3,27.4,72.7,99.4,123.6,90.4,117.8,144.3,101.6,81.4,40.4,11.0,295.7,352.5,223.5,33.2
ETHIOPIA,2019,22.1,23.8,24.3,24.8,24.4,23.2,23.4,22.7,23.4,22.4,22.0,21.8,24.5,23.1,22.6,22.0,13.3,15.9,17.2,18.4,18.5,17.5,18.0,17.5,17.6,16.1,15.2,14.2,18.0,17.7,16.3,14.4,31.0,31.8,31.5,31.3,30.4,29.0,28.9,28.0,29.2,28.8,28.8,29.4,31.1,28.6,28.9,29.6,1.0,2.2,3.5,8.1,8.0,8.5,9.0,8.7,7.7,6.9,6.2,3.7,19.6,26.3,20.7,7.8,5.5,16.7,44.6,120.0,112.4,128.7,113.6,128.8,110.1,141.0,75.2,17.2,277.1,371.1,326.2,49.5
ETHIOPIA,2020,21.3,22.8,24.6,23.9,24.5,23.6,23.0,22.9,23.2,23.3,22.1,22.2,24.3,23.2,22.9,22.5,13.7,15.3,17.9,17.5,18.8,17.9,18.0,17.7,17.5,17.0,14.7,14.7,18.1,17.9,16.4,14.8,29.0,30.3,31.3,30.3,30.2,29.3,28.1,28.2,29.0,29.6,29.7,29.9,30.6,28.5,29.4,30.3,1.7,2.4,3.5,7.3,8.7,7.9,8.0,9.8,8.3,5.2,3.6,2.9,19.5,25.7,17.1,6.4,11.3,21.1,42.3,102.1,135.1,77.5,127.7,170.6,129.9,76.7,36.1,22.1,279.6,375.9,242.7,48.9
ETHIOPIA,2021,22.4,22.9,24.7,23.0,24.1,24.3,22.8,23.3,23.6,22.9,22.1,22.3,23.9,23.4,22.8,22.6,14.2,15.5,16.4,16.1,18.1,18.1,18.0,17.7,17.9,16.4,15.0,14.7,16.9,18.0,16.5,14.7,30.6,30.4,33.1,29.9,30.1,30.5,27.7,28.8,29.2,29.4,29.2,29.9,31.0,29.0,29.3,30.6,1.4,2.1,4.5,7.4,7.9,8.5,8.3,8.4,7.9,5.7,3.3,1.5,19.9,25.2,16.9,5.9,9.0,17.8,73.8,111.4,106.8,75.9,137.7,132.7,122.9,102.3,32.0,8.3,292.0,346.3,257.3,36.6
ETHIOPIA,2022,22.5,23.1,23.7,25.4,25.9,23.9,22.8,22.3,23.2,23.1,22.0,21.9,25.0,23.0,22.8,22.5,14.4,14.9,15.7,18.3,19.3,17.5,17.8,17.1,17.3,16.7,14.6,14.3,17.8,17.5,16.2,14.8,30.6,31.3,31.8,32.5,32.5,30.3,27.8,27.5,29.2,29.5,29.5,29.5,32.3,28.5,29.4,30.3,2.2,2.2,3.8,8.2,6.8,10.2,7.8,9.8,7.8,6.2,3.7,2.6,18.8,27.8,17.7,6.4,13.3,15.0,42.9,141.3,102.4,102.8,111.8,151.1,114.2,96.2,27.7,16.9,286.7,365.7,238.2,42.8
ETHIOPIA,2023,22.0,23.6,23.8,24.1,24.4,24.4,23.6,23.6,24.1,24.0,22.6,22.4,24.1,23.8,23.5,23.2,13.9,16.1,16.5,17.4,17.6,17.6,17.7,17.0,18.3,17.6,15.5,14.8,17.2,17.4,17.1,15.6,30.1,31.2,31.1,30.7,31.3,31.2,29.6,30.2,29.9,30.4,29.7,30.0,31.1,30.3,30.0,30.8,2.1,1.7,4.4,8.5,9.3,9.4,7.6,8.4,6.7,5.2,4.2,1.5,22.2,25.4,16.0,5.8,14.3,11.5,70.8,130.3,147.3,103.8,121.7,116.6,81.4,85.0,39.7,7.8,348.4,342.1,206.1,43.4
ETHIOPIA,2024,23.1,24.1,25.5,25.4,25.6,24.8,24.0,23.1,24.1,23.9,22.7,21.3,25.5,24.0,23.6,-999.0,15.5,16.6,18.5,19.0,19.6,19.2,19.0,17.6,18.4,17.8,15.5,13.5,19.0,18.6,17.2,-999.0,30.8,31.6,32.6,31.9,31.6,30.5,29.2,28.6,29.9,30.0,29.9,29.2,32.0,29.4,29.9,-999.0,1.5,2.9,4.1,7.5,10.4,9.6,8.5,8.1,8.0,7.4,4.0,1.1,22.0,26.2,19.4,-999.0,9.4,26.1,52.8,109.0,194.7,92.8,143.2,101.9,113.1,130.5,35.4,5.0,356.6,337.9,278.9,-999.0
GERMANY,1901,-3.5,-3.7,2.3,8.1,12.8,15.8,18.6,16.8,13.7,9.6,2.8,0.9,7.8,17.1,8.7,0.8,-6.4,-6.9,-0.8,3.6,7.1,10.7,13.2,12.2,9.4,6.2,-0.0,-1.3,3.3,12.0,5.2,-1.6,-0.6,-0.4,5.5,12.7,18.5,20.9,24.0,21.5,18.1,13.1,5.6,3.1,12.2,22.2,12.2,3.3,14.5,11.6,16.4,16.4,12.6,14.4,14.2,14.6,13.5,13.9,15.1,17.6,45.3,43.2,42.5,45.8,34.9,27.9,50.0,66.6,38.6,73.7,76.3,72.7,57.1,55.0,52.7,59.2,155.1,222.8,164.8,133.1
GERMANY,1902,2.6,-1.0,3.5,7.8,8.7,15.3,15.9,15.2,12.5,7.4,1.8,-2.0,6.7,15.5,7.2,0.5,0.4,-4.0,0.0,3.2,4.4,10.2,11.1,10.8,8.1,4.2,-1.1,-4.5,2.5,10.7,3.7,-2.4,4.8,2.0,7.0,12.4,13.1,20.4,20.8,19.6,17.0,10.6,4.7,0.5,10.8,20.3,10.8,3.4,16.9,11.3,16.6,12.1,17.0,13.8,15.9,16.8,12.6,13.7,7.3,17.9,45.7,46.5,33.5,46.6,47.7,26.2,53.9,34.2,77.5,61.0,79.7,98.4,49.1,51.9,10.9,63.4,165.6,239.0,111.9,140.5
GERMANY,1903,-0.1,3.6,5.9,5.0,12.7,14.9,16.4,15.9,13.7,9.6,4.4,-0.8,7.9,15.7,9.2,-0.3,-2.9,0.3,1.5,1.2,7.5,9.8,11.7,11.6,9.1,6.3,2.3,-2.6,3.4,11.0,5.9,-2.4,2.7,7.0,10.4,8.9,17.9,20.0,21.2,20.2,18.4,13.0,6.5,0.9,12.4,20.5,12.7,1.8,15.6,13.1,13.1,16.6,13.1,12.8,16.4,17.3,13.7,17.4,16.6,11.4,42.8,46.6,47.8,43.4,42.4,34.7,30.4,69.9,43.8,53.8,100.1,104.2,57.0,82.5,63.7,21.3,144.1,258.1,203.1,123.1
GERMANY,1904,-1.1,1.1,3.2,8.9,12.2,15.4,18.7,17.0,12.2,8.5,3.4,2.0,8.1,17.1,8.0,0.5,-3.4,-1.2,-0.3,4.4,7.1,10.2,12.8,11.6,8.0,5.2,1.1,-0.3,3.7,11.5,4.8,-2.1,1.2,3.3,6.7,13.5,17.3,20.6,24.7,22.5,16.6,11.8,5.7,4.3,12.5,22.6,11.4,3.0,14.6,17.4,13.2,14.9,15.5,13.6,10.2,12.9,13.0,14.1,16.0,15.6,43.6,36.6,43.1,44.0,35.1,66.7,32.5,50.4,67.6,54.9,34.3,55.4,59.5,52.5,57.7,45.1,150.5,144.7,169.7,119.6
GERMANY,1905,-1.9,1.3,4.6,6.0,12.1,17.1,18.6,16.8,13.3,5.2,3.2,0.9,7.5,17.5,7.3,0.7,-4.7,-1.2,1.2,2.1,6.8,11.6,13.6,12.1,9.7,2.4,0.8,-1.1,3.4,12.4,4.3,-1.6,0.9,3.9,8.0,10.0,17.4,22.7,23.7,21.6,17.0,8.1,5.7,3.0,11.8,22.6,10.2,3.1,15.7,12.7,17.4,15.1,11.7,14.9,15.5,16.6,15.0,16.6,15.7,12.7,44.2,46.9,47.3,45.9,41.6,32.8,59.6,51.4,37.1,68.9,77.5,102.3,68.7,85.4,53.0,30.9,148.1,248.7,207.2,140.2
GERMANY,1906,0.7,0.5,2.6,8.2,13.1,14.9,17.3,16.9,13.0,10.0,6.3,-2.1,7.9,16.4,9.8,-1.4,-1.9,-1.8,-0.9,3.0,8.2,10.2,12.4,11.9,8.6,6.1,3.7,-4.5,3.4,11.5,6.2,-3.8,3.3,2.9,6.1,13.4,18.0,19.6,22.2,21.9,17.4,14.0,9.0,0.2,12.5,21.2,13.4,1.0,18.7,14.4,17.2,12.5,16.2,13.6,14.1,14.9,13.3,11.1,15.4,17.2,45.9,42.7,39.8,47.5,65.7,43.6,58.4,34.2,78.1,65.0,79.2,78.6,56.3,32.5,51.6,55.5,170.7,222.7,140.4,142.3
GERMANY,1907,-0.7,-1.4,2.8,6.3,13.0,14.9,14.8,16.1,13.5,11.4,3.6,1.2,7.3,15.3,9.5,0.2,-3.1,-3.8,-1.0,1.9,7.6,10.2,10.6,11.5,8.5,7.7,0.8,-1.0,2.8,10.7,5.7,-2.4,1.6,1.0,6.5,10.7,18.4,19.6,19.1,20.8,18.5,15.3,6.5,3.4,11.9,19.8,13.4,2.7,17.0,13.3,15.1,12.5,13.6,16.0,16.7,15.0,10.3,12.1,11.5,18.7,41.2,47.7,33.9,48.4,50.2,36.7,43.6,37.9,46.9,77.4,97.4,74.0,34.5,37.6,28.1,67.3,128.4,248.7,100.1,153.4
GERMANY,1908,-2.0,1.3,2.5,5.7,13.3,16.9,17.2,15.1,12.6,8.7,1.7,-0.7,7.1,16.4,7.7,-1.6,-5.1,-1.1,-1.0,1.8,8.7,11.6,12.3,10.9,8.1,3.7,-1.5,-2.8,3.1,11.6,3.4,-4.2,1.0,3.7,6.0,9.6,17.9,22.3,22.2,19.4,17.1,13.7,5.0,1.4,11.2,21.3,11.9,1.1,13.8,15.9,13.9,15.8,17.9,13.3,16.1,15.9,12.7,5.3,12.9,11.8,47.6,45.2,30.9,40.0,31.9,54.3,35.5,58.7,87.4,57.7,82.4,89.3,52.6,5.6,35.6,23.1,181.6,229.4,93.8,100.9
GERMANY,1909,-1.8,-2.3,1.6,7.8,10.7,14.2,15.2,16.4,13.1,10.5,2.1,1.4,6.7,15.3,8.6,1.6,-4.6,-5.4,-1.9,2.8,5.1,9.4,11.1,11.8,9.2,6.7,-0.2,-1.1,2.0,10.7,5.2,-0.9,1.0,0.8,5.2,12.9,16.4,19.0,19.4,21.2,17.0,14.2,4.5,3.9,11.5,19.8,11.9,4.1,14.3,13.9,14.3,14.7,12.4,15.1,17.6,14.3,14.8,14.0,16.2,19.5,41.4,47.0,45.0,54.5,33.5,44.3,34.8,50.0,40.1,80.5,113.7,65.9,70.7,52.2,57.4,75.4,124.9,260.0,180.2,199.7
GERMANY,1910,1.0,2.3,4.0,7.4,12.3,16.7,15.7,16.2,12.4,9.2,2.4,2.7,7.9,16.2,8.0,0.9,-1.3,-0.4,-0.4,2.8,7.3,11.6,11.5,11.8,8.4,5.4,0.0,0.4,3.2,11.6,4.6,-1.6,3.4,5.0,8.3,12.1,17.3,21.8,20.0,20.7,16.5,13.1,4.7,4.9,12.6,20.8,11.5,3.4,18.3,16.6,11.0,14.4,15.1,17.2,17.4,17.4,13.3,8.7,18.2,15.9,40.6,52.0,40.2,45.2,62.2,62.1,22.5,46.4,61.2,98.2,107.0,102.3,58.4,19.5,86.8,48.4,130.2,307.5,164.7,132.0
GERMANY,1911,-1.1,1.2,4.1,7.4,13.3,15.2,19.1,19.5,14.7,8.7,4.9,2.6,8.2,18.0,9.4,1.0,-3.3,-1.8,0.2,2.5,8.1,10.0,13.1,13.7,9.4,4.9,2.3,0.5,3.6,12.3,5.5,-1.7,1.1,4.2,7.9,12.3,18.5,20.5,25.1,25.4,20.1,12.5,7.5,4.8,12.9,23.7,13.4,3.7,13.1,16.1,14.1,12.0,12.5,14.3,11.0,10.2,11.7,14.0,15.1,18.7,38.6,35.5,40.9,49.9,28.7,54.9,38.1,31.7,45.7,63.2,33.1,33.1,44.7,53.8,54.0,68.0,115.4,129.5,152.4,163.8
GERMANY,1912,-1.8,2.2,6.0,7.1,11.8,15.7,18.1,14.5,10.2,6.9,2.6,3.0,8.3,16.1,6.5,1.3,-4.4,-1.1,2.5,2.3,6.8,11.0,12.8,10.7,6.5,3.1,0.4,0.6,3.9,11.5,3.4,-1.4,0.8,5.6,9.5,12.0,16.8,20.5,23.5,18.4,13.9,10.7,4.8,5.5,12.8,20.8,9.8,4.0,16.9,14.3,16.4,12.8,15.4,17.1,13.7,18.7,13.3,14.7,16.9,18.0,44.6,49.4,44.9,45.0,53.2,42.7,53.2,34.1,64.2,93.7,70.5,122.1,60.5,57.2,61.5,58.5,151.5,286.2,179.2,129.3
GERMANY,1913,-0.4,1.3,6.0,8.2,12.3,14.9,14.8,15.3,13.1,9.7,6.6,1.9,8.8,15.0,9.8,0.7,-2.7,-2.2,1.9,3.4,7.2,10.3,10.6,10.6,8.6,5.7,4.3,-0.1,4.2,10.5,6.2,-2.1,1.9,4.7,10.1,13.0,17.5,19.6,19.2,20.0,17.6,13.8,9.0,3.9,13.5,19.6,13.5,3.4,16.1,10.9,15.4,12.8,14.2,14.5,15.1,13.5,12.9,12.0,17.3,20.5,42.4,43.1,42.2,49.0,47.0,23.9,45.0,35.9,55.8,78.0,80.8,59.0,56.6,38.3,68.7,76.2,136.7,217.7,163.6,151.1
GERMANY,1914,-3.0,3.0,4.7,9.8,11.1,14.8,17.7,17.5,12.9,8.4,3.5,3.1,8.5,16.7,8.3,1.4,-5.6,-0.6,1.4,4.4,6.7,10.1,13.0,12.4,8.4,5.6,1.4,0.7,4.2,11.8,5.1,-1.1,-0.4,6.7,8.0,15.1,15.6,19.6,22.4,22.6,17.5,11.3,5.6,5.5,12.9,21.5,11.5,3.9,15.8,12.8,20.1,12.9,16.2,14.4,18.2,12.3,14.5,13.3,14.2,17.8,49.2,44.9,42.0,51.2,42.3,32.5,89.7,36.6,75.8,73.0,114.7,54.5,69.5,45.9,43.3,58.3,202.1,242.2,158.7,170.3
GERMANY,1915,0.1,1.0,1.8,7.1,13.0,17.1,16.3,15.5,12.3,6.5,1.6,2.9,7.3,16.3,6.8,2.4,-2.1,-1.8,-1.2,2.5,7.3,11.2,11.6,11.3,7.6,3.8,-0.9,0.4,2.8,11.4,3.5,-0.2,2.3,3.9,4.9,11.8,18.7,23.0,21.2,19.8,17.0,9.3,4.0,5.5,11.8,21.3,10.1,5.0,20.5,12.9,17.7,13.6,12.0,11.0,16.5,15.0,12.0,11.3,14.8,21.6,43.3,42.5,38.1,57.9,79.6,32.4,65.4,44.0,38.5,40.1,91.9,85.2,49.0,43.1,48.5,102.5,148.0,217.2,140.6,228.3
GERMANY,1916,3.4,1.0,4.0,8.3,13.0,13.0,16.1,16.1,12.3,8.6,4.8,1.7,8.4,15.1,8.5,-1.4,1.0,-1.9,0.7,3.5,7.8,8.6,11.7,11.7,7.9,5.3,2.2,-0.3,4.0,10.7,5.1,-3.9,5.7,3.8,7.4,13.2,18.2,17.5,20.6,20.6,16.7,11.9,7.4,3.8,12.9,19.6,12.0,1.1,20.2,16.1,14.4,15.0,14.5,17.1,15.9,15.6,13.1,15.0,15.1,20.0,43.9,48.5,43.2,45.7,68.9,56.9,39.9,49.7,59.0,97.7,84.4,87.1,55.3,61.7,47.7,75.5,148.6,269.3,164.7,142.8
GERMANY,1917,-2.7,-3.3,0.2,4.4,14.6,18.6,17.5,17.1,15.0,7.6,5.0,-2.0,6.4,17.8,9.2,-0.0,-4.9,-6.6,-2.9,0.5,8.5,12.6,12.4,12.6,10.0,4.2,2.5,-4.5,2.0,12.5,5.6,-2.8,-0.6,-0.1,3.4,8.3,20.7,24.7,22.7,21.6,20.0,11.2,7.5,0.4,10.8,23.0,12.9,2.7,17.8,7.9,15.1,15.0,10.4,13.3,15.1,17.3,11.1,18.3,15.2,14.4,40.5,45.7,44.5,45.8,55.3,12.0,44.9,52.1,31.7,57.1,74.5,106.7,40.0,96.4,48.2,37.9,128.8,238.4,184.5,136.1
GERMANY,1918,0.4,1.6,4.0,9.1,13.8,13.3,16.6,16.3,13.4,8.4,3.2,3.3,9.0,15.4,8.3,1.1,-2.5,-1.3,-0.4,4.8,8.1,8.4,11.9,11.8,9.3,5.2,0.8,1.3,4.2,10.7,5.1,-1.2,3.3,4.5,8.5,13.6,19.5,18.2,21.4,20.8,17.6,11.6,5.7,5.4,13.8,20.2,11.6,3.4,18.0,13.4,10.4,15.0,9.8,14.8,16.1,15.4,16.7,13.5,11.0,21.2,35.1,46.3,41.3,48.8,62.0,36.3,19.0,56.5,27.1,64.1,87.4,83.0,89.7,46.1,25.1,92.7,102.5,234.5,161.0,164.1
GERMANY,1919,0.6,-0.5,3.1,5.8,11.6,15.1,14.7,16.4,15.0,6.4,0.6,0.5,6.8,15.4,7.3,1.8,-1.5,-3.3,-0.2,1.8,6.0,9.8,10.3,11.3,9.6,3.2,-1.7,-1.9,2.5,10.5,3.7,-1.0,2.7,2.2,6.4,9.8,17.2,20.4,19.0,21.7,20.4,9.5,2.9,3.0,11.1,20.4,10.9,4.7,15.1,12.5,16.7,16.3,9.7,14.0,16.5,12.7,11.8,13.7,18.2,21.3,42.7,43.2,43.7,54.8,36.2,35.2,60.9,60.1,23.6,63.4,88.9,53.2,40.9,51.5,78.0,102.2,144.7,205.5,170.3,214.4
GERMANY,1920,1.9,3.1,6.3,9.5,13.8,15.0,17.5,15.2,13.3,7.2,1.8,0.4,9.9,15.9,7.4,1.8,-0.5,-0.5,1.9,5.6,8.8,10.0,12.4,10.9,9.6,2.8,-1.4,-1.6,5.4,11.1,3.7,-0.6,4.3,6.7,10.8,13.5,18.9,20.1,22.6,19.6,17.1,11.6,5.0,2.5,14.4,20.8,11.3,4.3,20.5,13.0,11.8,17.8,15.9,11.9,17.7,15.2,14.2,6.4,7.0,15.9,45.5,44.8,27.6,46.7,78.8,33.4,25.8,75.8,77.7,46.7,108.5,80.7,66.3,11.9,9.5,46.9,179.3,235.9,87.7,146.8
GERMANY,1921,3.7,1.3,5.9,8.0,13.9,14.6,18.6,17.4,13.8,11.1,0.3,0.6,9.2,16.8,8.4,-1.1,1.3,-1.6,0.8,3.0,8.4,9.7,12.8,11.9,8.5,6.3,-2.2,-2.0,4.1,11.5,4.2,-4.0,6.2,4.1,11.0,13.0,19.4,19.4,24.4,23.0,19.2,16.0,2.8,3.1,14.5,22.3,12.6,1.8,21.0,9.9,9.7,12.2,14.0,13.7,10.0,14.2,10.5,12.5,14.2,17.3,35.8,38.0,37.1,49.4,80.8,19.0,17.0,32.6,52.4,61.0,32.0,74.4,32.6,39.9,39.8,52.6,102.0,167.3,112.3,153.0
GERMANY,1922,-2.6,-1.2,3.6,5.9,13.3,15.5,15.9,15.7,11.6,5.6,2.6,1.9,7.6,15.7,6.6,1.3,-5.4,-4.7,0.3,1.9,7.6,10.6,11.4,11.1,8.1,2.4,0.2,-0.1,3.3,11.0,3.6,-0.9,0.1,2.2,7.1,9.9,19.0,20.6,20.4,20.3,15.2,8.8,5.0,3.9,12.0,20.4,9.7,3.5,18.5,13.6,15.8,16.9,12.0,14.2,17.8,16.3,16.5,13.0,15.9,18.4,44.7,48.4,45.5,50.1,58.8,41.7,49.5,69.6,39.6,66.1,107.6,99.2,89.9,53.9,60.8,64.3,158.6,273.0,204.5,165.4
GERMANY,1923,1.2,0.8,4.8,6.9,11.6,11.8,18.6,16.1,13.3,10.5,3.0,-1.6,7.8,15.5,8.9,-2.3,-0.7,-1.8,1.1,2.3,7.1,8.1,13.5,11.2,9.0,7.2,0.6,-3.8,3.5,10.9,5.6,-4.9,3.2,3.3,8.6,11.6,16.1,15.5,23.8,21.1,17.7,13.8,5.4,0.6,12.1,20.1,12.3,0.4,17.1,14.6,11.8,13.8,16.3,14.4,14.2,14.2,13.2,18.4,16.1,17.1,41.9,42.8,47.6,42.1,53.3,47.8,25.1,46.3,75.8,64.7,60.4,67.8,51.0,109.1,59.4,58.8,147.2,192.9,219.6,115.5
GERMANY,1924,-2.7,-2.4,2.0,6.4,13.4,15.1,16.8,14.9,14.0,9.5,3.4,1.5,7.3,15.6,9.0,2.4,-5.7,-5.1,-1.8,2.4,8.5,10.3,12.0,10.8,10.0,5.8,0.6,-0.8,3.0,11.1,5.5,-0.1,0.3,0.2,5.8,10.4,18.3,20.0,21.6,19.0,18.0,13.2,6.2,3.8,11.5,20.2,12.5,4.9,13.1,12.0,12.3,16.9,16.5,14.3,16.6,17.5,15.4,12.3,12.1,12.8,45.6,48.4,39.8,43.2,26.0,30.8,29.1,72.4,75.8,69.6,98.0,107.7,75.5,43.4,37.6,26.6,177.3,275.3,156.5,116.3
GERMANY,1925,2.2,3.5,1.6,8.3,13.7,15.0,18.0,16.7,11.6,8.7,2.2,-0.6,7.9,16.6,7.5,1.0,-0.2,0.6,-1.5,3.6,8.3,10.0,13.1,12.6,8.0,4.9,-0.0,-3.3,3.5,11.9,4.3,-1.5,4.6,6.5,4.8,13.0,19.1,20.1,23.0,20.9,15.3,12.4,4.3,2.0,12.3,21.3,10.7,3.5,16.1,14.3,14.6,14.9,13.4,12.4,14.4,16.2,16.5,13.6,15.7,20.4,42.9,43.1,45.8,53.3,47.1,42.6,43.5,50.0,45.5,44.8,71.6,98.5,84.0,48.6,51.8,85.5,139.1,214.9,184.4,192.2
GERMANY,1926,-0.4,3.9,4.1,9.6,10.9,14.0,17.5,16.4,14.9,8.0,6.3,0.4,8.2,16.0,9.7,0.9,-2.8,1.4,0.7,4.3,6.6,9.9,13.3,11.8,10.1,4.8,3.6,-1.5,3.8,11.6,6.2,-1.4,2.1,6.5,7.5,15.0,15.3,18.1,21.8,21.1,19.7,11.3,9.1,2.3,12.6,20.3,13.3,3.2,17.2,15.7,15.0,12.3,15.8,17.2,17.5,13.4,12.6,17.3,15.9,15.8,43.1,48.0,45.9,46.3,51.2,55.5,43.8,28.6,78.3,107.1,114.3,60.1,43.8,92.7,53.7,43.9,150.7,281.6,190.2,132.2
GERMANY,1927,1.5,0.8,5.9,7.3,11.0,14.3,17.6,16.9,13.9,8.9,2.8,-2.8,8.1,16.3,8.5,0.3,-0.4,-2.2,2.0,3.5,5.9,9.6,13.1,12.7,9.9,5.2,0.8,-5.0,3.8,11.8,5.3,-2.3,3.5,3.7,9.8,11.2,16.1,19.2,22.2,21.1,17.8,12.6,4.9,-0.6,12.4,20.8,11.8,2.8,18.4,12.2,15.4,18.4,13.0,17.8,18.4,18.2,14.8,11.9,15.4,13.6,46.8,54.4,42.2,46.5,56.1,32.3,47.6,80.8,44.5,104.1,109.3,119.7,75.9,37.7,54.4,31.2,172.9,333.1,168.1,136.9
GERMANY,1928,1.2,2.3,3.1,7.8,10.2,14.2,18.4,16.7,13.1,9.0,6.2,-0.5,7.0,16.4,9.4,-3.8,-1.1,-0.7,-1.3,3.4,5.5,9.2,12.8,12.0,7.8,5.2,3.9,-2.4,2.5,11.3,5.6,-6.7,3.6,5.4,7.5,12.3,15.0,19.3,24.2,21.4,18.4,12.8,8.6,1.5,11.6,21.6,13.2,-0.9,17.0,15.9,11.4,15.1,15.0,14.6,12.6,15.8,9.9,15.3,19.6,16.3,41.5,43.0,44.7,40.7,50.5,55.2,22.5,55.9,53.6,64.5,46.0,94.3,27.7,67.7,88.1,51.3,132.0,204.9,183.4,108.3
GERMANY,1929,-4.5,-6.3,2.6,4.8,13.0,14.7,17.6,17.2,15.6,9.9,5.0,3.2,6.8,16.5,10.2,1.7,-7.3,-10.3,-1.6,0.5,7.6,10.0,12.5,12.0,9.8,6.5,2.2,0.7,2.2,11.5,6.2,-1.0,-1.8,-2.4,6.9,9.1,18.4,19.4,22.7,22.6,21.5,13.3,7.8,5.7,11.4,21.6,14.2,4.5,13.9,10.5,8.4,14.0,12.9,14.8,14.1,11.8,10.2,17.5,14.1,19.8,35.3,40.7,41.8,42.4,34.9,22.2,10.5,45.3,43.5,68.3,73.3,52.6,31.6,84.3,42.0,78.8,99.4,194.2,157.8,127.9
GERMANY,1930,2.2,-0.3,4.4,8.6,11.7,18.3,16.7,16.5,13.6,9.0,5.9,0.5,8.2,17.2,9.5,-0.2,-0.4,-3.4,0.2,4.6,7.0,12.6,12.3,11.7,10.0,5.5,3.2,-1.5,3.9,12.2,6.2,-2.4,4.8,2.8,8.6,12.7,16.5,24.0,21.2,21.3,17.4,12.6,8.7,2.5,12.6,22.1,12.9,2.1,13.6,9.0,13.8,15.6,17.0,12.7,19.7,15.6,16.0,17.8,18.7,13.0,46.3,48.0,52.5,47.4,33.1,16.1,33.2,65.2,82.9,51.8,129.8,91.9,80.9,88.7,89.0,30.9,181.3,273.5,258.6,152.6
GERMANY,1931,-0.1,-0.9,0.4,5.9,14.6,16.1,17.0,15.8,10.6,7.7,4.6,0.2,7.0,16.3,7.6,-0.0,-2.3,-3.5,-3.9,1.6,9.3,11.0,12.7,11.6,6.9,3.5,1.9,-2.3,2.3,11.8,4.1,-2.9,2.1,1.6,4.6,10.3,19.9,21.2,21.5,20.0,14.4,11.9,7.4,2.7,11.6,20.9,11.2,2.8,20.1,14.3,12.3,16.1,15.2,15.7,19.6,17.2,15.4,12.8,10.5,15.5,43.6,52.5,38.7,38.9,78.5,43.2,28.9,61.8,65.5,74.5,135.5,114.4,78.0,44.4,20.9,43.9,156.3,324.4,143.3,100.4
GERMANY,1932,1.6,-1.9,1.0,7.2,12.5,14.6,18.1,18.8,15.5,8.7,4.3,1.2,6.9,17.2,9.5,-0.5,-1.1,-5.3,-3.3,2.8,7.7,9.4,13.5,13.4,11.3,5.4,1.7,-1.2,2.4,12.1,6.1,-3.1,4.4,1.4,5.2,11.5,17.2,19.8,22.8,24.3,19.8,12.1,6.9,3.6,11.3,22.3,12.9,2.2,16.1,7.3,11.3,15.3,16.8,11.9,16.7,13.3,15.7,18.4,13.7,8.8,43.4,41.9,47.8,36.4,45.1,11.4,25.3,53.3,81.5,48.9,96.1,58.6,79.2,94.7,41.0,12.7,160.1,203.6,214.9,85.2
GERMANY,1933,-2.8,0.2,4.8,7.1,11.4,14.7,18.1,17.4,14.0,9.2,2.8,-3.7,7.8,16.7,8.7,-0.9,-5.4,-2.8,-0.2,2.5,6.7,9.9,13.0,12.1,8.9,5.5,0.7,-6.1,3.0,11.6,5.0,-3.5,-0.3,3.2,9.7,11.8,16.1,19.6,23.2,22.8,19.1,13.0,5.0,-1.5,12.5,21.9,12.3,1.5,13.5,14.1,12.7,11.6,16.5,17.3,14.6,13.0,12.1,15.4,13.4,10.4,40.8,44.8,40.9,37.1,29.7,42.8,28.6,28.5,74.5,98.7,74.6,54.3,44.0,64.2,37.2,18.6,131.5,227.5,145.3,86.5
GERMANY,1934,-0.1,1.0,4.5,9.9,13.1,15.9,18.3,16.8,15.5,9.7,4.3,4.0,9.1,17.0,9.8,1.5,-2.4,-1.9,0.8,4.2,7.6,10.1,12.7,12.0,10.2,6.2,1.8,1.9,4.2,11.6,6.1,-0.8,2.2,3.9,8.1,15.6,18.7,21.8,23.9,21.6,20.9,13.2,6.8,6.1,14.1,22.4,13.6,3.8,16.3,10.4,13.6,11.9,11.4,13.8,12.9,16.7,13.5,15.9,14.1,16.4,36.9,43.5,43.4,50.6,45.2,22.7,36.2,35.4,30.9,67.8,55.3,100.2,54.1,69.8,42.8,50.0,102.5,223.3,166.7,172.3
GERMANY,1935,-1.2,1.7,2.6,7.4,10.6,17.3,17.8,17.0,14.1,9.1,5.2,0.3,6.8,17.4,9.5,1.0,-3.2,-1.3,-1.7,3.6,5.3,11.8,12.6,11.5,9.5,5.8,2.5,-1.8,2.4,12.0,5.9,-1.5,0.8,4.6,6.9,11.2,15.9,22.8,23.1,22.6,18.7,12.5,8.0,2.4,11.3,22.8,13.1,3.5,16.4,17.8,12.6,18.1,14.3,16.5,11.9,13.6,15.5,17.4,13.0,16.2,45.1,42.0,45.9,50.4,46.8,75.5,26.3,83.2,51.9,87.4,45.5,60.2,75.7,91.3,33.9,50.5,161.4,193.0,200.9,172.2
GERMANY,1936,2.6,0.0,5.1,6.8,12.6,16.2,17.2,16.5,13.5,6.5,3.9,1.5,8.1,16.7,8.0,0.9,0.1,-2.8,1.0,2.5,8.0,11.0,12.8,11.6,9.0,3.4,1.7,-0.8,3.8,11.8,4.7,-1.7,5.1,2.9,9.2,11.1,17.2,21.5,21.7,21.5,17.9,9.7,6.1,3.9,12.5,21.5,11.2,3.4,18.4,15.8,11.5,16.8,13.2,12.8,19.2,13.8,14.4,15.0,14.1,14.8,41.4,45.7,43.5,50.4,66.9,54.7,24.5,71.7,47.7,62.1,121.0,64.3,71.5,62.3,46.6,37.9,144.0,247.4,180.4,175.9
GERMANY,1937,-1.0,2.0,3.1,7.9,14.5,16.5,17.4,17.4,13.7,10.0,3.4,-0.7,8.5,17.1,9.0,0.5,-3.5,-0.6,-0.1,4.3,8.9,11.4,12.8,12.5,9.1,6.2,0.9,-2.9,4.4,12.2,5.4,-2.1,1.6,4.6,6.2,11.6,20.2,21.8,22.1,22.4,18.3,13.8,6.0,1.4,12.7,22.1,12.7,3.1,17.1,18.5,17.4,16.6,14.3,14.6,14.5,14.4,14.6,10.7,13.0,16.5,48.3,43.5,38.3,48.5,54.6,83.4,59.8,68.1,59.6,72.2,64.0,69.4,67.0,31.1,35.7,49.4,187.5,205.5,133.8,158.4
GERMANY,1938,1.1,1.1,6.9,5.4,10.9,16.1,17.0,17.9,14.2,9.4,7.0,-1.5,7.7,17.0,10.2,0.8,-1.3,-2.1,2.1,1.2,5.5,10.8,12.0,13.3,9.2,6.1,4.2,-3.9,3.0,12.0,6.5,-1.9,3.5,4.4,11.7,9.6,16.4,21.4,22.0,22.6,19.3,12.7,9.8,1.0,12.6,22.0,13.9,3.5,20.5,11.5,11.5,11.4,15.2,12.3,16.0,15.6,12.9,15.2,14.3,15.6,38.1,43.8,42.5,45.3,80.4,28.6,23.2,30.0,63.8,52.3,84.1,95.5,46.7,67.2,46.0,45.2,117.0,231.9,159.9,134.0
GERMANY,1939,1.8,2.2,1.9,9.1,10.7,16.2,17.3,18.0,13.8,6.8,5.4,-1.3,7.2,17.2,8.7,-4.3,-0.6,-1.1,-1.3,4.5,6.6,10.7,12.4,12.9,9.6,3.9,2.6,-3.7,3.3,12.0,5.4,-7.4,4.1,5.4,5.2,13.7,14.9,21.8,22.2,23.1,18.1,9.7,8.2,1.1,11.3,22.4,12.0,-1.2,18.7,11.0,16.9,14.5,14.8,12.7,16.7,15.1,14.7,18.5,18.6,15.5,46.2,44.5,51.7,41.8,63.4,25.4,61.7,50.6,71.1,60.9,99.6,83.4,74.6,110.4,82.6,46.7,183.4,243.9,267.6,109.6
GERMANY,1940,-7.3,-4.3,2.4,7.8,12.0,16.6,16.5,15.1,12.8,8.1,5.3,-2.7,7.4,16.1,8.7,-2.8,-10.6,-8.0,-1.3,3.0,7.1,11.1,11.9,10.8,8.6,4.5,2.5,-5.2,2.9,11.2,5.2,-5.4,-4.1,-0.6,6.1,12.6,17.0,22.2,21.1,19.4,17.0,11.7,8.2,-0.3,11.9,20.9,12.3,-0.2,13.7,12.6,18.0,14.2,13.3,13.3,18.4,15.1,16.0,11.1,18.1,16.8,45.4,46.9,45.2,47.4,28.6,34.3,68.1,48.1,53.4,61.6,120.1,80.2,91.8,34.4,76.5,56.9,169.6,261.9,202.8,158.4
GERMANY,1941,-5.2,-0.3,3.3,5.7,9.4,16.2,18.6,15.5,12.8,8.1,2.0,1.3,6.1,16.8,7.6,-3.7,-7.8,-3.2,-0.6,1.8,4.6,10.8,13.5,11.3,7.8,4.9,-0.4,-1.1,2.0,11.9,4.1,-6.4,-2.7,2.5,7.1,9.7,14.2,21.7,23.8,19.8,17.8,11.3,4.4,3.7,10.3,21.8,11.2,-1.1,16.2,14.3,15.3,13.1,14.5,13.4,16.3,18.4,11.0,17.6,12.0,17.0,42.9,48.1,40.6,42.0,55.5,46.0,49.7,45.1,58.0,63.6,97.1,120.5,35.1,101.0,29.2,55.4,152.8,281.2,165.4,121.4
GERMANY,1942,-7.4,-5.1,1.3,7.5,12.0,14.7,16.3,17.9,15.5,11.1,3.3,2.0,6.9,16.3,10.0,1.5,-10.3,-7.9,-2.9,2.7,6.8,9.5,11.8,12.3,10.8,7.3,1.2,-0.6,2.2,11.2,6.4,-1.4,-4.6,-2.3,5.5,12.3,17.2,19.9,20.9,23.5,20.2,14.9,5.5,4.7,11.7,21.5,13.5,4.4,14.2,10.8,12.9,12.1,15.4,13.4,18.1,13.3,13.8,14.9,14.9,13.5,40.4,44.8,43.6,42.6,38.6,27.4,32.9,31.0,63.0,54.3,117.5,53.3,54.9,67.3,47.6,33.6,126.9,225.2,169.8,114.3
GERMANY,1943,-0.6,3.0,5.7,9.4,12.6,14.7,17.5,18.1,14.3,10.3,3.1,-0.0,9.2,16.8,9.2,0.6,-3.4,-0.3,0.6,4.6,6.6,10.0,11.8,13.0,9.7,5.7,0.5,-2.1,3.9,11.6,5.3,-1.6,2.1,6.4,10.8,14.2,18.7,19.5,23.3,23.3,18.9,15.0,5.7,2.0,14.5,22.0,13.2,2.9,16.5,12.5,10.1,14.4,11.5,16.4,13.2,15.6,13.9,6.9,15.8,12.6,36.1,45.1,36.6,45.0,47.5,33.2,19.4,50.7,36.4,86.7,57.8,82.4,64.9,11.5,56.3,27.5,106.6,226.9,132.7,136.9
GERMANY,1944,2.7,-0.7,1.2,8.4,11.4,14.4,17.5,19.7,13.4,8.9,4.1,-0.2,7.0,17.2,8.8,-0.4,0.4,-3.2,-1.8,3.7,6.1,9.7,12.8,13.9,8.8,5.7,1.8,-2.7,2.7,12.2,5.4,-3.1,5.0,1.8,4.2,13.1,16.8,19.1,22.3,25.6,18.0,12.0,6.6,2.2,11.4,22.3,12.2,2.3,18.4,14.0,14.8,12.6,13.5,16.0,15.3,11.1,14.7,14.3,21.1,16.6,40.9,42.5,50.1,49.5,63.0,46.4,45.0,36.2,49.4,89.7,92.4,47.5,71.4,61.0,112.7,52.5,130.6,229.6,245.2,167.8
GERMANY,1945,-4.2,3.3,5.8,9.0,13.7,16.6,18.2,16.8,14.0,9.6,3.6,1.1,9.5,17.2,9.1,0.5,-7.2,0.6,1.9,4.0,8.3,11.3,13.2,12.6,9.6,6.1,1.6,-1.3,4.8,12.4,5.8,-2.0,-1.3,6.1,9.6,14.0,19.1,22.0,23.3,21.2,18.5,13.3,5.6,3.6,14.2,22.1,12.4,3.1,15.9,17.0,12.4,15.0,15.3,15.1,14.4,18.4,12.7,12.1,14.1,18.3,42.7,47.8,38.9,52.6,47.0,68.3,30.5,51.1,63.5,72.1,72.7,125.9,51.1,37.1,43.1,61.3,145.1,270.6,131.3,186.7
GERMANY,1946,-1.7,2.1,3.7,10.2,13.8,15.0,18.5,16.6,14.5,7.2,4.0,-2.0,9.2,16.7,8.5,-4.1,-4.6,-0.3,0.3,4.3,8.5,10.6,13.3,12.0,9.8,3.7,1.4,-4.3,4.4,12.0,5.0,-6.8,1.3,4.6,7.2,16.1,19.2,19.3,23.7,21.3,19.2,10.6,6.5,0.2,14.2,21.4,12.1,-1.4,14.9,19.4,12.7,10.1,14.1,18.8,14.8,14.7,15.4,13.2,12.9,13.3,36.9,48.3,41.5,37.5,38.1,87.3,27.7,22.7,60.2,116.2,84.1,72.6,71.6,50.3,34.9,35.2,110.6,272.9,156.7,94.4
GERMANY,1947,-4.5,-5.8,2.5,9.3,14.6,17.6,18.9,18.9,16.9,8.2,5.2,1.3,8.8,18.5,10.1,1.3,-7.4,-8.9,-1.4,4.0,9.1,12.0,13.5,13.0,11.3,3.3,2.7,-0.8,3.9,12.8,5.8,-1.2,-1.7,-2.9,6.4,14.5,20.3,23.3,24.4,24.7,22.5,13.2,7.8,3.4,13.7,24.1,14.5,3.8,13.4,10.9,18.1,13.7,11.8,13.8,15.4,10.0,10.5,9.0,19.9,20.7,43.6,39.2,39.3,59.4,30.6,28.6,68.9,44.1,38.0,61.7,76.8,29.4,29.9,18.7,97.8,88.9,150.9,167.9,146.4,237.9
GERMANY,1948,2.4,0.3,5.6,9.8,13.6,15.4,16.3,16.8,14.4,9.0,4.4,1.0,9.7,16.2,9.3,1.4,-0.2,-2.5,0.8,4.7,8.3,10.2,11.9,12.5,9.7,5.0,1.5,-1.7,4.6,11.5,5.4,-1.5,5.0,3.1,10.5,15.0,18.9,20.6,20.9,21.2,19.1,13.1,7.3,3.7,14.8,20.9,13.2,4.4,22.2,16.5,10.9,12.5,14.0,15.3,17.0,17.7,10.5,11.8,11.7,11.5,37.3,50.1,34.0,38.3,91.6,57.4,23.7,36.5,52.3,79.2,104.0,110.5,34.5,35.4,26.5,23.3,112.5,293.7,96.4,88.7
GERMANY,1949,1.3,2.0,2.1,10.1,12.3,14.4,17.7,17.1,16.5,10.7,4.1,2.8,8.1,16.4,10.4,1.4,-1.3,-1.6,-2.4,4.6,7.4,9.6,12.1,11.5,11.1,6.0,1.4,0.5,3.2,11.0,6.2,-1.3,3.9,5.5,6.5,15.5,17.2,19.3,23.3,22.7,21.9,15.5,6.9,5.1,13.1,21.8,14.8,4.2,15.2,11.6,13.7,14.7,15.8,13.1,12.1,13.6,12.2,10.1,16.0,19.4,44.3,38.7,38.2,52.8,37.6,27.8,35.3,54.4,83.1,53.6,49.0,66.1,44.0,28.2,55.2,78.8,172.7,168.7,127.4,193.0
GERMANY,1950,-1.5,2.9,5.1,7.4,13.8,17.6,18.3,17.8,13.4,8.2,4.3,-1.5,8.7,17.9,8.6,0.5,-4.2,-0.3,0.9,3.3,8.5,11.8,13.3,12.5,9.7,4.6,1.9,-3.6,4.2,12.6,5.4,-1.9,1.3,6.1,9.3,11.5,19.1,23.4,23.3,23.2,17.2,11.9,6.7,0.5,13.3,23.3,11.9,2.8,16.0,17.4,11.2,17.6,14.4,13.4,17.7,15.7,15.5,12.2,19.1,16.0,43.3,46.8,46.8,49.1,44.5,69.7,22.4,73.7,58.8,55.8,109.8,90.5,80.8,40.8,90.5,49.1,154.8,256.1,212.1,162.2
GERMANY,1951,1.0,1.9,2.2,7.6,11.4,15.6,17.2,17.7,15.0,7.8,6.7,2.7,7.1,16.8,9.8,1.1,-1.2,-0.9,-1.4,2.5,6.6,10.8,12.1,12.8,10.2,2.7,4.0,0.4,2.6,11.9,5.6,-1.2,3.3,4.6,5.7,12.8,16.3,20.5,22.4,22.6,19.7,12.9,9.4,5.1,11.6,21.9,14.0,3.4,18.9,14.1,17.6,12.4,15.4,16.2,14.6,14.1,14.3,5.2,19.2,14.6,45.4,44.9,38.8,45.4,69.0,44.1,61.5,40.1,65.4,89.5,66.1,77.1,56.9,11.3,78.8,41.6,167.0,232.7,147.0,140.2
GERMANY,1952,0.3,0.3,2.1,10.4,12.1,15.3,18.2,18.0,11.1,7.4,1.9,-0.5,8.2,17.1,6.8,-0.4,-1.9,-2.1,-1.7,5.0,7.1,10.2,12.6,12.8,7.3,4.4,-0.3,-2.6,3.5,11.9,3.8,-2.7,2.5,2.8,6.0,15.9,17.2,20.4,23.7,23.2,15.0,10.5,4.2,1.6,13.0,22.4,9.9,1.9,18.1,12.6,16.9,11.3,13.8,14.7,12.2,15.1,16.2,17.3,19.7,16.7,42.0,42.0,53.3,44.3,59.8,38.8,56.6,30.7,51.6,69.1,49.5,74.4,80.5,79.5,88.4,57.0,138.8,192.9,248.4,134.6
GERMANY,1953,-0.7,0.1,4.7,9.1,13.0,16.4,17.8,16.8,14.0,10.8,5.0,2.4,8.9,17.0,9.9,-1.6,-2.7,-2.7,-0.5,3.5,7.5,11.8,13.1,11.4,8.8,6.8,2.0,0.2,3.5,12.1,5.9,-4.4,1.3,2.8,9.9,14.9,18.6,21.1,22.6,22.1,19.2,14.8,7.9,4.6,14.5,21.9,14.0,1.1,14.5,13.1,8.5,12.2,14.0,18.7,15.7,12.5,11.5,9.9,9.3,12.6,34.7,46.9,30.6,40.3,38.3,39.3,11.2,41.1,56.8,113.8,95.9,56.3,41.2,24.7,19.0,28.6,109.1,266.0,85.0,107.6
GERMANY,1954,-3.3,-4.0,4.2,6.0,12.4,16.3,14.8,16.2,14.0,10.0,4.0,3.2,7.5,15.8,9.3,-0.0,-6.0,-7.4,0.1,1.5,6.9,11.3,11.1,11.8,10.0,6.4,1.0,1.0,2.8,11.4,5.8,-2.7,-0.6,-0.6,8.3,10.5,17.9,21.4,18.5,20.7,18.1,13.6,7.0,5.4,12.2,20.2,12.9,2.6,18.0,9.6,11.4,14.4,13.0,13.0,20.4,18.3,16.4,16.3,13.6,20.6,38.7,51.7,46.3,52.1,56.4,22.7,26.1,46.4,48.1,58.9,135.5,117.8,85.7,70.7,39.8,81.7,120.6,312.2,196.2,185.9
GERMANY,1955,-1.6,-1.7,0.6,6.8,10.4,14.6,17.7,17.4,14.0,8.4,4.1,2.4,5.9,16.6,8.8,-1.5,-4.2,-4.9,-3.3,2.1,5.4,9.8,13.3,12.5,9.6,4.7,1.2,-0.2,1.4,11.9,5.2,-4.6,1.1,1.4,4.5,11.4,15.5,19.6,22.1,22.3,18.5,12.1,7.1,5.1,10.5,21.3,12.6,1.5,16.7,14.8,12.8,13.5,15.0,16.1,17.6,13.7,14.3,14.2,9.9,20.2,41.3,47.4,38.3,49.2,55.1,49.1,30.1,38.0,64.6,85.0,100.7,61.9,63.3,51.2,21.2,79.7,132.7,247.6,135.6,166.4
GERMANY,1956,0.2,-7.2,2.8,5.5,12.5,13.7,17.1,14.7,14.2,8.6,2.4,2.0,6.9,15.2,8.4,2.0,-2.4,-11.2,-1.3,1.5,7.0,9.8,12.5,10.3,9.2,5.2,-0.1,-0.2,2.4,10.9,4.8,-0.6,2.8,-3.2,6.8,9.5,18.0,17.6,21.7,19.1,19.2,11.9,4.8,4.2,11.4,19.5,12.0,4.6,17.8,11.2,14.5,15.7,12.2,17.8,16.3,16.9,11.9,17.3,14.8,15.5,42.4,51.1,44.0,48.2,59.7,26.9,39.9,56.6,42.7,100.4,98.3,102.0,42.2,82.1,44.4,43.0,139.2,300.7,168.7,153.8
GERMANY,1957,0.4,3.7,6.1,7.7,10.0,16.8,17.9,15.6,12.2,9.4,4.8,0.5,7.9,16.8,8.8,0.6,-2.4,0.9,1.7,2.5,4.9,11.1,13.4,11.3,8.3,5.5,2.6,-1.9,3.0,11.9,5.5,-2.2,3.1,6.5,10.6,12.9,15.2,22.6,22.4,20.0,16.2,13.4,7.0,2.9,12.9,21.7,12.2,3.4,14.8,17.8,16.5,10.3,13.1,13.8,18.1,15.3,18.3,10.8,12.2,15.9,39.9,47.1,41.3,53.3,36.6,74.2,50.1,23.7,46.1,69.1,113.8,85.6,100.5,31.3,31.2,44.1,119.9,268.4,163.0,196.6
GERMANY,1958,-0.4,1.8,-0.2,5.3,13.4,14.7,17.3,17.1,14.8,9.7,4.5,2.3,6.2,16.4,9.7,0.7,-3.2,-1.4,-3.5,1.1,8.5,9.9,12.6,12.4,10.1,6.5,2.7,-0.2,2.0,11.6,6.4,-2.3,2.3,4.9,3.2,9.6,18.3,19.4,22.1,21.8,19.6,13.0,6.3,4.7,10.3,21.1,13.0,3.7,18.5,19.0,12.1,13.8,17.0,15.4,17.6,16.3,14.0,16.0,11.3,17.3,42.9,49.4,41.3,40.5,61.2,91.3,28.0,45.8,83.5,77.1,98.7,97.8,58.7,69.6,27.9,60.5,157.2,273.6,156.1,121.9
GERMANY,1959,-0.1,-0.1,6.2,9.4,12.8,16.3,19.2,17.8,13.9,9.0,3.7,1.9,9.4,17.8,8.9,0.6,-2.9,-3.7,1.5,4.1,7.3,10.6,13.7,12.8,7.6,3.6,1.1,-0.3,4.3,12.3,4.1,-2.1,2.7,3.6,10.8,14.8,18.3,22.0,24.8,22.9,20.3,14.5,6.3,4.1,14.6,23.2,13.7,3.3,16.6,6.7,11.9,14.9,12.6,12.3,13.7,14.5,3.9,13.5,13.0,16.4,39.5,40.4,30.4,47.2,53.3,8.2,29.4,54.0,42.7,52.6,65.9,72.3,7.3,49.0,35.5,51.3,126.1,190.8,91.8,150.7
GERMANY,1960,-0.3,0.2,4.1,7.5,12.8,16.4,15.7,16.3,13.0,9.2,5.9,1.4,8.1,16.1,9.4,1.6,-2.9,-3.0,0.5,2.7,7.4,11.1,11.2,12.0,8.4,6.1,3.2,-0.5,3.6,11.4,5.9,-1.0,2.4,3.4,7.6,12.3,18.3,21.7,20.3,20.6,17.6,12.3,8.7,3.3,12.7,20.9,12.9,4.2,18.3,12.6,12.6,13.1,15.2,13.3,16.4,18.5,12.9,19.6,17.7,19.3,40.9,48.2,50.2,51.7,60.0,39.5,29.6,37.0,60.5,60.7,94.4,122.8,49.2,101.6,70.1,72.8,127.1,277.9,220.9,178.6
GERMANY,1961,-0.9,4.2,6.2,10.5,10.5,16.3,15.6,16.1,16.4,10.9,3.9,-0.9,9.1,16.0,10.4,0.4,-3.5,1.0,1.8,5.9,6.4,11.1,11.1,11.5,11.1,6.8,1.3,-4.0,4.7,11.3,6.4,-2.3,1.7,7.5,10.6,15.2,14.7,21.6,20.1,20.7,21.7,15.0,6.6,2.1,13.5,20.8,14.4,3.1,16.8,15.6,14.4,17.4,18.0,15.5,16.8,14.9,11.1,13.4,15.4,19.8,49.8,47.2,39.9,53.6,52.5,53.3,38.4,66.4,88.0,83.0,90.5,79.4,39.6,48.8,52.4,73.3,192.9,252.8,140.7,191.0
GERMANY,1962,1.5,0.5,0.4,8.4,9.9,14.3,15.3,16.2,12.7,9.3,3.1,-3.1,6.2,15.2,8.4,-5.4,-0.9,-2.2,-3.1,3.8,5.8,8.8,10.8,11.3,7.9,5.0,0.6,-5.9,2.1,10.3,4.5,-8.5,4.0,3.2,3.9,13.0,14.1,19.7,19.8,21.1,17.7,13.6,5.6,-0.4,10.4,20.2,12.3,-2.3,17.8,16.0,14.9,14.2,16.3,10.4,16.5,13.9,13.7,7.7,11.3,17.6,45.3,40.8,32.7,38.4,59.6,58.0,44.8,45.2,77.5,35.4,81.7,78.0,58.4,20.3,28.3,61.5,167.5,195.1,107.1,103.3
GERMANY,1963,-7.4,-5.6,2.2,8.3,12.0,16.1,17.9,16.5,14.1,8.6,7.3,-2.9,7.5,16.8,10.0,-1.6,-10.4,-9.1,-2.0,3.7,7.3,10.9,12.4,12.0,9.7,4.7,4.4,-5.5,3.0,11.8,6.3,-4.4,-4.4,-2.1,6.4,13.0,16.8,21.3,23.5,21.0,18.7,12.6,10.3,-0.4,12.1,22.0,13.9,1.1,11.7,9.1,14.4,13.7,13.3,15.3,13.0,18.0,13.3,12.4,18.7,8.1,41.4,46.2,44.3,32.0,21.9,19.8,43.3,42.5,51.9,78.2,57.6,119.1,52.2,40.8,84.6,11.5,137.7,255.0,177.6,65.3
GERMANY,1964,-2.3,0.4,0.5,8.7,13.5,17.1,18.0,16.2,14.0,7.4,5.0,0.4,7.6,17.1,8.8,-0.0,-4.9,-2.7,-2.4,4.3,8.1,11.4,12.1,11.1,8.9,3.9,2.8,-1.7,3.3,11.5,5.2,-2.2,0.2,3.5,3.5,13.1,18.9,22.8,23.9,21.3,19.1,10.9,7.3,2.6,11.9,22.7,12.4,2.2,11.6,12.4,13.5,14.6,14.7,13.5,11.3,15.5,12.8,14.9,15.6,13.8,42.8,40.4,43.2,47.0,22.3,31.5,39.5,49.7,61.6,63.1,41.9,76.3,47.4,62.8,59.3,41.6,150.8,181.3,169.5,148.7
GERMANY,1965,1.0,-1.6,2.3,6.9,11.0,15.6,15.3,15.4,13.4,8.7,1.3,2.1,6.7,15.4,7.8,0.6,-0.9,-4.1,-1.6,2.9,6.7,10.9,11.3,10.3,8.9,3.9,-1.3,-0.1,2.6,10.8,3.8,-2.0,3.0,0.9,6.2,11.0,15.4,20.4,19.3,20.5,17.9,13.5,4.0,4.3,10.9,20.1,11.8,3.2,20.4,12.7,15.3,18.4,17.4,15.8,19.2,13.0,15.3,7.5,17.7,22.6,51.1,48.1,40.5,55.1,73.5,33.5,47.6,82.4,87.9,90.5,127.6,62.1,72.8,15.0,72.5,104.1,218.0,280.2,160.2,210.3
GERMANY,1966,-2.9,2.6,3.4,8.4,12.8,17.1,16.1,15.9,13.6,11.2,2.6,1.7,8.2,16.3,9.1,1.6,-5.5,-0.4,0.2,4.1,7.7,12.0,11.8,11.4,9.1,8.0,0.3,-0.4,4.0,11.8,5.8,-1.0,-0.4,5.6,6.7,12.7,18.1,22.2,20.3,20.3,18.1,14.3,5.0,3.9,12.5,20.9,12.5,4.2,16.0,16.4,16.6,16.3,14.9,17.5,19.0,16.6,11.3,15.3,15.0,22.5,47.8,53.1,41.6,53.8,42.8,63.4,54.8,70.4,62.8,105.5,116.6,100.5,37.3,66.7,54.3,103.6,188.0,322.5,158.3,202.6
GERMANY,1967,0.3,2.8,5.6,6.8,12.6,14.9,18.7,16.9,14.4,11.5,4.3,0.4,8.3,16.8,10.1,-0.0,-2.1,-0.5,2.1,2.2,7.5,9.9,13.2,12.0,10.3,7.6,1.4,-1.8,3.9,11.7,6.4,-2.5,2.6,6.0,9.2,11.4,17.8,19.9,24.3,21.8,18.5,15.5,7.2,2.6,12.8,22.0,13.7,2.4,17.1,14.1,17.8,13.4,16.2,15.1,14.3,15.4,15.9,14.9,14.6,19.4,47.3,44.8,45.4,52.0,51.1,47.9,61.0,41.6,74.9,71.8,65.3,80.7,78.9,62.8,46.1,70.1,177.6,217.8,187.8,179.1
GERMANY,1968,-1.2,0.7,4.6,9.2,11.0,16.4,16.4,16.8,13.9,10.4,4.1,-2.0,8.3,16.5,9.5,-1.3,-3.8,-1.9,0.5,3.6,6.4,11.3,11.5,12.4,10.1,7.2,2.0,-4.0,3.5,11.7,6.4,-3.7,1.5,3.2,8.8,14.9,15.6,21.4,21.5,21.3,17.9,13.6,6.2,0.1,13.1,21.4,12.6,1.1,19.8,12.8,14.3,12.5,15.4,15.8,15.4,16.3,18.4,15.6,13.9,12.4,42.1,47.4,47.9,42.9,71.1,37.9,39.6,39.8,64.7,83.3,79.7,101.2,104.5,63.1,44.0,28.6,144.1,264.2,211.7,120.0
GERMANY,1969,0.0,-2.0,0.7,7.1,12.9,15.1,18.4,16.9,14.4,10.4,5.2,-4.6,6.9,16.8,10.0,-2.9,-2.3,-4.7,-2.4,2.6,8.0,10.4,13.2,12.2,9.4,6.0,2.2,-6.9,2.7,11.9,5.9,-5.3,2.3,0.8,3.9,11.7,17.8,19.8,23.7,21.7,19.4,14.8,8.2,-2.3,11.1,21.8,14.1,-0.4,16.3,14.2,13.7,16.8,16.0,16.1,11.4,16.9,8.1,9.1,17.6,12.8,46.6,44.5,34.9,47.9,44.4,46.9,36.4,64.0,74.5,88.7,44.7,101.4,20.3,20.4,78.8,29.7,174.9,234.9,119.5,163.1
GERMANY,1970,-2.7,-1.3,1.3,5.6,11.4,17.2,16.4,17.1,13.6,9.1,5.7,0.6,6.1,16.9,9.5,0.4,-5.2,-4.0,-1.9,2.3,6.8,11.6,11.7,12.0,8.6,6.0,3.2,-1.5,2.4,11.8,5.9,-2.2,-0.4,1.3,4.5,9.0,16.0,22.8,21.1,22.2,18.6,12.2,8.4,2.7,9.8,22.1,13.0,2.9,15.4,19.6,16.1,18.8,15.2,12.5,16.1,14.1,13.3,17.7,17.4,14.9,50.1,42.7,48.4,39.2,38.7,94.7,51.7,85.6,63.7,57.6,86.4,75.0,53.7,82.2,66.6,40.3,201.0,219.0,202.5,98.7
GERMANY,1971,-1.1,1.6,1.2,8.2,13.8,14.2,18.1,18.3,12.6,9.4,3.8,3.5,7.7,16.8,8.6,1.0,-4.2,-1.0,-2.5,2.8,8.5,9.9,12.2,12.9,7.7,4.5,1.1,1.4,2.9,11.6,4.5,-1.4,2.0,4.1,4.9,13.7,19.1,18.5,24.1,23.7,17.5,14.3,6.5,5.7,12.6,22.1,12.8,3.5,12.1,12.2,11.6,11.3,15.4,18.0,9.5,13.3,11.9,10.8,15.8,14.3,38.3,40.8,38.5,30.9,27.5,30.9,27.7,29.9,64.4,108.7,33.2,66.2,40.6,29.9,58.5,34.0,122.1,208.1,129.0,64.9
GERMANY,1972,-2.4,2.0,5.4,7.5,11.5,14.8,18.0,16.2,11.3,7.2,4.5,1.0,8.1,16.3,7.7,0.9,-4.6,-0.9,0.5,3.8,7.4,9.9,13.2,11.5,6.8,2.6,2.1,-1.6,3.9,11.6,3.9,-1.4,-0.3,4.9,10.3,11.2,15.8,19.7,22.8,20.9,15.8,11.9,7.0,3.6,12.4,21.1,11.6,3.1,9.7,6.9,13.6,15.4,17.1,16.6,15.8,15.5,12.2,10.7,16.9,8.0,46.1,47.9,39.8,35.4,19.0,11.9,35.7,59.1,82.2,92.1,83.2,74.9,42.2,26.4,70.5,15.0,177.0,250.2,139.0,89.2
GERMANY,1973,0.1,1.4,4.3,5.5,12.4,16.1,17.5,17.9,14.5,7.6,3.4,0.4,7.4,17.2,8.5,2.2,-1.9,-0.8,0.2,1.5,7.3,10.8,13.0,11.9,9.4,3.8,0.3,-2.0,3.0,11.9,4.5,-0.2,2.2,3.6,8.5,9.6,17.7,21.5,22.1,23.9,19.5,11.4,6.5,2.8,11.9,22.5,12.5,4.7,13.2,14.2,10.7,16.1,14.4,12.6,16.9,10.7,12.5,15.9,17.0,17.3,41.1,40.1,45.4,48.0,28.9,45.3,22.2,60.5,56.9,55.9,90.5,38.3,48.0,65.4,70.9,54.8,139.6,184.7,184.2,151.0
GERMANY,1974,3.1,3.3,5.6,8.2,11.1,14.3,15.6,17.5,13.7,6.1,4.9,4.6,8.3,15.8,8.2,3.4,0.7,0.7,1.6,2.6,6.4,9.5,11.3,12.4,9.3,3.7,2.4,2.4,3.5,11.1,5.1,0.7,5.4,5.9,9.6,13.7,15.9,19.2,19.9,22.6,18.1,8.5,7.5,6.8,13.1,20.6,11.4,6.2,16.3,14.4,12.5,8.7,14.7,15.8,16.3,13.7,13.9,20.2,16.4,23.2,35.8,45.7,50.5,49.7,49.0,47.2,29.5,16.5,58.3,78.8,90.6,66.7,64.0,111.3,64.1,104.5,104.3,236.0,239.4,178.5
GERMANY,1975,4.3,1.4,3.8,7.0,11.9,14.9,18.3,19.1,16.0,8.0,3.3,1.6,7.6,17.4,9.1,1.0,2.0,-2.3,0.4,3.0,6.9,10.0,13.2,13.6,11.2,5.1,0.7,-0.5,3.4,12.3,5.7,-1.5,6.8,5.0,7.2,11.0,17.0,19.9,23.4,24.6,20.7,10.9,5.9,3.7,11.7,22.6,12.5,3.4,17.1,9.3,14.9,14.8,13.4,14.8,14.0,13.7,13.3,11.8,15.3,11.6,43.1,42.5,40.4,44.2,56.2,17.8,45.1,52.7,47.7,76.4,76.1,70.4,54.0,35.9,53.4,25.5,145.5,222.9,143.3,136.1
GERMANY,1976,0.8,0.4,1.4,7.1,12.7,17.1,19.2,16.5,13.0,9.6,5.0,-0.9,7.1,17.6,9.2,0.7,-1.6,-2.3,-2.6,1.9,7.1,11.1,13.5,10.9,8.8,6.3,2.8,-3.2,2.1,11.8,6.0,-1.7,3.3,3.2,5.3,12.4,18.3,23.1,24.9,22.2,17.3,12.9,7.3,1.4,12.0,23.4,12.5,3.2,23.0,9.5,10.4,9.4,14.0,10.0,13.9,10.6,13.6,12.3,15.6,14.0,33.8,34.5,41.6,47.3,90.9,19.7,19.0,23.7,55.0,30.9,64.7,38.0,57.6,42.5,54.6,39.5,97.7,133.7,154.8,161.7
GERMANY,1977,0.3,2.8,6.1,5.9,11.7,15.6,16.5,16.1,12.2,10.4,5.2,1.9,7.9,16.0,9.3,0.5,-1.8,-0.2,2.3,2.0,6.6,11.0,11.8,11.9,8.2,6.7,2.8,-0.2,3.6,11.6,5.9,-1.8,2.3,5.8,10.0,9.8,17.0,20.1,21.2,20.3,16.3,14.1,7.8,4.0,12.3,20.5,12.7,2.9,16.6,16.6,15.0,17.2,12.0,15.4,14.9,16.5,11.9,12.4,20.0,16.2,44.1,46.8,44.4,42.6,51.0,71.2,43.5,71.4,36.9,80.7,73.2,95.1,41.2,41.3,90.0,48.0,151.9,249.1,172.5,122.0
GERMANY,1978,0.7,-1.1,4.8,6.6,11.6,15.0,15.7,15.7,12.6,9.5,4.7,-0.2,7.7,15.4,8.9,-2.1,-1.3,-4.1,1.4,1.9,7.1,10.1,11.2,11.2,9.0,6.3,2.2,-2.7,3.5,10.8,5.8,-4.7,2.8,1.8,8.3,11.4,16.1,19.9,20.2,20.2,16.2,12.9,7.2,2.4,11.9,20.1,12.1,0.5,14.8,11.6,17.1,10.5,16.4,13.8,14.4,16.0,17.6,13.1,9.3,20.2,44.0,44.2,40.0,49.2,40.7,33.4,64.7,24.1,80.5,70.0,70.2,87.9,90.9,44.5,20.4,76.3,169.3,228.2,155.9,157.5
GERMANY,1979,-4.2,-1.9,3.6,6.6,12.4,16.6,15.4,16.0,13.7,8.7,3.9,3.5,7.5,16.0,8.7,0.8,-6.7,-4.6,0.5,2.7,7.0,11.9,11.2,11.4,9.0,4.5,1.5,1.1,3.4,11.5,5.0,-1.8,-1.7,0.8,6.8,10.6,17.9,21.4,19.7,20.7,18.4,12.9,6.3,5.8,11.8,20.6,12.5,3.4,15.3,13.7,19.2,15.0,14.3,14.7,14.8,13.7,13.0,9.5,18.7,20.6,48.4,43.1,41.3,50.1,41.1,40.0,76.4,57.6,59.2,73.8,68.1,72.9,54.0,24.6,83.4,88.2,193.3,214.7,162.0,173.3
GERMANY,1980,-2.8,1.8,3.0,6.3,10.6,14.9,15.5,16.9,14.3,8.4,3.1,0.8,6.6,15.7,8.6,-0.2,-5.2,-1.3,-0.4,2.0,5.2,10.5,11.7,12.3,9.9,5.0,0.7,-1.7,2.3,11.5,5.2,-2.8,-0.5,4.9,6.4,10.6,16.0,19.3,19.3,21.5,18.8,11.8,5.6,3.3,11.0,20.0,12.1,2.4,15.1,14.4,13.3,17.3,11.1,17.6,19.4,13.9,13.7,16.2,15.0,16.7,41.6,50.9,44.9,48.2,39.8,45.3,35.7,69.0,35.4,105.4,126.4,71.5,51.2,74.3,49.9,56.6,140.1,303.2,175.5,158.2
GERMANY,1981,-1.3,-0.0,6.5,7.8,13.3,15.4,16.5,16.7,14.4,8.5,4.6,-2.4,9.2,16.2,9.2,-1.5,-3.8,-2.7,3.1,2.9,8.3,11.0,12.5,12.2,9.9,5.4,2.0,-4.8,4.7,11.9,5.8,-4.4,1.3,2.6,10.0,12.8,18.3,19.9,20.6,21.3,18.9,11.6,7.3,0.0,13.7,20.6,12.6,1.3,19.6,11.9,19.8,12.2,16.2,15.6,17.2,14.9,14.7,19.3,17.7,20.0,48.2,47.6,51.7,47.0,68.9,32.7,82.3,33.4,73.3,86.5,98.0,75.1,63.0,113.4,71.5,77.3,189.0,259.7,247.9,157.2
GERMANY,1982,-2.3,0.0,4.4,6.8,12.5,16.3,18.9,17.8,16.1,10.0,6.1,2.1,7.9,17.7,10.7,1.6,-5.2,-3.2,0.4,1.8,7.1,11.5,13.7,13.0,10.5,6.9,3.3,-0.1,3.1,12.7,6.9,-0.9,0.6,3.2,8.5,11.9,17.9,21.2,24.2,22.7,21.6,13.2,9.0,4.3,12.8,22.7,14.6,4.2,18.7,8.2,14.4,12.0,14.9,15.1,12.3,13.3,8.7,15.7,12.9,17.9,41.2,40.8,37.3,51.2,66.1,13.8,40.5,30.9,60.7,81.1,55.2,72.8,26.5,74.5,40.0,68.3,132.1,209.1,141.0,182.4
GERMANY,1983,4.0,-1.3,4.8,8.8,11.7,16.2,20.3,18.3,14.2,9.7,3.8,0.8,8.4,18.3,9.2,0.6,1.7,-4.3,1.5,4.5,7.7,11.0,14.2,12.9,9.7,5.9,0.7,-2.0,4.6,12.7,5.4,-1.9,6.3,1.8,8.1,13.2,15.8,21.5,26.4,23.7,18.8,13.4,7.0,3.5,12.4,23.9,13.1,3.1,20.4,12.9,15.6,18.9,19.2,12.2,9.5,12.4,13.5,12.0,14.9,16.0,53.7,34.2,40.4,51.4,74.3,39.8,50.2,89.9,111.2,53.8,30.6,57.4,60.4,41.7,46.8,48.7,251.2,141.7,148.9,182.6
GERMANY,1984,1.1,-0.1,2.2,7.3,11.2,14.0,16.0,17.5,12.8,10.6,5.2,1.1,6.9,15.8,9.5,-2.5,-1.2,-2.6,-1.8,2.4,7.1,9.7,11.6,12.5,9.4,7.2,2.5,-0.9,2.5,11.3,6.4,-5.3,3.4,2.5,6.2,12.3,15.4,18.3,20.4,22.5,16.1,14.1,7.9,3.2,11.3,20.4,12.7,0.4,20.3,15.0,9.6,12.9,18.1,15.5,14.9,12.7,16.9,14.8,14.6,13.8,40.6,43.1,46.2,39.7,80.3,53.6,18.4,36.1,94.3,82.0,69.2,52.1,96.2,60.5,47.3,36.6,148.8,203.2,204.0,108.2
GERMANY,1985,-5.5,-3.0,2.9,7.7,13.4,13.8,17.6,16.7,13.9,9.3,1.2,3.5,8.0,16.0,8.1,-0.9,-8.5,-6.6,-0.1,3.4,8.6,9.5,12.5,11.5,9.3,5.3,-1.3,1.1,4.0,11.2,4.5,-3.7,-2.7,0.6,5.9,12.1,18.2,18.2,22.7,22.0,18.5,13.3,3.6,5.9,12.1,20.9,11.8,1.9,15.9,10.0,14.2,15.0,13.6,16.7,14.4,15.2,12.8,7.9,15.8,18.8,42.8,46.3,36.5,48.6,47.4,24.2,42.2,56.9,57.7,94.8,68.0,85.3,47.8,16.2,59.1,69.3,156.8,248.1,123.2,165.7
GERMANY,1986,-0.1,-6.1,3.1,6.6,14.0,15.9,17.2,16.6,11.9,9.9,6.1,1.8,7.9,16.6,9.3,-1.5,-2.6,-9.5,-0.4,2.8,9.1,10.9,12.2,11.8,7.4,5.8,3.0,-0.6,3.8,11.6,5.4,-4.1,2.4,-2.8,6.5,10.3,19.0,21.0,22.4,21.3,16.5,14.1,9.3,4.2,12.0,21.6,13.3,1.1,21.2,8.6,16.9,14.5,16.9,14.5,14.5,15.2,13.8,14.9,12.4,21.1,48.2,44.2,41.2,53.9,82.0,14.4,58.8,51.5,78.3,65.0,74.4,81.8,52.9,65.6,37.4,87.0,188.6,221.2,155.9,189.1
GERMANY,1987,-6.0,-0.2,-0.3,9.1,9.9,14.0,17.0,15.8,14.8,9.7,5.1,2.1,6.2,15.6,9.9,2.6,-8.7,-2.9,-3.9,4.1,5.5,10.0,12.6,11.7,10.5,6.1,3.2,-0.0,1.9,11.4,6.6,0.3,-3.4,2.4,3.4,14.1,14.3,18.0,21.5,19.9,19.1,13.4,7.1,4.3,10.6,19.8,13.2,4.9,17.2,15.7,15.3,11.7,17.9,20.3,18.4,18.1,15.8,12.3,18.5,14.0,44.9,56.8,46.7,54.7,52.4,49.7,51.1,38.8,81.6,106.1,110.4,75.3,79.9,42.7,66.0,48.0,171.5,291.8,188.7,195.6
GERMANY,1988,3.4,2.3,2.8,8.2,14.2,15.3,17.4,17.3,13.8,9.8,3.0,3.1,8.4,16.7,8.9,3.2,1.2,-0.1,0.0,3.0,8.9,11.1,12.7,12.2,10.0,6.6,0.2,1.1,4.0,12.0,5.6,0.8,5.7,4.7,5.6,13.4,19.5,19.6,22.2,22.5,17.6,13.0,5.9,5.2,12.8,21.4,12.2,5.6,19.8,20.8,22.0,7.5,11.2,14.5,20.1,12.8,14.6,12.6,15.6,22.9,40.6,47.5,42.8,46.9,68.7,79.0,99.9,23.7,41.1,65.8,103.7,58.3,60.4,47.7,49.6,82.6,164.7,227.8,157.7,142.8
GERMANY,1989,2.6,3.8,7.1,7.6,13.8,15.6,18.0,17.3,15.0,10.9,3.1,2.3,9.5,16.9,9.7,3.6,0.2,1.0,2.7,3.7,7.7,10.3,13.0,12.2,10.5,6.8,-0.2,-0.4,4.7,11.8,5.7,0.6,5.1,6.6,11.6,11.5,19.8,20.9,22.9,22.4,19.5,15.0,6.4,5.0,14.3,22.1,13.6,6.8,9.2,14.7,15.3,17.0,8.2,13.2,14.0,13.6,11.8,15.0,13.2,16.2,40.5,40.7,40.0,47.1,18.5,41.7,45.8,73.5,23.6,59.1,80.1,70.8,44.0,53.8,41.4,67.9,142.9,210.0,139.2,188.5
GERMANY,1990,2.6,6.0,7.3,7.9,14.0,15.5,17.0,18.6,12.4,10.6,4.7,0.9,9.8,17.0,9.2,0.2,0.2,1.9,3.1,3.4,8.0,11.3,11.8,12.9,8.7,6.4,2.5,-1.2,4.8,12.0,5.8,-2.5,5.1,10.1,11.6,12.5,20.1,19.8,22.2,24.4,16.2,14.8,7.0,2.9,14.7,22.1,12.7,2.9,13.2,17.7,12.3,16.5,9.3,18.9,9.9,13.5,19.6,11.0,19.1,17.1,38.2,42.3,49.7,40.2,36.4,84.1,31.1,49.5,36.0,106.7,42.5,68.9,84.7,45.3,74.7,58.8,116.7,218.1,204.7,120.7
GERMANY,1991,1.5,-1.8,6.6,7.6,9.6,13.7,19.3,18.2,15.3,8.7,4.2,0.9,7.9,17.1,9.4,1.7,-1.0,-5.3,2.7,2.7,5.1,9.4,14.0,12.9,10.2,4.8,1.8,-1.7,3.5,12.1,5.6,-1.0,4.0,1.8,10.6,12.5,14.2,18.1,24.6,23.6,20.5,12.7,6.6,3.5,12.4,22.1,13.3,4.3,13.3,9.8,9.8,11.8,12.2,19.1,12.6,10.6,11.5,11.0,16.9,16.0,33.9,42.3,39.4,41.6,37.8,24.1,29.7,35.1,45.4,109.8,60.0,49.6,46.2,31.6,64.9,61.3,110.2,219.4,142.7,131.4
GERMANY,1992,1.1,3.1,5.1,8.2,14.5,17.7,19.0,19.4,14.0,6.8,5.4,1.2,9.2,18.7,8.8,1.2,-1.3,0.1,1.4,3.6,8.8,12.4,13.8,14.1,9.4,3.6,2.8,-0.8,4.6,13.5,5.3,-1.4,3.5,6.0,8.8,12.8,20.2,23.0,24.2,24.7,18.6,10.2,8.1,3.3,13.9,24.0,12.3,3.7,12.4,13.3,19.7,14.9,8.8,12.1,16.3,15.8,11.7,17.4,21.4,14.9,43.4,44.2,50.4,46.0,33.0,37.1,80.5,50.8,30.3,60.3,88.0,88.7,37.3,69.8,91.3,47.8,161.6,236.9,198.4,146.7
GERMANY,1993,2.3,-0.0,3.8,10.3,14.8,15.7,16.2,16.2,12.6,8.3,0.8,2.9,9.6,16.0,7.2,1.9,-0.8,-2.5,-0.4,5.3,9.6,11.0,11.8,11.2,8.8,5.2,-1.3,0.6,4.8,11.3,4.2,-0.6,5.4,2.4,8.1,15.4,20.1,20.4,20.6,21.2,16.4,11.4,2.9,5.2,14.5,20.8,10.2,4.4,20.2,10.9,9.5,11.8,13.9,13.8,21.3,12.8,17.0,14.7,10.2,27.2,35.2,47.9,41.9,60.1,70.8,28.0,17.4,32.5,64.1,74.2,133.8,62.2,85.2,64.9,32.1,115.1,114.0,270.2,182.1,215.7
GERMANY,1994,2.9,-0.2,6.3,8.4,12.5,15.8,21.4,18.3,13.8,8.0,6.9,3.4,9.1,18.5,9.6,2.8,0.7,-3.2,2.9,3.9,7.9,10.9,15.6,13.5,10.3,4.0,4.4,1.1,4.9,13.3,6.2,0.1,5.1,2.8,9.7,12.8,17.3,20.8,27.3,23.2,17.3,12.1,9.4,5.7,13.3,23.8,13.0,5.5,22.4,10.4,20.4,14.5,15.5,12.8,9.1,16.3,17.0,14.1,13.1,19.5,50.4,38.2,44.2,62.0,72.3,28.2,78.7,72.8,67.1,61.2,57.3,95.4,80.9,47.1,47.4,69.4,218.6,213.9,175.4,219.0
GERMANY,1995,0.3,4.7,3.5,8.5,12.3,14.6,20.2,18.7,13.1,12.0,3.1,-2.0,8.1,17.8,9.4,-2.3,-2.3,1.7,-0.2,4.4,7.3,10.3,14.7,13.3,9.5,8.3,0.6,-4.1,3.8,12.8,6.1,-4.7,2.9,7.7,7.3,12.6,17.4,18.9,25.7,24.1,16.8,15.8,5.7,-0.0,12.4,22.9,12.8,0.1,22.7,19.8,21.1,14.7,14.1,16.6,10.5,12.2,17.6,8.3,13.5,11.4,49.9,39.2,39.4,28.2,85.3,64.2,63.9,49.1,70.5,85.7,71.0,76.4,80.7,23.8,47.9,38.7,183.6,233.2,152.4,83.5
GERMANY,1996,-2.5,-2.3,1.0,8.7,11.2,15.7,16.1,17.6,11.3,9.7,4.8,-2.2,7.0,16.5,8.6,-0.2,-4.6,-5.4,-2.5,3.2,7.2,10.9,11.4,12.9,7.5,6.1,2.5,-4.6,2.6,11.7,5.4,-2.9,-0.4,0.8,4.6,14.2,15.3,20.6,20.8,22.5,15.3,13.3,7.0,0.1,11.4,21.3,11.9,2.5,2.7,14.1,8.0,8.2,20.2,11.2,15.9,14.9,12.9,16.4,18.3,10.6,36.3,41.9,47.6,32.3,5.3,39.4,19.7,20.8,87.3,51.8,82.9,80.9,43.2,66.7,68.5,34.6,127.8,215.6,178.4,113.6
GERMANY,1997,-2.4,4.0,5.7,6.6,12.6,16.1,17.5,19.9,14.4,8.1,4.1,2.1,8.3,17.8,8.9,3.1,-4.9,0.8,1.7,1.7,7.5,11.2,12.9,14.4,8.8,4.3,1.5,0.1,3.6,12.8,4.9,0.3,0.1,7.3,9.7,11.5,17.8,21.1,22.1,25.5,19.9,11.9,6.8,4.2,13.0,22.9,12.9,5.9,4.4,17.3,15.3,12.3,14.3,16.8,17.7,9.2,7.6,15.4,10.2,20.2,41.9,43.7,33.3,46.0,9.6,69.4,39.9,40.1,61.9,84.4,107.1,48.3,28.0,58.4,35.2,65.6,142.0,239.7,121.6,140.5
GERMANY,1998,2.4,4.8,4.9,9.2,14.1,16.5,16.7,17.0,13.8,8.9,1.6,0.8,9.4,16.8,8.1,1.3,-0.3,1.1,1.1,5.1,8.8,11.8,12.5,11.9,10.2,6.2,-0.7,-1.6,5.0,12.1,5.2,-1.3,5.1,8.5,8.7,13.3,19.4,21.2,21.0,22.2,17.5,11.7,3.8,3.3,13.8,21.5,11.0,3.9,17.5,8.3,16.8,18.0,10.0,17.5,20.2,13.8,15.8,20.5,16.5,15.4,44.8,51.5,52.8,53.3,52.5,22.4,54.2,66.4,40.7,91.3,81.6,62.6,90.4,130.7,58.7,47.7,161.3,235.6,279.8,163.6
GERMANY,1999,2.4,0.6,5.5,9.2,13.6,15.4,19.1,17.6,17.2,9.5,3.8,2.0,9.4,17.4,10.2,2.4,-0.3,-2.0,2.0,4.6,8.5,10.6,14.1,12.7,12.1,5.9,1.3,-0.2,5.0,12.5,6.4,-0.3,5.2,3.3,9.2,13.9,18.7,20.3,24.2,22.6,22.3,13.2,6.4,4.3,13.9,22.4,14.0,5.0,18.6,19.3,16.4,14.5,13.8,14.5,12.3,14.3,12.8,14.0,13.6,24.0,44.6,41.1,40.5,60.0,53.7,62.1,54.4,52.4,68.7,77.8,71.1,71.8,48.1,40.3,45.7,98.2,175.5,220.7,134.1,210.7
GERMANY,2000,1.0,4.0,5.2,10.6,14.8,17.0,15.6,18.0,14.3,11.2,6.5,3.1,10.2,16.9,10.6,2.0,-1.4,0.9,2.0,5.5,9.3,11.5,11.7,12.9,10.2,8.1,3.7,0.8,5.6,12.0,7.3,-0.6,3.5,7.1,8.4,15.7,20.4,22.6,19.6,23.2,18.4,14.4,9.3,5.4,14.8,21.8,14.0,4.7,14.3,21.7,20.6,11.1,14.5,11.6,21.0,13.2,14.8,17.1,14.3,15.9,46.2,45.8,46.3,47.1,44.8,67.7,75.8,36.6,60.8,52.6,101.4,70.3,72.6,56.1,50.9,43.5,173.2,224.4,179.7,140.1
GERMANY,2001,0.9,2.1,4.1,7.4,14.1,14.4,18.7,18.9,12.3,12.8,4.1,-0.5,8.5,17.3,9.7,2.0,-1.6,-1.2,1.0,3.2,8.8,9.7,13.5,13.7,9.1,9.0,1.3,-3.0,4.3,12.3,6.4,-0.8,3.3,5.4,7.2,11.6,19.6,19.3,24.0,24.1,15.6,16.6,6.9,2.1,12.8,22.5,13.0,4.9,16.3,14.9,18.7,19.8,9.4,16.5,15.5,15.1,19.8,14.2,17.5,18.3,47.9,47.0,51.6,53.2,49.0,47.7,81.8,64.9,40.7,79.1,75.2,71.0,111.5,43.6,65.8,59.4,187.4,225.3,220.9,188.2
GERMANY,2002,1.4,5.1,5.6,8.3,14.0,17.3,18.1,19.3,13.9,8.4,5.3,-0.3,9.3,18.2,9.2,-0.8,-1.4,1.9,1.4,3.6,9.4,12.3,13.5,14.6,9.3,4.8,2.8,-2.5,4.8,13.5,5.6,-3.7,4.3,8.4,9.9,13.0,18.7,22.4,22.8,24.0,18.5,11.9,7.9,1.8,13.9,23.0,12.8,2.1,13.8,21.1,12.9,13.5,15.2,14.0,18.5,14.3,11.4,19.9,19.3,14.4,41.6,46.8,50.6,39.9,39.9,88.8,51.8,44.5,72.7,75.6,109.7,110.7,53.7,94.5,93.2,54.4,169.1,295.9,241.4,132.3
GERMANY,2003,-0.4,-1.6,5.2,8.5,14.2,18.6,19.2,20.2,14.6,6.3,6.2,2.0,9.3,19.3,9.0,1.3,-3.1,-5.6,0.2,2.9,9.0,12.8,13.9,14.1,8.7,2.4,3.3,-0.9,4.0,13.6,4.8,-1.5,2.3,2.3,10.3,14.2,19.5,24.6,24.6,26.3,20.5,10.3,9.1,4.8,14.7,25.1,13.3,4.0,19.2,6.4,8.3,11.8,15.6,9.9,14.6,7.9,10.7,18.0,10.4,13.3,35.7,32.4,39.1,48.3,62.6,15.4,21.5,36.1,61.6,60.1,69.7,33.1,43.3,66.9,37.1,48.4,119.2,162.8,147.3,178.3
GERMANY,2004,-0.6,2.5,4.4,9.5,11.8,15.4,17.0,18.8,14.5,10.4,4.5,1.5,8.6,17.1,9.8,0.9,-3.1,-0.4,0.4,4.3,6.9,10.4,12.1,13.8,9.7,6.7,2.0,-0.7,3.8,12.1,6.1,-1.6,1.8,5.5,8.5,14.7,16.7,20.4,21.9,23.8,19.4,14.3,7.1,3.7,13.3,22.0,13.6,3.5,21.7,13.4,11.4,11.7,12.7,17.4,19.8,18.0,13.8,15.0,17.1,12.2,35.8,55.2,46.0,43.6,84.2,45.7,32.8,35.4,59.8,71.5,102.7,82.7,51.9,54.6,59.8,39.1,127.9,256.9,166.2,145.3
GERMANY,2005,2.1,-0.8,3.5,9.4,12.9,16.3,18.2,16.2,15.5,11.3,4.4,0.8,8.6,16.9,10.4,-0.7,-0.5,-3.5,-0.7,4.3,7.7,10.8,13.5,11.7,10.5,6.9,1.8,-1.4,3.8,12.0,6.4,-3.3,4.7,1.9,7.6,14.6,18.1,21.9,23.0,20.9,20.6,15.8,7.2,3.0,13.4,21.9,14.5,1.9,17.5,13.9,12.3,12.6,19.6,10.7,19.0,16.3,11.9,8.7,13.2,20.1,44.4,46.0,33.8,42.2,54.4,51.7,36.2,46.4,71.0,53.5,120.2,84.5,48.5,40.3,41.3,54.6,153.6,258.1,130.1,119.6
GERMANY,2006,-2.7,-0.2,1.6,8.4,13.1,17.0,21.3,16.2,17.3,12.4,7.3,4.6,7.7,18.1,12.3,4.4,-5.6,-2.8,-1.9,4.0,8.1,11.4,15.1,12.1,12.1,8.3,4.1,2.1,3.4,12.8,8.2,1.7,0.3,2.3,5.2,12.9,18.2,22.7,27.5,20.3,22.6,16.5,10.5,7.1,12.1,23.5,16.5,7.1,8.6,13.4,16.6,18.6,19.0,9.2,8.7,21.2,6.3,14.8,15.3,14.7,54.2,39.1,36.4,57.2,23.0,42.1,61.8,57.8,79.4,46.7,55.0,129.0,31.8,58.6,50.8,44.9,199.1,230.7,141.2,191.1
GERMANY,2007,4.7,3.8,6.5,11.5,14.2,17.7,17.6,17.5,13.1,8.7,3.8,1.6,10.7,17.6,8.6,3.1,2.1,0.8,2.1,5.4,8.9,12.9,13.1,12.7,8.8,4.8,1.4,-0.5,5.5,12.9,5.0,0.2,7.3,6.8,10.9,17.6,19.6,22.5,22.2,22.4,17.5,12.7,6.4,3.7,16.0,22.4,12.2,6.0,23.0,19.6,16.2,2.0,20.3,18.7,21.6,15.4,16.8,9.4,18.7,15.1,38.4,55.7,44.9,44.4,82.2,64.0,54.4,6.7,113.1,107.1,125.3,92.2,82.6,25.0,69.0,52.3,174.2,324.6,176.6,150.7
GERMANY,2008,3.5,4.2,4.5,8.1,14.5,17.2,18.3,17.8,13.1,9.6,5.4,1.4,9.0,17.8,9.4,0.2,0.8,0.3,0.9,3.7,8.8,11.8,13.2,13.1,9.0,5.9,2.8,-0.7,4.5,12.7,5.9,-2.3,6.3,8.1,8.0,12.5,20.4,22.8,23.6,22.6,17.4,13.4,8.1,3.5,13.6,23.0,13.0,2.7,19.0,10.3,20.2,18.3,7.5,11.9,18.5,16.5,12.8,17.3,12.8,14.4,46.0,46.9,43.0,44.7,63.2,35.2,67.8,71.2,30.9,57.0,84.3,85.6,53.7,74.4,40.4,40.5,169.9,226.8,168.5,120.4
GERMANY,2009,-1.6,0.7,4.6,11.9,13.7,15.1,18.5,19.2,15.3,8.5,7.5,0.3,10.1,17.6,10.4,-1.2,-4.6,-1.7,1.2,6.0,8.3,10.2,13.6,13.3,10.3,5.0,4.7,-2.2,5.2,12.4,6.7,-3.7,1.4,3.2,8.1,17.9,19.3,20.1,23.5,25.1,20.4,12.0,10.3,2.8,15.1,22.9,14.2,1.2,10.0,20.2,19.3,6.6,15.5,16.1,20.6,9.5,11.0,19.7,20.4,20.8,41.3,46.2,51.1,51.6,28.3,51.7,60.8,25.8,74.9,77.8,103.8,42.1,38.1,70.6,83.5,73.5,161.5,223.6,192.2,150.3
GERMANY,2010,-3.7,-0.3,4.4,9.1,10.8,16.6,20.7,17.4,13.0,8.4,4.9,-3.5,8.1,18.2,8.8,-0.5,-5.8,-3.1,0.2,3.4,6.9,11.2,14.9,13.1,8.7,4.4,2.6,-6.0,3.5,13.0,5.2,-3.1,-1.6,2.5,8.5,14.8,14.7,22.0,26.6,21.7,17.4,12.4,7.2,-1.0,12.7,23.4,12.3,2.0,15.6,15.1,14.5,7.8,19.8,9.1,13.1,22.6,15.6,11.7,18.3,21.0,42.0,44.8,45.6,47.8,38.1,38.7,42.6,21.0,93.3,49.8,77.8,142.3,74.5,35.2,89.2,71.9,157.0,269.9,199.0,150.7
GERMANY,2011,1.0,0.9,5.1,11.8,14.0,17.0,16.7,18.1,15.8,9.9,5.1,3.8,10.3,17.3,10.2,1.2,-1.3,-2.0,0.2,5.8,7.9,11.8,12.4,13.2,10.8,5.4,2.1,1.5,4.6,12.4,6.1,-1.6,3.4,3.7,10.0,17.9,20.3,22.2,21.0,23.1,20.8,14.4,8.1,6.2,16.1,22.1,14.4,3.9,17.0,9.8,6.8,7.0,11.7,16.6,19.3,18.7,12.0,12.8,1.4,26.7,25.6,54.6,26.2,61.3,49.9,29.0,21.4,23.8,43.5,82.0,112.9,100.0,54.0,49.8,2.9,99.2,88.7,294.9,106.7,208.1
GERMANY,2012,1.9,-2.2,7.1,8.5,14.3,15.8,17.9,18.8,14.4,9.3,5.6,1.1,10.0,17.5,9.8,0.3,-0.6,-5.6,2.4,3.7,8.7,11.0,13.1,13.4,9.3,5.3,3.1,-1.3,4.9,12.5,5.9,-1.9,4.3,1.1,11.9,13.4,20.0,20.6,22.6,24.3,19.5,13.3,8.2,3.5,15.1,22.5,13.7,2.5,23.0,11.6,6.1,14.2,12.9,18.5,20.5,14.0,13.0,15.3,15.1,24.3,33.2,53.0,43.3,60.0,85.3,23.6,12.9,39.0,50.1,90.6,101.9,62.8,45.6,57.5,54.9,78.1,102.1,255.3,158.0,181.2
GERMANY,2013,0.1,-0.4,0.3,8.5,12.2,16.0,19.7,18.5,13.6,11.1,5.0,3.6,7.0,18.1,9.9,3.3,-2.0,-2.5,-3.2,4.0,7.9,11.1,14.0,12.9,9.5,7.2,2.7,1.1,2.9,12.7,6.5,0.5,2.2,1.7,3.9,13.1,16.6,20.9,25.5,24.1,17.8,15.0,7.5,6.3,11.2,23.5,13.4,6.3,20.1,15.6,11.2,9.9,21.3,13.3,7.8,12.4,17.2,16.8,18.2,14.1,42.4,33.5,52.1,42.8,57.9,45.3,30.7,35.4,115.0,86.0,40.1,58.4,74.9,73.7,63.5,40.2,181.1,184.5,212.0,110.8
GERMANY,2014,1.8,4.6,7.4,11.0,12.6,16.5,19.7,16.6,15.4,12.1,6.9,2.6,10.3,17.6,11.5,2.1,-0.7,1.0,2.1,5.7,7.8,11.0,14.6,11.9,11.0,8.6,4.5,0.5,5.2,12.5,8.0,-0.4,4.3,8.3,12.6,16.2,17.5,22.0,24.9,21.3,19.9,15.8,9.5,4.9,15.4,22.7,15.0,4.7,16.2,12.5,8.9,13.3,18.3,11.4,16.8,18.5,12.7,15.9,8.1,21.8,40.5,46.8,36.7,52.8,42.5,28.1,17.1,41.3,86.6,48.9,120.9,96.6,52.6,65.0,29.9,70.6,145.0,266.3,147.5,168.0
GERMANY,2015,2.3,1.4,5.5,8.8,12.5,16.1,19.6,20.2,13.7,8.8,7.7,6.3,8.9,18.6,10.1,3.5,0.1,-1.7,1.1,3.0,7.3,10.8,14.0,14.2,9.1,5.3,4.6,3.6,3.8,13.0,6.3,0.8,4.6,4.5,10.0,14.7,17.8,21.4,25.2,26.3,18.3,12.4,10.8,9.0,14.1,24.3,13.8,6.3,23.0,8.1,14.7,10.1,13.6,12.3,15.7,12.8,15.8,12.6,19.0,12.1,38.4,40.9,47.4,53.1,76.5,21.0,45.2,36.6,48.8,58.2,67.7,73.0,52.8,50.2,85.6,33.8,130.6,198.9,188.6,164.9
GERMANY,2016,0.7,3.6,4.4,8.4,14.0,17.4,18.9,18.1,17.3,8.7,4.1,2.5,8.9,18.1,10.0,1.2,-1.9,0.7,0.7,3.6,8.8,12.6,14.0,12.6,11.6,5.4,1.2,-0.2,4.4,13.1,6.1,-1.6,3.4,6.6,8.1,13.2,19.2,22.2,23.9,23.6,22.9,12.0,7.1,5.2,13.5,23.2,14.0,4.1,21.6,19.4,14.3,15.5,12.1,19.5,15.1,12.4,6.6,16.5,16.3,10.2,41.9,46.9,39.4,37.8,64.1,67.0,37.2,48.8,60.2,103.5,79.2,52.1,38.4,58.7,50.6,28.5,146.3,234.7,147.7,109.9
GERMANY,2017,-1.6,2.8,7.4,7.8,14.2,18.0,18.3,18.5,13.3,11.4,5.3,2.6,9.8,18.3,10.0,1.5,-4.5,-0.3,2.8,2.9,8.6,12.5,13.4,13.4,9.1,7.8,2.7,0.6,4.8,13.1,6.5,-1.0,1.2,6.0,12.0,12.8,19.8,23.6,23.2,23.6,17.7,15.0,7.9,4.7,14.9,23.5,13.5,4.0,13.8,13.8,14.1,13.3,12.2,14.8,21.0,16.1,17.5,19.1,19.8,23.2,39.6,52.0,56.3,51.4,40.1,41.3,48.6,43.2,53.6,97.3,121.9,84.9,64.2,78.9,69.7,64.6,145.4,304.1,212.8,164.7
GERMANY,2018,3.4,-1.5,2.3,12.0,16.2,18.0,20.5,20.2,15.8,11.3,5.6,3.6,10.2,19.6,10.9,2.9,1.1,-4.5,-1.5,5.9,10.2,12.8,14.3,14.2,10.1,6.2,2.7,1.5,4.9,13.8,6.3,0.0,5.8,1.5,6.1,18.1,22.2,23.3,26.7,26.3,21.6,16.3,8.5,5.8,15.5,25.4,15.5,5.8,21.2,7.0,15.8,12.1,8.4,8.8,7.9,11.1,9.1,8.9,7.6,21.4,36.3,27.8,25.6,50.9,82.4,17.7,46.2,35.7,48.4,49.3,46.6,49.6,43.3,28.5,19.6,85.5,130.3,145.6,91.3,172.8
GERMANY,2019,0.6,4.5,6.8,10.0,11.2,19.1,19.1,19.6,14.7,11.1,5.7,3.9,9.3,19.3,10.5,4.3,-1.7,0.3,2.7,4.4,6.2,12.9,13.6,14.0,9.7,7.3,3.0,1.2,4.4,13.5,6.7,1.4,2.9,8.6,10.9,15.7,16.3,25.3,24.7,25.3,19.7,14.9,8.4,6.6,14.3,25.1,14.3,7.3,20.7,8.8,19.4,9.3,14.2,10.0,11.4,13.5,15.0,20.1,16.8,18.1,42.9,34.9,52.0,54.1,59.8,27.4,58.9,23.5,70.2,60.8,55.6,67.7,63.8,74.7,53.1,45.9,152.6,184.1,191.7,185.6
GERMANY,2020,3.7,5.4,5.4,10.6,12.0,17.3,17.9,20.4,15.5,10.5,6.7,3.1,9.3,18.6,10.9,1.8,0.8,2.3,1.0,4.4,6.1,12.2,12.4,14.7,10.0,7.3,3.6,1.1,3.8,13.1,7.0,-0.9,6.6,8.6,9.9,16.8,18.0,22.5,23.6,26.1,21.0,13.7,9.8,5.3,14.9,24.1,14.9,4.6,13.9,22.0,14.3,4.9,10.0,14.5,12.9,13.5,10.9,20.8,7.3,15.6,29.2,40.9,39.1,48.1,36.3,103.5,41.9,17.8,36.8,83.3,56.6,81.3,53.1,71.8,17.5,48.6,96.5,221.2,142.4,163.0
GERMANY,2021,0.6,1.8,5.0,6.4,11.0,19.2,19.0,16.9,15.7,10.2,5.4,2.2,7.5,18.4,10.4,3.2,-1.6,-2.2,0.3,1.2,6.3,13.5,14.3,12.5,10.8,5.9,3.1,-0.1,2.6,13.4,6.6,0.5,2.7,5.9,9.6,11.6,15.8,25.0,23.8,21.3,20.6,14.6,7.8,4.5,12.3,23.4,14.3,5.9,19.7,12.9,13.7,11.1,19.0,12.2,16.5,19.9,8.9,14.5,13.8,18.1,43.8,48.6,37.3,51.8,69.4,45.0,38.6,31.8,85.3,90.5,103.5,107.4,34.0,43.3,51.0,53.5,155.7,301.3,128.3,163.8
GERMANY,2022,2.8,4.6,5.4,8.1,14.5,18.6,19.3,20.4,13.7,12.8,6.4,1.7,9.3,19.4,11.0,2.9,0.5,1.2,0.6,3.0,8.7,12.5,13.1,14.4,9.2,8.4,3.4,-0.6,4.1,13.3,7.0,0.3,5.2,8.1,10.2,13.2,20.4,24.7,25.5,26.6,18.3,17.3,9.4,4.1,14.6,25.6,15.0,5.6,16.0,17.7,4.4,11.5,13.4,12.2,10.3,7.7,17.7,13.5,14.2,19.3,29.3,30.2,45.5,51.2,47.6,62.7,13.0,46.0,46.7,59.0,41.5,48.0,85.1,47.0,40.0,58.5,105.7,148.5,172.1,154.9
GERMANY,2023,3.6,3.4,5.8,7.8,13.1,18.6,19.1,18.7,18.0,12.1,5.6,3.8,8.9,18.8,11.9,4.0,1.4,0.0,1.9,3.3,7.7,12.5,13.8,14.0,12.3,8.2,3.0,1.6,4.3,13.4,7.8,1.2,5.9,6.9,9.7,12.3,18.6,24.7,24.5,23.3,23.8,16.2,8.3,6.1,13.5,24.2,16.1,6.7,19.9,12.0,20.6,16.8,7.6,8.5,19.0,19.3,7.2,21.2,21.4,23.9,45.0,46.8,49.8,61.7,58.1,38.3,72.0,57.3,35.0,47.2,101.5,109.7,29.2,95.0,103.4,103.1,164.3,258.3,227.5,242.3
GERMANY,2024,1.5,6.5,7.7,10.5,15.4,17.1,19.2,20.3,15.9,11.3,5.3,3.2,11.2,18.9,10.8,-999.0,-1.5,3.6,3.4,5.6,10.3,12.1,14.1,14.7,11.4,7.7,2.8,1.1,6.4,13.6,7.3,-999.0,4.5,9.5,12.1,15.4,20.5,22.1,24.4,25.9,20.5,14.9,7.8,5.4,16.0,24.2,14.4,-999.0,17.9,19.9,12.7,17.0,16.5,15.9,17.6,10.9,15.7,14.5,14.1,17.1,46.2,44.5,44.4,-999.0,63.7,75.5,37.7,53.5,105.7,85.1,100.6,67.9,93.1,56.1,55.1,47.7,196.9,253.6,204.3,-999.0
INDIA,1901,15.9,17.8,22.9,26.8,29.0,29.6,27.1,25.8,26.0,24.8,20.3,17.3,26.3,27.5,23.7,18.0,9.0,10.7,15.6,19.8,22.6,24.4,23.2,22.1,21.5,19.0,13.7,10.4,19.3,23.2,18.1,11.0,22.9,25.0,30.3,33.8,35.6,34.8,31.1,29.6,30.4,30.6,26.9,24.1,33.2,31.8,29.3,25.0,1.8,1.6,1.6,2.1,3.6,6.2,11.1,11.2,6.5,3.2,1.8,0.7,7.3,28.5,11.6,2.2,28.8,19.9,20.7,27.1,55.8,115.2,246.4,252.2,122.8,61.8,43.5,10.7,103.5,613.7,228.0,23.1
INDIA,1902,17.5,19.1,24.3,27.2,29.5,29.2,26.9,26.7,25.5,24.0,19.7,16.7,27.0,27.6,23.1,17.1,10.6,12.0,17.1,20.3,23.0,24.0,23.0,23.0,21.1,18.1,13.0,9.8,20.1,23.3,17.4,10.2,24.5,26.3,31.6,34.2,36.0,34.4,30.9,30.5,30.0,29.8,26.4,23.6,33.9,31.9,28.7,24.1,0.7,0.7,1.3,2.3,3.1,6.8,11.4,10.4,8.5,3.5,1.5,1.1,6.7,28.7,13.5,3.2,8.7,3.7,14.9,33.8,48.4,138.8,272.4,211.5,215.7,73.7,26.0,21.4,97.1,622.8,315.4,38.5
INDIA,1903,16.7,18.0,22.1,26.5,28.7,29.5,27.3,25.9,25.7,23.7,19.2,16.3,25.8,27.6,22.9,17.1,9.8,11.0,14.9,19.5,22.2,24.3,23.3,22.2,21.3,17.9,12.6,9.5,18.9,23.3,17.3,10.2,23.7,25.1,29.4,33.5,35.2,34.8,31.3,29.7,30.2,29.6,25.8,23.2,32.7,31.9,28.5,24.2,1.1,1.0,1.3,1.5,3.6,6.9,11.9,11.6,8.2,4.3,1.6,0.9,6.3,30.4,14.2,2.8,10.5,6.6,12.0,14.8,60.9,165.6,300.0,270.1,188.2,100.6,39.9,17.9,87.7,735.8,328.7,35.1
INDIA,1904,16.5,18.6,22.5,27.4,28.8,28.3,26.1,25.9,25.5,24.0,19.6,17.0,26.3,26.8,23.1,16.5,9.5,11.5,15.3,20.5,22.4,23.1,22.1,22.2,21.1,18.2,13.0,10.2,19.4,22.5,17.4,9.5,23.5,25.7,29.8,34.4,35.4,33.5,30.1,29.7,30.1,30.0,26.2,23.9,33.2,31.1,28.7,23.5,1.0,0.9,1.9,1.7,4.1,6.9,11.5,10.2,6.8,3.4,1.1,0.9,7.6,28.6,11.2,3.7,9.5,7.6,23.9,24.4,73.3,144.8,258.2,217.6,128.5,69.1,8.9,9.5,121.6,620.6,206.5,41.5
INDIA,1905,15.6,16.8,21.2,25.0,29.5,29.8,26.9,26.4,25.8,24.2,20.7,16.8,25.2,27.7,23.6,16.9,8.6,9.7,14.0,18.0,23.0,24.6,22.9,22.7,21.4,18.5,14.1,9.9,18.3,23.4,18.0,10.0,22.5,24.0,28.4,32.0,36.0,35.1,30.9,30.1,30.3,30.1,27.4,23.6,32.1,32.0,29.2,23.8,1.3,1.5,1.9,2.1,3.2,5.5,11.0,9.8,7.3,2.8,1.0,0.6,7.3,26.3,11.2,3.7,16.8,15.2,25.3,32.2,53.1,83.7,255.0,219.0,185.2,57.7,11.7,4.6,110.5,557.6,254.6,47.1
INDIA,1906,16.0,17.8,21.8,27.1,30.2,28.3,26.7,25.9,25.3,24.0,20.6,17.6,26.4,27.0,23.3,17.7,9.1,10.8,14.5,20.2,23.7,23.1,22.7,22.2,20.8,18.2,14.0,10.7,19.5,22.7,17.7,10.7,23.0,24.8,29.0,34.1,36.7,33.6,30.7,29.7,29.8,29.8,27.2,24.5,33.3,31.3,29.0,24.6,1.1,2.0,1.8,1.4,2.7,8.4,11.7,11.6,7.6,3.1,1.2,1.2,5.9,31.8,11.9,4.2,12.3,30.1,23.8,14.7,36.8,203.8,275.6,265.2,153.7,58.0,20.7,20.3,75.3,744.7,232.4,56.8
INDIA,1907,17.5,18.0,21.6,25.4,28.3,28.6,27.5,25.3,26.0,24.6,20.7,16.4,25.1,27.1,23.7,17.1,10.6,10.9,14.4,18.4,21.8,23.4,23.6,21.6,21.5,18.7,14.0,9.5,18.2,22.9,18.1,10.1,24.4,25.1,28.9,32.4,34.8,33.8,31.5,29.1,30.5,30.5,27.5,23.3,32.0,31.5,29.5,24.1,1.0,2.0,2.0,3.2,2.6,7.8,11.0,11.7,5.8,1.9,1.3,0.8,7.7,30.5,8.9,3.4,9.7,26.7,29.7,56.1,34.5,178.9,236.9,288.8,102.5,25.3,24.8,10.5,120.3,704.6,152.5,41.6
INDIA,1908,16.2,18.6,22.5,27.9,29.3,29.3,26.0,25.3,25.5,23.9,19.5,16.1,26.6,26.9,23.0,17.1,9.3,11.6,15.2,21.0,22.8,24.1,22.0,21.6,21.0,18.0,12.9,9.1,19.7,22.6,17.3,10.1,23.2,25.8,29.8,34.9,35.8,34.5,30.0,29.1,30.0,29.8,26.2,23.1,33.5,31.2,28.7,24.1,1.4,1.2,1.1,1.9,2.9,7.2,12.5,12.0,7.5,2.5,0.7,0.5,5.9,31.6,10.8,2.9,16.1,15.0,9.7,23.1,46.8,174.4,312.8,313.5,163.7,42.7,5.7,3.6,79.6,800.8,212.2,31.2
INDIA,1909,16.8,18.3,23.6,25.6,28.9,27.6,25.8,25.7,25.1,23.9,20.7,17.1,26.0,26.4,23.3,17.4,9.8,11.2,16.2,18.7,22.4,22.4,21.8,22.0,20.7,18.1,14.1,10.3,19.1,22.1,17.6,10.4,23.7,25.5,30.9,32.7,35.4,32.8,29.8,29.4,29.7,29.8,27.3,23.9,33.0,30.7,28.9,24.3,1.3,1.1,0.7,3.0,3.5,8.6,12.5,10.9,7.8,2.3,0.9,1.2,7.1,32.0,11.0,3.2,18.3,9.4,4.8,55.0,56.6,228.4,316.5,232.3,159.1,37.2,10.4,17.6,116.4,777.2,206.7,37.6
INDIA,1910,16.5,18.5,22.8,26.7,29.2,27.9,26.3,25.7,25.5,23.3,18.9,16.3,26.3,26.6,22.6,17.3,9.6,11.4,15.6,19.7,22.7,22.7,22.3,22.0,21.0,17.6,12.3,9.4,19.4,22.4,16.9,10.3,23.4,25.7,30.1,33.7,35.8,33.1,30.3,29.5,30.0,29.2,25.6,23.2,33.2,31.0,28.2,24.3,1.0,1.0,1.1,2.0,2.9,8.4,11.9,11.8,7.8,4.4,2.0,0.4,6.1,32.1,14.2,2.4,10.5,9.5,11.7,23.8,41.4,213.1,289.7,288.6,184.8,106.3,37.2,2.8,77.0,791.3,328.3,24.9
INDIA,1911,17.4,18.2,21.7,26.7,29.8,27.9,27.5,26.1,25.5,24.3,19.8,16.9,26.1,27.2,23.2,17.8,10.5,11.1,14.5,19.7,23.4,22.8,23.6,22.4,21.1,18.5,13.2,10.0,19.2,22.9,17.6,10.8,24.4,25.4,29.0,33.7,36.4,33.2,31.6,29.8,30.0,30.1,26.4,23.9,33.0,31.5,28.8,24.8,1.4,0.6,2.0,1.7,2.9,7.7,9.4,10.1,7.5,3.6,2.3,0.7,6.7,27.2,13.5,3.1,18.8,3.3,27.0,22.5,54.5,197.5,185.4,221.2,168.1,73.1,37.8,12.8,104.0,604.1,279.1,38.9
INDIA,1912,17.0,19.5,22.9,26.7,29.5,29.9,26.8,25.8,25.4,24.1,19.5,16.5,26.4,27.5,23.0,17.3,10.0,12.5,15.7,19.8,23.0,24.7,22.8,22.0,21.0,18.3,12.9,9.6,19.5,23.2,17.4,10.3,24.0,26.6,30.2,33.7,36.0,35.1,30.8,29.5,30.0,30.0,26.1,23.4,33.3,31.8,28.7,24.3,0.9,1.4,1.4,2.1,3.0,6.5,12.3,11.7,6.7,3.1,2.5,0.5,6.5,30.5,12.3,3.0,10.9,15.2,14.6,30.0,45.4,123.4,321.5,261.8,125.7,72.5,51.5,4.9,90.0,706.8,249.6,35.6
INDIA,1913,16.5,18.8,21.7,27.7,28.4,27.4,26.4,26.0,26.0,24.4,19.9,16.9,25.9,26.6,23.4,17.7,9.5,11.8,14.5,20.8,21.9,22.2,22.4,22.3,21.5,18.6,13.2,10.1,19.0,22.3,17.8,10.8,23.5,25.9,29.0,34.6,34.9,32.6,30.4,29.7,30.5,30.2,26.5,23.8,32.8,30.9,29.1,24.7,0.6,1.9,1.5,1.8,3.9,8.4,11.6,9.8,6.6,3.6,1.0,1.3,7.2,29.8,11.2,3.2,3.6,27.2,20.2,23.9,70.4,222.5,286.7,212.4,122.8,81.6,16.1,20.6,114.5,721.6,220.5,37.9
INDIA,1914,17.4,18.8,22.4,26.2,29.1,28.3,26.3,25.8,25.7,23.6,20.7,17.0,25.9,26.8,23.3,17.3,10.4,11.8,15.2,19.2,22.7,23.1,22.3,22.1,21.2,17.7,14.0,10.1,19.0,22.5,17.6,10.3,24.4,25.9,29.7,33.2,35.6,33.6,30.3,29.5,30.2,29.6,27.4,23.9,32.8,31.1,29.1,24.3,0.5,1.5,1.4,2.4,3.5,7.6,12.3,10.9,8.4,2.7,1.6,1.0,7.3,30.8,12.7,4.3,2.9,14.3,13.1,39.8,56.9,184.5,333.8,245.6,204.5,47.3,23.1,15.2,109.8,764.0,274.9,56.2
INDIA,1915,16.8,18.1,22.5,26.7,29.9,29.5,27.3,26.3,26.1,25.0,21.1,17.0,26.4,27.7,24.1,17.4,9.9,10.9,15.3,19.7,23.5,24.3,23.3,22.5,21.6,19.2,14.6,10.2,19.5,23.4,18.5,10.5,23.7,25.2,29.8,33.7,36.4,34.7,31.3,30.0,30.5,30.8,27.7,23.9,33.3,32.0,29.7,24.4,1.4,1.9,2.4,2.4,3.4,7.6,11.7,10.7,8.3,3.8,1.9,0.7,8.2,30.0,14.0,2.4,16.9,24.1,39.6,32.0,61.0,179.1,268.9,233.4,183.5,85.7,43.6,7.5,132.7,681.5,312.8,21.0
INDIA,1916,16.9,18.4,24.3,27.6,29.4,27.3,26.7,25.8,25.6,23.9,19.6,16.2,27.1,26.6,23.0,17.1,10.0,11.3,17.0,20.7,22.9,22.1,22.7,22.1,21.2,18.2,13.1,9.3,20.2,22.3,17.5,10.1,23.8,25.5,31.6,34.6,35.9,32.5,30.7,29.6,30.1,29.7,26.2,23.0,34.0,30.9,28.7,24.0,0.5,1.2,0.9,1.9,3.3,7.8,12.4,12.3,8.4,4.8,2.1,0.4,6.1,32.5,15.3,3.1,2.0,11.5,6.3,33.3,55.7,193.6,285.3,301.1,202.4,138.0,42.5,3.7,95.3,779.9,382.9,36.1
INDIA,1917,16.6,18.4,22.1,25.3,27.7,27.4,26.2,25.7,24.9,23.4,19.2,16.7,25.0,26.4,22.5,17.0,9.7,11.4,14.8,18.3,21.2,22.2,22.2,22.0,20.5,17.6,12.7,9.8,18.1,22.2,16.9,10.0,23.6,25.5,29.4,32.3,34.2,32.6,30.2,29.5,29.4,29.2,25.8,23.6,32.0,30.7,28.1,24.0,0.8,1.9,1.6,2.2,4.0,8.4,11.7,12.0,9.5,4.9,1.6,0.6,7.7,32.1,15.9,2.4,5.2,27.3,16.9,30.3,73.3,205.9,265.1,281.0,266.2,130.4,32.1,6.9,120.4,752.0,428.6,20.6
INDIA,1918,15.6,18.7,22.7,25.7,29.1,27.4,27.7,26.2,26.1,24.5,20.7,16.7,25.8,27.1,23.8,17.4,8.7,11.5,15.5,18.8,22.7,22.3,23.7,22.5,21.6,18.7,14.1,9.8,19.0,22.9,18.1,10.5,22.6,25.8,29.9,32.7,35.5,32.6,31.7,29.9,30.6,30.3,27.4,23.7,32.7,31.4,29.4,24.4,1.0,0.8,1.5,1.9,3.6,7.3,8.5,10.5,6.3,2.0,2.0,0.9,7.0,26.3,10.3,4.0,9.9,3.8,16.9,25.3,67.0,169.8,151.9,229.2,107.0,21.7,42.5,12.5,109.2,550.8,171.2,55.9
INDIA,1919,17.1,18.4,23.2,26.4,28.9,28.5,26.3,25.8,25.5,23.8,20.4,16.8,26.2,26.9,23.2,17.4,10.2,11.3,15.9,19.5,22.4,23.3,22.4,22.1,21.0,18.0,13.9,9.9,19.3,22.6,17.6,10.5,24.1,25.6,30.6,33.5,35.4,33.7,30.3,29.6,30.0,29.7,27.0,23.6,33.2,31.2,28.9,24.3,2.0,1.2,1.2,2.2,3.4,7.6,12.1,11.4,7.5,3.6,2.3,1.0,6.8,31.0,13.3,3.5,32.2,11.2,11.1,24.9,58.4,170.8,281.4,285.6,168.6,76.5,52.5,15.3,94.4,737.8,297.5,42.3
INDIA,1920,17.0,18.4,22.9,26.5,27.8,28.5,26.4,26.1,26.4,25.0,20.9,17.4,25.7,27.0,24.1,17.8,10.1,11.4,15.8,19.6,21.3,23.3,22.5,22.4,22.0,19.2,14.2,10.5,18.9,22.7,18.5,10.9,24.0,25.4,30.1,33.5,34.3,33.8,30.4,29.9,30.9,30.9,27.6,24.3,32.7,31.4,29.8,24.8,1.3,1.3,2.0,1.9,3.3,7.3,11.3,9.1,6.6,2.7,1.1,0.3,7.3,27.7,10.3,2.8,15.4,11.6,23.0,25.7,51.6,152.8,275.0,166.2,121.4,49.3,29.0,1.6,100.3,594.0,199.7,33.1
INDIA,1921,17.4,18.7,24.6,28.1,30.6,28.7,27.2,25.8,25.3,23.5,19.6,17.7,27.8,27.2,22.8,17.9,10.5,11.6,17.4,21.1,24.2,23.5,23.3,22.1,20.8,17.7,13.0,10.8,20.9,23.0,17.2,10.9,24.4,25.8,31.8,35.1,37.1,33.9,31.3,29.5,29.7,29.3,26.3,24.6,34.6,31.6,28.4,24.9,1.7,0.8,1.0,2.3,2.2,7.4,11.7,11.2,7.9,3.4,1.3,0.6,5.5,30.3,12.6,3.1,27.5,4.0,9.7,42.6,30.4,167.6,304.9,255.8,187.7,68.2,19.2,7.1,82.8,728.4,275.1,32.9
INDIA,1922,16.5,19.4,23.8,27.6,29.6,28.2,26.5,25.9,25.3,23.6,20.0,16.4,27.0,26.9,23.0,17.1,9.6,12.2,16.5,20.7,23.1,23.1,22.5,22.2,20.9,17.8,13.5,9.6,20.1,22.6,17.4,10.1,23.5,26.6,31.1,34.6,36.1,33.4,30.5,29.6,29.8,29.4,26.7,23.3,33.9,31.2,28.6,24.1,1.5,1.0,0.7,1.8,2.7,7.8,12.1,10.2,8.3,3.0,2.2,0.9,5.2,30.1,13.5,3.7,19.1,6.7,7.4,17.4,45.6,202.3,291.1,207.9,221.0,56.6,53.9,12.5,70.3,701.3,331.5,51.8
INDIA,1923,16.7,18.1,23.1,27.3,29.0,30.2,26.4,25.6,25.6,23.4,20.0,17.4,26.5,27.4,23.0,17.7,9.7,11.2,15.8,20.4,22.5,25.1,22.5,21.9,21.2,17.6,13.5,10.5,19.6,23.1,17.4,10.8,23.7,25.1,30.5,34.3,35.5,35.5,30.4,29.4,30.1,29.3,26.6,24.2,33.4,31.8,28.7,24.7,0.9,1.9,1.2,1.7,3.1,5.4,12.2,10.8,7.7,3.0,1.1,1.0,6.0,28.4,11.7,3.6,10.8,28.5,17.0,27.5,42.1,112.1,314.7,256.8,171.2,58.2,13.4,13.6,86.7,683.7,242.8,42.1
INDIA,1924,16.7,19.2,24.3,27.9,28.7,29.9,26.8,26.1,25.2,23.7,19.5,17.0,26.9,27.6,22.8,16.7,9.8,12.1,16.9,20.9,22.2,24.8,22.9,22.4,20.8,17.9,12.9,10.3,20.0,23.3,17.2,9.8,23.6,26.3,31.7,34.9,35.2,35.1,30.8,29.8,29.6,29.5,26.1,23.9,33.9,31.9,28.4,23.6,1.4,1.2,1.0,1.7,3.2,6.2,11.7,11.6,9.2,3.3,2.0,0.8,5.9,29.5,14.5,2.3,18.3,10.3,7.9,22.5,52.4,129.3,294.4,266.0,236.4,64.6,42.4,12.1,82.8,689.6,343.3,24.0
INDIA,1925,15.4,17.5,23.2,27.9,28.4,27.5,25.8,26.1,26.0,24.4,20.0,16.8,26.5,26.5,23.5,17.9,8.6,10.5,15.9,21.0,22.0,22.3,21.8,22.4,21.6,18.6,13.4,9.9,19.6,22.2,17.9,10.9,22.3,24.6,30.5,34.9,34.9,32.8,29.8,29.9,30.5,30.2,26.7,23.7,33.4,30.8,29.1,24.9,0.8,0.7,1.1,2.0,4.2,7.8,12.2,10.8,6.6,3.3,2.1,0.9,7.4,30.8,12.0,3.1,7.4,4.6,11.5,38.3,78.9,183.6,310.6,234.2,122.4,68.4,43.2,18.3,128.8,728.5,234.0,43.1
INDIA,1926,17.0,19.7,22.5,25.2,28.2,30.3,27.1,25.9,25.5,23.8,19.0,16.8,25.3,27.8,22.7,17.1,10.1,12.7,15.3,18.2,21.7,25.1,23.1,22.2,21.1,18.0,12.3,10.0,18.4,23.5,17.1,10.2,24.0,26.9,29.7,32.2,34.7,35.6,31.1,29.7,30.0,29.6,25.6,23.7,32.2,32.1,28.4,24.1,1.5,0.7,2.3,2.3,3.5,5.4,12.4,12.2,8.1,3.1,0.9,0.7,8.1,30.0,12.1,3.2,20.2,4.6,37.3,29.3,54.8,95.4,324.6,315.9,187.2,57.0,13.9,6.1,121.4,735.9,258.1,36.4
INDIA,1927,16.4,18.1,22.3,26.8,28.8,28.7,26.3,25.8,25.8,24.1,19.3,17.5,26.0,26.9,23.1,17.7,9.6,11.1,15.0,19.9,22.3,23.6,22.4,22.0,21.4,18.3,12.7,10.6,19.1,22.6,17.4,10.8,23.3,25.2,29.6,33.8,35.3,33.9,30.4,29.5,30.2,29.9,26.0,24.5,32.9,31.3,28.7,24.8,0.9,1.7,1.7,1.8,3.1,7.8,12.1,10.5,7.7,3.3,2.5,0.7,6.6,30.4,13.4,3.6,9.8,20.6,23.0,20.2,45.5,190.6,318.9,223.9,152.7,66.0,48.9,7.7,88.6,733.5,267.6,44.2
INDIA,1928,16.7,19.0,23.2,26.9,29.9,28.5,26.5,26.4,25.8,24.3,20.5,17.0,26.7,27.1,23.5,17.2,9.8,11.8,15.9,19.9,23.4,23.4,22.5,22.6,21.4,18.5,13.8,10.1,19.7,22.8,17.9,10.2,23.7,26.1,30.5,34.0,36.4,33.7,30.5,30.1,30.3,30.1,27.2,24.0,33.6,31.4,29.2,24.2,1.1,1.8,1.3,2.2,2.9,6.7,12.2,10.5,7.1,4.5,1.6,1.2,6.4,29.4,13.2,3.7,12.8,23.6,11.1,29.6,46.7,142.6,294.3,210.9,151.3,120.1,20.7,18.8,87.4,647.8,292.2,47.1
INDIA,1929,16.6,17.8,23.9,26.9,29.8,28.5,26.4,25.7,26.0,23.8,20.4,16.6,26.9,26.9,23.4,17.0,9.7,10.7,16.6,20.0,23.4,23.4,22.4,22.0,21.6,18.0,13.7,9.7,20.0,22.6,17.7,10.0,23.6,25.0,31.2,33.9,36.3,33.7,30.4,29.5,30.5,29.7,27.0,23.5,33.8,31.2,29.1,24.0,1.3,1.2,1.1,2.5,3.4,7.4,11.5,10.6,7.1,3.9,1.3,1.5,7.0,29.4,12.3,3.7,16.7,11.6,11.2,41.4,57.6,168.8,288.6,214.2,139.6,91.2,21.8,20.6,110.2,671.5,252.7,45.8
INDIA,1930,16.3,18.1,23.3,26.5,29.1,28.5,26.1,25.9,25.9,24.3,19.6,17.3,26.3,26.8,23.3,17.7,9.4,11.0,16.1,19.6,22.6,23.4,22.1,22.2,21.5,18.5,13.1,10.4,19.4,22.5,17.7,10.8,23.3,25.3,30.6,33.5,35.6,33.7,30.2,29.6,30.4,30.2,26.2,24.2,33.3,31.2,28.9,24.7,1.1,1.2,1.4,2.0,3.3,7.3,11.8,9.6,7.9,4.2,1.9,0.9,6.7,28.7,14.1,3.1,12.7,12.5,14.1,26.0,57.2,159.3,284.6,178.2,165.1,106.7,43.5,11.6,97.3,622.1,315.4,33.7
INDIA,1931,17.5,18.4,22.8,28.0,29.5,29.6,26.7,26.3,25.5,23.8,19.8,17.2,26.8,27.5,23.0,17.5,10.6,11.3,15.5,21.1,23.1,24.4,22.7,22.6,21.1,18.0,13.2,10.4,19.9,23.3,17.4,10.6,24.5,25.5,30.1,35.0,36.0,34.8,30.7,30.1,30.0,29.6,26.5,24.1,33.7,31.9,28.7,24.5,0.7,1.4,1.3,1.9,3.2,6.1,12.4,11.3,8.2,4.5,2.2,1.1,6.4,29.9,15.0,3.0,6.0,16.1,13.8,33.2,46.4,124.5,321.7,268.2,195.4,113.7,43.5,21.7,93.4,714.5,352.6,38.9
INDIA,1932,17.5,17.9,23.0,26.9,28.8,29.3,26.6,26.0,25.8,24.4,20.2,17.0,26.3,27.3,23.5,17.4,10.5,10.8,15.8,19.9,22.4,24.2,22.7,22.3,21.4,18.6,13.7,10.1,19.4,23.0,17.9,10.5,24.4,25.0,30.4,34.0,35.3,34.5,30.6,29.7,30.3,30.3,26.8,23.9,33.2,31.6,29.1,24.4,0.5,1.4,1.3,1.9,3.5,6.4,12.4,10.7,7.6,3.8,2.3,0.8,6.7,29.5,13.6,3.3,4.0,13.2,13.3,30.8,67.1,131.4,334.3,228.3,166.8,81.0,50.6,10.5,111.2,693.9,298.4,35.2
INDIA,1933,16.0,19.3,23.1,25.9,27.5,27.9,26.5,25.4,25.2,23.7,20.1,17.2,25.5,26.6,23.0,17.3,9.0,12.2,15.7,19.0,21.0,22.7,22.5,21.7,20.8,17.9,13.4,10.4,18.6,22.3,17.3,10.4,23.0,26.4,30.5,32.9,34.0,33.1,30.5,29.2,29.8,29.6,26.8,24.1,32.5,30.9,28.7,24.3,0.9,1.5,1.3,2.5,4.4,8.3,11.9,12.8,8.2,4.2,1.4,1.0,8.1,33.0,13.8,3.2,9.9,14.8,12.6,37.1,86.3,193.0,278.2,342.5,205.6,98.9,20.7,17.3,136.1,813.8,325.1,44.9
INDIA,1934,15.6,19.1,22.5,27.1,29.2,28.4,26.4,25.7,25.6,23.4,19.4,17.2,26.2,26.9,22.8,17.2,8.7,12.1,15.2,20.2,22.7,23.3,22.5,22.0,21.2,17.6,12.8,10.3,19.3,22.6,17.2,10.3,22.6,26.2,29.8,34.1,35.7,33.7,30.4,29.5,30.1,29.3,26.0,24.2,33.2,31.2,28.5,24.3,1.4,0.8,1.1,1.9,2.8,7.7,11.9,11.7,7.2,3.2,1.9,0.8,5.9,31.3,12.3,3.6,19.7,7.9,13.0,28.2,52.4,172.0,278.4,291.7,178.2,71.0,30.5,8.7,93.6,742.2,279.6,42.9
INDIA,1935,15.7,18.8,23.0,25.2,29.8,29.3,26.3,25.6,25.3,23.9,20.2,17.2,26.0,27.1,23.1,17.4,8.7,11.8,15.7,18.3,23.4,24.1,22.3,21.9,20.9,18.0,13.5,10.3,19.1,22.8,17.5,10.5,22.7,25.9,30.3,32.3,36.4,34.6,30.4,29.4,29.8,29.9,26.9,24.2,33.0,31.4,28.9,24.4,1.4,1.4,1.1,2.3,2.2,7.3,12.2,10.8,7.8,3.0,1.2,0.8,5.6,30.3,12.0,3.5,21.2,13.0,8.3,33.0,25.8,158.6,305.7,248.6,173.7,59.0,16.0,8.5,67.2,712.9,248.7,40.3
INDIA,1936,16.4,18.7,22.8,26.7,29.9,27.1,26.4,25.9,25.6,23.9,20.5,17.1,26.4,26.5,23.4,17.3,9.4,11.6,15.5,19.7,23.5,22.0,22.4,22.2,21.2,18.1,13.9,10.3,19.6,22.2,17.7,10.4,23.4,25.8,30.1,33.6,36.4,32.4,30.4,29.6,30.2,29.7,27.2,24.0,33.4,30.8,29.0,24.3,0.8,1.9,1.7,1.8,3.8,8.9,11.6,10.5,8.3,3.3,2.4,1.2,7.2,30.9,14.0,4.0,5.3,26.5,20.9,24.3,74.4,230.5,271.1,218.3,196.7,74.8,51.0,15.3,119.6,719.9,322.6,51.2
INDIA,1937,15.9,19.0,22.1,26.1,29.1,29.0,26.3,26.2,25.9,23.5,20.2,16.4,25.8,27.2,23.2,17.1,9.0,12.0,14.9,19.1,22.7,23.9,22.3,22.6,21.4,17.7,13.5,9.6,18.9,22.9,17.6,10.2,22.9,26.0,29.5,33.1,35.6,34.2,30.3,30.0,30.4,29.4,26.8,23.3,32.7,31.5,28.9,24.1,0.5,2.3,1.4,2.8,3.0,7.4,12.3,9.5,8.0,4.1,1.1,0.9,7.2,29.2,13.2,3.6,3.3,32.6,16.0,48.3,52.3,163.1,305.6,190.4,182.5,98.4,21.1,9.4,116.6,659.1,302.1,42.6
INDIA,1938,17.1,17.7,24.0,27.6,29.8,27.0,26.3,26.2,26.1,24.1,19.2,16.9,27.1,26.5,23.1,17.7,10.2,10.6,16.9,20.6,23.4,21.9,22.4,22.5,21.7,18.3,12.6,10.1,20.3,22.3,17.5,10.8,24.1,24.9,31.2,34.6,36.2,32.2,30.3,30.0,30.6,29.9,25.8,23.8,34.0,30.9,28.8,24.7,1.3,1.4,1.4,1.9,3.3,8.7,11.8,11.2,7.2,3.8,1.2,0.5,6.6,31.7,12.1,2.9,19.1,14.1,14.2,23.5,61.7,231.6,286.3,261.5,153.8,74.8,15.2,4.7,99.5,779.4,243.7,29.0
INDIA,1939,17.2,19.0,21.7,26.3,29.8,28.3,26.4,26.4,25.7,24.4,19.9,17.2,25.9,27.0,23.3,17.5,10.3,11.9,14.4,19.4,23.3,23.1,22.4,22.7,21.3,18.7,13.3,10.4,19.0,22.8,17.7,10.5,24.2,26.1,29.0,33.2,36.3,33.5,30.4,30.2,30.2,30.3,26.5,24.1,32.8,31.4,29.0,24.5,1.0,1.4,1.6,1.9,2.2,7.0,11.6,10.5,7.2,3.7,1.5,0.3,5.7,29.1,12.4,2.8,10.4,13.9,20.4,27.2,37.5,149.6,274.3,241.6,140.7,95.1,33.8,1.8,85.0,665.4,269.6,28.7
INDIA,1940,16.5,18.8,21.8,26.4,29.4,28.8,26.6,25.8,25.7,24.3,20.9,17.2,25.8,27.1,23.6,17.8,9.5,11.7,14.7,19.4,22.9,23.6,22.6,22.1,21.3,18.5,14.3,10.4,19.0,22.8,18.0,10.8,23.5,25.9,28.9,33.4,35.9,34.0,30.6,29.6,30.2,30.2,27.5,24.1,32.7,31.4,29.3,24.8,0.9,1.6,1.9,2.0,3.7,8.0,11.5,11.5,6.5,3.4,1.9,1.0,7.7,31.0,11.7,3.6,8.8,18.1,30.6,33.9,68.1,190.8,285.9,283.1,123.1,71.7,40.5,12.3,132.7,759.7,235.3,41.6
INDIA,1941,16.7,19.4,24.4,28.3,30.0,28.5,27.1,26.6,26.1,25.1,20.4,18.2,27.6,27.4,23.9,17.9,9.8,12.3,17.2,21.4,23.6,23.4,23.1,22.9,21.6,19.4,13.8,11.4,20.7,23.1,18.2,11.0,23.6,26.5,31.6,35.3,36.5,33.7,31.2,30.4,30.6,31.0,27.1,25.1,34.5,31.8,29.6,24.9,1.4,1.1,1.3,1.7,3.4,7.3,10.7,10.1,7.4,3.1,1.4,1.1,6.5,28.2,11.9,4.1,18.3,11.0,12.0,28.7,61.2,163.4,256.9,212.9,144.0,67.1,25.8,16.8,101.9,633.2,237.0,54.3
INDIA,1942,16.4,19.1,23.8,27.7,29.9,29.5,26.2,25.7,25.3,24.0,20.5,16.9,27.1,27.1,23.3,17.5,9.5,12.0,16.6,20.7,23.5,24.4,22.2,22.0,20.8,18.2,13.9,10.0,20.3,22.8,17.6,10.5,23.4,26.3,31.1,34.7,36.4,34.7,30.2,29.5,29.8,29.9,27.2,23.8,34.1,31.5,29.0,24.4,1.1,1.9,1.2,2.6,3.3,7.3,12.4,11.6,7.8,2.3,1.0,1.2,7.1,31.3,11.2,3.8,14.0,23.5,12.5,38.8,51.4,154.9,345.2,296.4,180.9,39.0,12.5,22.4,102.8,796.5,232.4,58.5
INDIA,1943,17.2,18.3,23.4,26.1,29.2,28.1,26.2,25.6,25.7,23.7,20.8,17.3,26.2,26.6,23.4,17.4,10.4,11.2,16.2,19.2,22.8,22.9,22.3,21.9,21.2,17.9,14.0,10.4,19.4,22.4,17.7,10.4,24.1,25.4,30.6,33.1,35.8,33.3,30.3,29.3,30.2,29.6,27.5,24.3,33.1,31.0,29.1,24.3,1.8,0.8,1.2,2.7,3.7,7.0,12.2,10.3,8.1,4.0,1.3,0.4,7.6,29.5,13.4,3.7,28.0,8.1,14.0,48.2,67.4,143.3,305.7,213.4,188.6,102.2,20.6,4.0,129.7,662.4,311.4,49.6
INDIA,1944,16.5,18.2,22.1,25.9,30.0,28.8,26.3,26.0,25.6,23.7,20.3,17.9,26.0,27.0,23.2,17.2,9.6,11.2,14.9,19.0,23.5,23.6,22.3,22.2,21.2,17.9,13.6,10.9,19.1,22.7,17.5,10.2,23.4,25.3,29.5,32.9,36.5,34.0,30.4,29.9,30.1,29.6,27.0,24.8,33.0,31.4,28.9,24.2,1.5,1.8,2.3,2.0,2.7,7.3,12.5,11.6,7.0,4.0,1.5,0.8,7.1,31.5,12.5,3.1,20.2,25.4,40.9,30.1,39.0,160.1,332.7,286.8,146.1,93.0,29.0,11.2,110.1,779.6,268.0,41.1
INDIA,1945,15.6,18.0,23.3,25.9,29.1,29.1,26.4,26.2,25.6,23.6,19.6,16.0,26.1,27.2,22.9,17.5,8.7,10.9,16.1,19.0,22.7,23.9,22.4,22.5,21.1,17.8,13.0,9.2,19.2,22.9,17.3,10.5,22.6,25.1,30.6,32.9,35.6,34.3,30.4,30.0,30.1,29.4,26.3,22.9,33.1,31.6,28.6,24.5,1.6,0.8,1.0,2.5,2.9,7.1,12.6,10.9,8.0,3.7,1.1,0.6,6.4,30.5,12.8,2.1,23.4,6.5,7.6,39.0,48.3,152.2,335.5,242.0,204.2,84.7,20.9,5.5,94.9,729.8,309.8,20.5
INDIA,1946,16.8,19.7,23.1,27.4,29.3,28.1,26.5,25.9,25.8,24.5,20.3,17.5,26.6,26.8,23.5,17.6,9.8,12.6,15.8,20.4,22.8,23.0,22.5,22.2,21.2,18.7,13.6,10.6,19.7,22.5,17.8,10.6,23.9,26.8,30.4,34.4,35.7,33.3,30.5,29.8,30.3,30.3,27.0,24.5,33.5,31.2,29.2,24.7,0.3,1.2,1.3,2.3,3.6,7.8,12.2,11.6,6.7,3.8,2.6,1.3,7.2,31.6,13.1,3.8,2.5,12.5,16.1,38.5,61.2,183.2,304.4,290.7,140.5,84.5,67.7,26.4,115.8,778.3,292.8,57.0
INDIA,1947,16.5,18.9,23.6,27.6,29.9,29.6,26.8,26.5,25.5,23.2,20.6,17.4,27.0,27.6,23.1,17.7,9.5,11.7,16.3,20.6,23.5,24.4,22.8,22.7,21.0,17.4,13.9,10.5,20.1,23.3,17.4,10.7,23.5,26.1,30.9,34.6,36.4,34.8,30.8,30.2,30.0,29.0,27.3,24.4,34.0,31.9,28.8,24.7,1.2,1.2,1.6,1.9,2.8,6.2,12.4,12.5,9.0,3.6,0.8,1.2,6.3,31.1,13.4,4.2,18.0,12.5,21.4,28.7,45.2,122.2,307.7,304.6,251.0,71.9,7.2,15.3,95.3,734.5,330.0,55.2
INDIA,1948,16.9,18.7,22.6,27.6,30.0,29.1,26.8,25.9,25.7,24.5,20.3,16.7,26.7,27.3,23.5,17.5,9.9,11.6,15.4,20.7,23.6,24.0,22.8,22.1,21.2,18.7,13.7,9.8,19.9,23.0,17.9,10.5,23.9,25.8,29.9,34.6,36.5,34.3,30.8,29.7,30.2,30.3,27.0,23.6,33.7,31.6,29.2,24.6,1.5,1.5,1.7,2.1,3.3,7.0,12.1,11.5,7.4,3.4,2.8,0.7,7.0,30.7,13.6,2.7,21.4,18.4,19.9,38.9,68.7,143.1,301.1,269.2,163.9,67.1,61.1,6.1,127.5,713.4,292.1,26.6
INDIA,1949,17.4,18.5,23.4,27.2,29.4,28.4,26.5,26.1,25.9,24.2,19.3,16.5,26.7,27.0,23.1,17.1,10.4,11.4,16.1,20.3,23.0,23.2,22.5,22.4,21.4,18.3,12.5,9.5,19.8,22.7,17.4,10.0,24.4,25.7,30.7,34.2,35.9,33.6,30.5,29.9,30.4,30.0,26.0,23.6,33.6,31.3,28.8,24.2,0.9,1.2,1.2,2.2,4.0,6.9,12.2,11.1,8.6,4.2,1.0,0.3,7.3,30.2,13.7,3.1,8.1,12.4,13.7,38.9,74.8,148.1,316.9,250.2,217.6,95.6,11.0,2.1,127.5,715.2,324.1,31.2
INDIA,1950,17.0,17.6,22.2,26.5,29.5,28.8,26.2,25.9,25.4,23.7,19.3,16.3,26.1,27.0,22.8,16.9,10.0,10.5,14.9,19.4,23.0,23.6,22.2,22.2,20.9,17.9,12.7,9.4,19.1,22.7,17.2,9.8,24.1,24.8,29.6,33.6,36.1,34.0,30.2,29.7,30.0,29.5,26.0,23.3,33.1,31.3,28.5,24.0,1.1,1.6,1.8,1.3,3.3,6.5,12.4,10.9,8.2,3.0,1.4,0.6,6.4,29.7,12.7,2.3,12.1,17.1,24.0,14.3,45.1,139.8,334.4,235.0,187.9,58.1,25.8,5.8,83.4,709.2,271.7,19.7
INDIA,1951,16.0,18.4,23.0,25.7,29.1,28.6,27.2,26.2,26.3,25.6,21.1,17.4,25.9,27.3,24.3,18.2,9.0,11.1,15.7,18.7,22.5,23.4,23.2,22.4,21.7,19.7,14.5,10.4,19.0,23.0,18.6,11.2,23.1,25.7,30.3,32.8,35.7,33.8,31.3,30.0,30.8,31.4,27.8,24.3,32.9,31.7,30.0,25.4,0.9,0.8,1.9,2.3,3.4,7.3,11.9,10.6,6.9,3.5,2.0,0.4,7.6,29.8,12.5,2.6,9.4,4.6,28.9,37.9,54.6,154.0,282.1,225.5,135.3,75.5,33.5,3.3,121.5,661.6,244.3,23.6
INDIA,1952,17.3,20.1,22.7,27.7,29.7,28.7,26.7,25.7,26.0,24.4,20.0,17.7,26.7,27.1,23.4,18.1,10.2,12.9,15.4,20.7,23.2,23.5,22.7,22.0,21.5,18.6,13.4,10.7,19.8,22.8,17.8,11.1,24.4,27.3,30.1,34.7,36.2,34.0,30.7,29.5,30.5,30.2,26.7,24.7,33.6,31.4,29.1,25.2,0.8,1.4,1.6,2.0,3.3,7.4,11.5,10.9,6.1,3.3,0.7,1.1,6.9,29.8,10.1,3.3,7.1,13.2,21.0,32.5,57.5,155.0,264.2,225.7,112.9,80.3,7.4,20.0,111.0,645.0,200.6,48.0
INDIA,1953,16.4,20.2,25.1,27.5,30.0,29.3,26.7,25.9,25.7,24.0,20.0,18.2,27.5,27.3,23.3,18.0,9.4,13.0,18.0,20.5,23.5,24.2,22.7,22.1,21.3,18.2,13.3,11.3,20.7,23.0,17.6,11.0,23.4,27.4,32.3,34.6,36.5,34.6,30.7,29.7,30.3,29.9,26.7,25.1,34.5,31.7,29.0,25.1,1.4,0.8,1.2,2.2,2.4,7.7,12.0,11.5,7.6,3.9,0.9,0.5,5.8,31.1,12.4,3.6,20.7,7.3,13.1,35.5,39.7,183.0,301.9,278.4,166.9,94.9,12.0,3.0,88.2,763.3,273.8,40.6
INDIA,1954,16.0,19.8,23.3,27.7,30.2,28.9,26.6,26.3,25.5,22.8,19.6,17.1,27.1,27.3,22.6,17.7,9.0,12.7,15.9,20.7,23.7,23.8,22.7,22.6,21.0,17.0,12.9,10.3,20.1,23.0,16.9,10.7,23.0,27.0,30.8,34.8,36.7,34.0,30.6,30.1,30.0,28.7,26.5,24.0,34.1,31.6,28.4,24.7,1.5,1.6,1.5,1.7,3.0,7.2,12.2,11.4,8.7,3.7,0.6,1.0,6.2,30.8,13.1,3.0,17.8,19.9,14.9,26.6,50.7,166.0,305.2,263.9,222.8,79.6,2.9,14.7,92.3,735.0,305.3,36.7
INDIA,1955,16.7,19.3,24.2,25.9,28.7,28.7,26.6,25.6,25.6,23.6,19.5,16.9,26.3,27.0,22.9,17.4,10.0,11.9,16.9,18.8,22.5,23.7,22.7,22.1,21.4,18.1,12.6,10.0,19.4,22.8,17.4,10.3,23.4,26.8,31.6,33.1,35.0,33.7,30.6,29.2,29.8,29.1,26.3,23.8,33.2,31.2,28.4,24.5,1.2,0.8,1.6,2.3,3.5,7.6,10.8,12.4,8.6,4.9,1.3,0.6,7.3,30.9,14.8,2.9,17.5,4.5,18.6,34.1,64.5,161.1,256.9,310.7,223.1,133.5,27.0,10.6,117.3,728.6,383.6,31.0
INDIA,1956,16.7,18.5,23.5,27.5,29.7,27.6,25.5,25.6,25.6,23.4,19.6,17.2,26.9,26.2,22.9,17.2,9.8,10.9,16.3,20.5,23.4,22.8,21.7,21.9,21.2,18.0,13.0,10.5,20.0,22.2,17.4,10.4,23.5,26.2,30.8,34.6,36.1,32.5,29.4,29.2,30.0,28.8,26.3,24.0,33.8,30.4,28.4,24.1,1.4,0.9,1.5,2.0,3.6,8.4,13.0,11.4,7.8,4.8,2.1,0.9,7.1,32.8,14.8,3.4,13.6,6.8,20.2,30.6,75.7,209.9,342.3,264.8,181.0,131.6,44.2,9.4,126.5,817.0,356.8,40.2
INDIA,1957,16.6,17.8,22.0,26.3,28.6,28.7,26.7,26.1,25.6,24.2,20.8,17.8,25.6,27.2,23.5,18.3,10.0,10.6,14.8,19.3,22.1,23.5,22.9,22.4,21.1,18.4,14.0,11.0,18.8,22.9,17.8,11.4,23.2,25.0,29.2,33.3,35.2,34.0,30.5,29.8,30.2,30.0,27.6,24.7,32.5,31.4,29.3,25.3,1.6,0.9,2.0,2.1,3.3,7.3,11.7,11.5,6.3,3.3,1.7,0.8,7.3,30.5,11.3,3.0,23.6,7.1,21.4,27.0,50.9,152.6,281.9,259.4,110.5,66.9,28.0,10.9,99.2,693.8,205.5,32.3
INDIA,1958,17.9,19.2,23.8,28.1,29.6,29.9,26.6,26.2,25.5,24.0,20.7,17.9,27.2,27.6,23.4,17.8,11.0,12.1,16.3,21.1,23.2,24.6,22.9,22.6,21.4,18.4,14.1,11.1,20.2,23.3,18.0,10.9,24.9,26.3,31.3,35.1,36.0,35.4,30.4,29.9,29.8,29.7,27.4,24.7,34.2,31.9,29.0,24.7,1.2,1.0,1.3,2.2,3.3,6.1,12.5,11.9,8.1,4.2,1.8,0.8,6.8,30.5,14.1,3.6,11.9,9.4,13.0,34.5,55.4,101.2,326.9,291.7,195.2,98.5,34.9,7.6,102.8,719.8,328.6,39.2
INDIA,1959,16.9,18.6,23.7,27.4,29.3,28.8,26.2,25.8,25.5,24.3,20.1,17.5,26.8,26.9,23.3,18.0,10.1,11.5,16.0,20.4,23.0,23.8,22.4,22.2,21.3,19.0,13.4,10.4,19.8,22.8,17.9,10.7,23.8,25.8,31.3,34.4,35.7,33.9,30.0,29.5,29.7,29.7,26.9,24.6,33.8,31.1,28.8,25.4,1.6,1.2,1.1,2.1,3.8,7.8,12.5,11.3,8.4,4.2,1.5,0.6,7.1,31.6,14.1,1.9,20.7,10.9,12.2,34.1,70.0,190.1,337.6,257.4,219.9,113.3,23.9,4.9,116.3,785.1,357.2,20.2
INDIA,1960,16.4,20.2,22.4,26.7,29.3,28.9,26.5,26.1,26.0,23.9,19.8,17.6,26.1,27.2,23.2,17.5,9.3,12.5,15.2,19.6,22.8,23.7,22.7,22.5,21.6,18.1,12.8,10.5,19.2,23.0,17.5,10.5,23.5,28.0,29.6,33.9,35.9,34.2,30.4,29.7,30.4,29.8,26.8,24.8,33.1,31.4,29.0,24.5,0.9,0.4,1.8,1.6,3.4,7.0,12.4,10.5,7.6,3.6,1.6,0.7,6.9,29.9,12.7,3.8,11.8,3.5,23.0,19.0,50.5,135.0,313.2,223.0,160.3,67.7,37.2,6.1,92.5,671.3,265.2,50.0
INDIA,1961,17.2,17.6,23.9,27.0,29.2,28.1,26.2,26.0,25.5,23.6,19.5,15.9,26.7,26.8,22.8,16.8,10.4,10.7,16.7,19.9,22.8,23.0,22.4,22.4,21.3,17.9,13.1,8.9,19.8,22.6,17.4,9.6,24.1,24.5,31.1,34.2,35.6,33.3,30.1,29.7,29.7,29.3,25.9,22.9,33.6,31.0,28.3,24.0,1.5,1.7,1.1,2.0,3.8,7.9,12.2,11.7,8.1,4.5,1.5,0.7,6.9,31.8,14.2,3.4,23.2,20.7,10.3,21.8,70.5,201.3,322.2,280.6,208.8,113.4,16.4,7.6,102.7,804.1,338.7,38.6
INDIA,1962,15.5,18.9,22.8,27.0,29.0,28.9,26.9,26.0,25.3,23.4,20.0,17.1,26.2,27.3,22.9,17.6,8.3,11.7,15.3,20.0,22.5,23.6,23.0,22.3,21.1,17.4,13.1,10.3,19.3,23.0,17.2,10.3,22.9,26.1,30.3,34.0,35.5,34.2,30.9,29.7,29.6,29.4,26.9,23.8,33.3,31.6,28.6,24.9,1.3,1.4,1.5,2.2,3.5,6.1,12.0,11.5,9.0,3.5,1.2,1.7,7.2,29.6,13.7,3.5,15.4,15.5,16.0,35.2,62.3,123.6,294.2,260.3,226.6,85.1,16.7,27.1,113.5,678.1,328.4,44.6
INDIA,1963,16.0,19.7,22.8,26.1,28.4,28.3,27.0,25.9,25.6,24.4,21.0,17.4,25.8,27.1,23.7,17.4,8.7,12.0,15.4,19.2,21.9,23.2,23.0,22.3,21.1,18.6,14.7,10.4,18.9,22.8,18.1,10.3,23.5,27.4,30.3,33.1,34.9,33.5,31.1,29.5,30.2,30.2,27.4,24.6,32.8,31.4,29.3,24.6,0.8,1.0,2.0,2.6,3.2,6.8,11.3,12.1,7.4,4.1,1.6,0.8,7.8,30.2,13.2,2.6,9.8,7.7,21.9,38.9,47.6,152.8,275.7,294.3,164.5,106.7,22.4,12.3,108.3,722.9,293.6,24.1
INDIA,1964,15.9,19.0,24.2,27.6,28.9,28.6,26.1,25.9,25.5,24.1,19.7,17.0,26.9,26.9,23.1,17.7,8.8,11.7,16.7,20.7,22.3,23.3,22.2,22.2,21.1,18.3,12.8,9.9,19.9,22.6,17.4,10.6,23.0,26.3,31.8,34.6,35.5,33.9,30.0,29.7,29.9,30.0,26.6,24.1,33.9,31.2,28.8,24.9,0.7,1.0,1.2,2.0,3.2,7.3,13.2,11.5,8.5,3.3,1.4,0.7,6.4,32.0,13.2,3.1,4.7,7.1,12.7,28.3,47.8,139.9,349.7,291.3,198.2,74.8,26.7,7.8,88.9,780.9,299.7,27.8
INDIA,1965,17.5,18.8,22.4,25.9,28.9,29.2,26.6,26.0,25.6,24.6,20.9,17.3,25.7,27.2,23.7,18.3,10.3,11.6,15.0,19.0,22.5,23.9,22.6,22.1,21.0,18.7,14.1,10.3,18.8,22.9,17.9,11.1,24.7,26.0,29.9,32.8,35.4,34.5,30.6,29.9,30.2,30.5,27.8,24.3,32.7,31.7,29.5,25.5,0.9,1.4,1.5,2.4,2.8,6.3,12.1,10.7,7.0,2.5,1.4,1.1,6.6,29.0,10.9,3.4,7.5,12.5,15.4,29.3,36.6,115.2,308.9,228.0,134.8,36.6,19.6,21.9,81.3,652.1,191.1,46.0
INDIA,1966,17.1,20.5,23.2,27.1,29.3,28.5,27.4,26.1,25.6,24.3,20.9,16.8,26.5,27.3,23.6,17.6,10.0,13.1,15.6,20.0,22.6,23.4,23.2,22.4,21.0,18.3,14.5,9.7,19.4,23.0,18.0,10.3,24.3,27.9,30.8,34.2,36.0,33.7,31.6,29.9,30.2,30.4,27.4,24.0,33.7,31.7,29.3,25.0,1.2,1.1,1.2,1.8,3.3,7.1,11.5,10.4,7.6,3.2,2.4,1.1,6.2,29.0,13.1,2.8,14.9,9.2,9.3,17.5,51.0,154.9,267.9,214.0,155.5,61.0,56.8,17.0,77.9,636.8,273.4,32.5
INDIA,1967,16.2,19.8,22.2,26.3,29.1,28.8,26.6,25.7,25.3,23.8,20.1,17.7,25.9,27.0,23.1,17.1,9.0,12.2,15.2,19.2,22.5,23.6,22.6,22.0,20.9,17.8,13.4,11.0,19.0,22.7,17.4,10.3,23.4,27.5,29.3,33.5,35.7,34.2,30.7,29.4,29.8,29.9,26.8,24.5,32.8,31.4,28.8,24.1,0.9,0.8,2.6,1.9,2.6,7.3,12.4,11.4,7.6,2.7,1.1,1.8,7.1,31.2,11.4,4.5,10.6,4.9,44.5,24.5,37.7,172.7,315.2,251.2,156.0,45.6,14.0,36.8,106.7,739.1,215.7,66.9
INDIA,1968,15.9,17.8,22.8,26.2,28.6,28.6,26.6,26.0,26.3,23.8,20.5,17.4,25.9,27.1,23.5,17.8,9.1,10.6,15.4,19.1,22.0,23.5,22.6,22.2,21.5,17.8,13.5,10.4,18.8,22.8,17.6,10.7,22.7,25.1,30.3,33.4,35.2,33.9,30.6,29.9,31.2,29.9,27.4,24.5,33.0,31.4,29.5,25.0,1.3,1.3,1.8,2.2,2.7,7.1,11.6,9.3,6.6,3.6,1.3,0.7,6.7,28.0,11.5,2.4,16.0,14.2,22.0,35.6,41.1,170.9,270.8,198.8,144.6,75.5,21.4,8.9,98.6,640.5,241.5,20.7
INDIA,1969,16.6,19.4,24.7,27.4,28.9,29.1,26.7,25.9,25.6,24.6,21.4,17.6,27.0,27.2,23.9,17.8,9.6,12.2,17.4,20.3,22.3,23.9,22.6,22.1,21.2,18.6,14.7,10.5,20.0,22.9,18.2,10.8,23.7,26.6,32.1,34.5,35.4,34.4,30.8,29.7,30.0,30.6,28.1,24.7,34.0,31.7,29.6,24.9,0.9,0.8,1.4,2.4,3.3,6.2,12.7,11.0,7.7,2.9,2.0,0.8,7.2,29.8,12.6,3.7,6.5,5.3,17.1,27.2,52.8,123.9,327.1,245.3,175.7,61.3,35.6,14.7,97.0,696.3,272.6,47.6
INDIA,1970,16.9,19.0,23.0,27.7,29.7,27.7,26.8,25.9,25.5,24.3,19.8,16.7,26.8,26.8,23.2,17.2,10.0,12.0,15.9,20.7,23.3,22.6,22.7,22.2,21.2,18.5,12.8,9.3,20.0,22.5,17.5,10.0,23.9,26.1,30.2,34.7,36.2,32.8,30.9,29.7,29.9,30.2,26.7,24.2,33.7,31.1,28.9,24.5,1.3,1.6,1.6,1.8,3.8,8.4,11.1,12.6,8.3,3.6,0.9,0.2,7.2,32.0,12.8,2.5,17.3,15.6,21.9,25.4,62.9,209.7,256.3,321.8,219.5,82.9,18.6,1.3,110.2,787.8,320.9,25.8
INDIA,1971,16.2,18.7,22.8,27.1,28.2,27.1,26.0,25.6,25.6,23.7,19.7,16.9,26.1,26.2,23.0,16.9,9.4,11.3,15.2,20.2,21.9,22.3,22.2,21.9,21.0,18.0,13.0,9.7,19.1,22.1,17.3,9.7,23.2,26.2,30.5,34.2,34.6,31.9,29.9,29.3,30.2,29.5,26.5,24.0,33.1,30.4,28.7,24.1,1.0,1.3,1.0,2.3,4.4,8.4,11.0,11.7,7.8,4.2,0.9,0.5,7.7,31.1,12.9,2.8,11.5,13.1,11.6,37.4,71.4,211.4,235.8,274.5,161.7,98.8,15.0,10.3,120.5,721.7,275.6,30.8
INDIA,1972,16.6,17.3,23.4,26.5,29.5,29.6,27.2,26.1,25.7,24.1,20.5,17.8,26.5,27.6,23.4,18.3,9.3,10.2,15.8,19.4,22.9,24.1,23.0,22.3,20.8,18.1,13.7,10.9,19.4,23.1,17.5,11.2,24.0,24.4,31.0,33.7,36.2,35.1,31.4,29.9,30.5,30.2,27.3,24.8,33.6,32.2,29.3,25.4,0.7,1.5,0.9,2.0,2.9,6.3,10.3,10.0,7.1,3.6,1.7,0.9,5.8,26.6,12.4,3.0,5.4,15.0,9.2,24.3,47.5,112.9,210.9,206.0,133.8,70.6,26.8,17.6,81.0,529.8,231.2,41.1
INDIA,1973,16.9,20.0,23.2,28.5,29.9,28.9,26.7,25.7,25.6,23.9,19.9,16.6,27.2,27.1,23.1,17.0,9.8,12.8,15.8,21.3,23.4,23.9,22.6,22.0,21.2,18.2,13.2,9.8,20.2,22.8,17.6,9.9,24.1,27.3,30.7,35.7,36.5,34.0,30.8,29.5,30.0,29.6,26.7,23.4,34.3,31.4,28.8,24.2,1.0,1.1,1.2,1.6,3.5,7.4,12.2,12.4,7.8,4.7,1.3,1.0,6.3,31.9,13.7,2.5,11.8,11.7,13.2,21.9,63.6,157.2,307.3,295.7,176.1,119.3,18.8,16.8,98.7,760.2,314.1,27.3
INDIA,1974,16.1,18.3,24.0,27.8,28.8,28.5,26.7,26.2,26.2,24.5,20.0,16.3,26.9,27.1,23.6,16.9,8.8,10.9,16.6,20.8,22.4,23.3,22.8,22.4,21.5,18.9,13.0,9.4,19.9,22.8,17.8,9.9,23.3,25.7,31.5,34.8,35.4,33.8,30.7,30.0,30.9,30.2,27.0,23.2,33.9,31.5,29.4,23.9,0.7,0.8,1.4,1.8,3.8,6.8,11.9,10.8,7.2,4.3,0.9,0.6,7.1,29.5,12.4,3.2,5.0,5.5,18.3,26.1,66.3,134.3,270.6,228.2,149.7,113.5,9.9,5.2,110.7,633.1,273.1,30.2
INDIA,1975,15.8,18.5,22.8,27.4,29.6,28.1,26.0,25.9,25.1,24.4,19.3,16.6,26.6,26.7,22.9,17.4,8.8,11.4,15.4,20.3,23.0,23.0,22.1,22.2,21.1,18.9,12.4,9.2,19.6,22.4,17.5,10.3,22.8,25.7,30.3,34.6,36.2,33.3,30.1,29.6,29.3,29.9,26.2,24.0,33.7,31.0,28.4,24.5,1.2,1.4,1.5,1.7,3.1,7.8,12.4,11.7,9.5,4.6,1.4,0.5,6.2,31.9,15.5,2.5,11.9,13.2,18.7,19.8,56.7,187.8,302.8,270.0,252.6,118.3,24.5,3.4,95.1,760.6,395.5,22.5
INDIA,1976,16.6,18.9,23.1,26.5,28.9,28.0,26.6,25.4,25.4,24.6,21.8,17.7,26.2,26.7,23.9,17.8,9.6,12.0,15.9,19.5,22.4,22.9,22.5,21.6,20.8,18.6,15.3,10.7,19.3,22.3,18.2,10.7,23.6,25.9,30.4,33.6,35.4,33.2,30.7,29.3,30.0,30.6,28.3,24.7,33.1,31.1,29.6,24.9,0.8,1.3,1.3,2.1,2.9,7.6,11.8,12.0,7.3,2.3,2.4,0.5,6.3,31.3,12.0,2.6,7.8,11.3,12.7,29.5,46.1,168.0,288.8,287.0,151.7,37.9,56.3,4.2,88.3,743.8,245.9,24.1
INDIA,1977,16.4,19.3,24.6,26.9,28.0,28.1,26.4,26.0,25.6,24.4,21.8,17.6,26.5,26.8,23.9,17.4,9.4,12.0,17.0,20.2,21.8,23.1,22.5,22.2,21.2,18.6,15.6,10.8,19.7,22.6,18.5,10.5,23.5,26.6,32.2,33.6,34.3,33.3,30.3,29.8,30.0,30.2,28.0,24.4,33.3,31.1,29.4,24.2,1.1,1.0,1.0,3.1,4.1,8.5,12.4,11.0,7.2,4.0,2.5,0.9,8.2,31.9,13.7,3.7,10.8,9.1,12.2,52.2,82.0,200.7,298.2,235.1,148.6,95.7,66.3,9.6,146.5,734.0,310.7,40.3
INDIA,1978,16.0,18.4,22.1,27.0,30.1,28.4,26.0,25.8,25.6,24.5,21.3,17.5,26.4,26.7,23.8,17.8,9.1,11.6,15.0,20.1,23.7,23.3,22.1,22.2,21.3,18.7,14.9,10.7,19.6,22.5,18.3,10.9,23.0,25.3,29.2,34.0,36.7,33.5,30.0,29.4,29.9,30.3,27.7,24.4,33.3,31.0,29.3,24.6,1.0,1.7,1.9,2.4,3.3,8.4,12.0,11.9,7.8,2.9,2.4,1.1,7.6,32.2,13.1,4.2,8.3,22.4,24.6,31.5,65.9,205.6,278.1,278.3,167.7,57.5,45.7,22.9,122.0,762.0,271.0,65.7
INDIA,1979,17.4,18.3,22.4,27.5,28.8,29.3,27.2,26.3,26.1,24.8,22.0,18.1,26.2,27.6,24.3,18.3,10.6,11.5,15.2,20.6,22.2,24.1,23.2,22.5,21.5,19.2,16.2,11.8,19.3,23.3,18.9,11.6,24.2,25.2,29.5,34.6,35.4,34.6,31.2,30.1,30.8,30.5,27.9,24.5,33.2,32.0,29.7,25.1,1.1,1.9,1.2,1.7,3.0,7.5,11.0,10.8,7.3,2.9,2.6,1.0,5.9,29.3,12.8,2.9,15.5,27.3,11.5,22.8,46.8,161.1,234.8,247.6,157.1,55.3,67.4,13.7,81.1,643.5,279.9,30.9
INDIA,1980,17.1,19.7,23.2,28.2,30.1,28.1,26.5,26.0,26.2,24.7,21.0,17.7,27.2,26.9,24.0,18.0,10.2,12.7,16.3,21.3,23.7,23.0,22.8,22.2,21.6,19.1,14.4,10.9,20.4,22.7,18.4,11.2,23.9,26.8,30.2,35.2,36.7,33.3,30.4,29.8,30.8,30.4,27.7,24.5,34.0,31.2,29.6,24.8,0.8,1.1,1.6,1.8,3.2,8.6,12.2,11.4,7.0,2.9,1.3,1.2,6.7,32.2,11.2,3.8,6.5,10.7,18.4,24.4,56.3,196.7,295.0,271.2,123.2,50.5,24.2,16.7,99.1,762.9,197.9,45.4
INDIA,1981,16.6,19.5,22.8,27.2,29.1,29.2,26.5,26.1,26.1,24.3,19.9,17.2,26.4,27.2,23.4,17.7,10.1,12.4,15.8,20.4,22.8,24.0,22.8,22.4,21.6,18.4,13.4,10.4,19.6,23.1,17.8,11.0,23.2,26.7,29.8,34.1,35.5,34.3,30.2,29.8,30.7,30.2,26.4,23.9,33.1,31.4,29.1,24.4,1.6,1.1,2.3,2.0,3.9,6.9,12.5,11.1,8.2,2.6,1.8,0.9,8.2,30.5,12.7,3.3,20.0,8.7,33.0,35.8,68.5,144.8,319.5,252.5,203.7,55.2,23.7,13.1,137.2,716.8,282.6,40.3
INDIA,1982,17.4,18.5,21.9,26.4,28.2,28.7,27.6,26.1,26.0,24.7,20.6,17.8,25.5,27.4,23.8,17.5,10.7,11.9,14.9,19.7,21.9,23.6,23.5,22.3,21.2,18.9,14.7,11.1,18.8,23.1,18.3,10.8,24.1,25.1,29.0,33.2,34.6,33.8,31.7,29.9,30.8,30.5,26.7,24.4,32.2,31.8,29.3,24.3,1.1,1.3,1.9,2.5,3.5,6.7,11.0,11.1,6.8,2.9,2.5,0.9,7.9,28.8,12.2,3.2,16.0,11.1,24.9,38.2,51.1,132.4,252.5,240.4,129.5,52.4,45.1,7.5,114.1,625.2,226.9,31.5
INDIA,1983,16.4,18.4,22.7,25.7,28.6,29.1,27.1,26.2,25.9,23.8,19.8,17.0,25.7,27.5,23.1,17.1,9.6,11.5,15.9,19.0,22.3,24.0,23.0,22.6,21.6,18.2,12.8,10.3,19.0,23.2,17.5,10.3,23.2,25.3,29.7,32.5,35.0,34.3,31.3,30.0,30.3,29.4,26.8,23.8,32.4,31.9,28.8,23.9,1.2,1.2,1.5,2.3,3.7,7.4,12.3,12.0,8.7,4.1,0.9,1.3,7.6,31.6,13.8,4.0,11.5,12.6,18.0,28.1,63.1,161.2,306.5,288.0,219.4,95.4,12.4,25.7,109.2,755.8,327.2,63.7
INDIA,1984,16.5,17.8,24.0,27.4,30.2,28.6,26.3,25.8,25.1,24.0,19.9,17.7,27.2,26.9,23.0,18.0,9.9,10.8,16.5,20.5,23.7,23.5,22.4,21.9,20.6,18.1,13.0,10.8,20.2,22.6,17.2,11.0,23.1,24.9,31.5,34.3,36.8,33.7,30.3,29.8,29.7,30.0,26.9,24.8,34.2,31.3,28.9,25.0,1.1,1.6,1.0,2.3,2.7,7.1,12.1,10.8,7.6,3.1,0.9,0.8,6.1,30.1,11.6,2.8,17.4,20.7,13.4,36.9,46.3,150.4,290.7,239.1,158.2,61.9,13.3,10.2,96.6,680.2,233.4,33.3
INDIA,1985,17.1,19.2,24.7,27.5,29.6,28.5,26.3,26.1,25.9,23.4,20.4,18.2,27.3,26.9,23.2,17.9,10.4,11.9,17.3,20.6,23.1,23.4,22.4,22.3,21.3,17.7,13.6,11.5,20.4,22.7,17.5,11.1,23.8,26.5,32.1,34.5,36.1,33.7,30.2,29.9,30.5,29.2,27.2,24.9,34.3,31.3,29.0,24.8,1.3,0.8,1.2,2.3,3.0,7.2,12.3,10.9,7.0,4.8,1.3,1.1,6.5,30.4,13.1,3.7,16.7,6.4,14.3,28.1,56.4,130.8,289.1,237.5,142.8,115.7,18.7,16.5,98.7,657.3,277.3,45.7
INDIA,1986,16.8,18.9,23.3,27.1,28.8,28.7,26.5,25.9,26.1,24.3,21.2,17.3,26.4,27.0,23.8,18.0,10.0,12.0,16.1,20.2,22.3,23.4,22.5,22.0,21.5,18.5,14.5,10.5,19.5,22.6,18.2,11.0,23.5,25.8,30.5,34.1,35.4,34.0,30.5,29.9,30.8,30.2,27.8,24.1,33.3,31.5,29.6,25.0,1.1,1.6,1.2,2.2,3.3,7.2,11.4,10.9,6.8,3.2,2.2,1.3,6.7,29.5,12.2,3.8,11.6,17.6,12.0,32.5,53.7,156.9,252.0,236.0,135.7,68.8,43.3,17.7,98.1,644.9,247.8,38.6
INDIA,1987,17.1,19.6,23.3,27.4,28.1,29.5,27.5,26.7,26.8,24.8,21.3,17.8,26.3,27.9,24.3,18.6,10.2,12.5,16.2,20.5,21.6,24.1,23.4,22.7,22.2,19.0,14.5,11.0,19.5,23.4,18.5,11.7,24.0,26.8,30.5,34.4,34.7,34.9,31.7,30.7,31.4,30.7,28.2,24.6,33.2,32.4,30.1,25.6,1.1,1.4,2.0,2.2,3.7,6.7,9.7,10.4,6.2,4.6,2.0,1.6,7.9,26.8,12.7,3.6,10.5,10.3,21.9,31.6,47.8,120.4,210.1,271.1,122.1,88.5,27.0,26.2,101.3,601.6,237.5,42.3
INDIA,1988,17.9,20.3,23.5,27.7,30.3,28.8,26.5,26.2,26.3,24.3,20.5,18.0,27.1,27.2,23.7,17.7,11.0,13.1,16.4,20.8,23.9,23.6,22.7,22.5,21.8,18.3,13.9,11.1,20.4,22.9,18.0,10.6,24.8,27.4,30.5,34.6,36.7,34.1,30.5,29.9,30.8,30.3,27.3,25.0,34.0,31.5,29.5,24.8,0.7,1.2,1.9,3.0,3.2,7.4,13.7,12.0,9.4,2.5,1.2,1.1,8.1,33.1,13.1,2.9,4.3,11.7,22.8,41.0,58.5,171.6,354.3,280.3,229.2,50.7,23.4,16.1,122.3,806.1,303.3,37.0
INDIA,1989,16.2,18.8,22.8,26.9,29.5,28.1,26.6,26.0,26.0,24.4,20.9,17.2,26.4,26.9,23.8,18.2,9.2,11.5,15.7,19.8,22.9,22.9,22.4,22.1,21.4,18.5,14.2,10.4,19.5,22.5,18.1,11.3,23.2,26.1,29.9,34.1,36.2,33.3,30.8,29.9,30.6,30.4,27.5,24.0,33.4,31.3,29.5,25.1,1.1,0.8,2.0,1.7,3.0,7.5,12.0,11.0,7.2,2.8,1.4,1.2,6.7,30.5,11.4,4.1,14.0,6.9,21.6,20.8,46.7,157.3,297.9,227.6,158.9,61.0,17.7,9.8,89.2,682.9,237.6,43.7
INDIA,1990,18.0,19.2,22.3,27.0,28.8,28.2,26.2,26.1,25.8,23.8,21.2,17.9,26.0,26.8,23.6,18.0,10.8,12.6,15.5,20.2,22.6,23.1,22.3,22.4,21.5,18.1,14.6,11.1,19.4,22.6,18.1,11.2,25.3,25.9,29.1,33.8,35.0,33.3,30.1,29.9,30.1,29.5,27.8,24.6,32.6,31.1,29.2,24.9,0.8,2.2,2.0,1.9,4.7,8.2,11.8,11.3,8.7,4.5,1.9,1.1,8.5,31.4,15.2,3.5,6.8,27.1,28.2,27.5,86.8,179.9,283.9,294.9,170.6,90.4,28.2,14.1,142.5,758.7,289.2,38.4
INDIA,1991,16.5,19.7,23.7,26.8,29.5,28.4,27.3,25.9,26.0,24.2,20.6,17.4,26.7,27.2,23.6,17.4,9.7,12.7,16.6,20.0,23.1,23.4,23.2,22.3,21.5,18.2,14.0,10.7,19.9,23.0,17.9,10.5,23.3,26.7,30.9,33.6,35.9,33.4,31.3,29.7,30.6,30.2,27.2,24.2,33.5,31.5,29.3,24.2,1.1,1.2,1.6,2.4,3.2,7.5,10.7,10.8,6.4,2.9,1.8,1.1,7.3,29.1,11.1,3.7,12.3,12.0,14.9,31.5,50.9,181.1,260.8,231.5,137.0,68.2,31.0,11.7,97.3,673.4,236.2,38.6
INDIA,1992,16.6,18.1,23.5,27.0,28.8,29.3,27.2,25.9,25.4,24.2,20.6,17.6,26.4,27.5,23.4,18.1,9.8,11.2,16.4,20.1,22.5,24.1,23.2,22.2,20.8,18.5,14.2,10.7,19.6,23.2,17.8,11.1,23.5,25.0,30.6,34.0,35.3,34.6,31.2,29.6,30.1,29.9,27.1,24.5,33.3,31.8,29.0,25.1,1.2,1.4,1.3,1.5,3.6,6.3,10.2,12.2,7.3,3.9,1.9,0.4,6.3,28.7,13.1,2.7,12.8,14.1,11.7,17.4,52.8,110.4,222.8,252.9,171.8,70.7,37.3,4.9,81.8,586.0,279.8,25.9
INDIA,1993,17.0,19.8,22.3,26.9,29.6,29.2,26.8,26.4,25.7,24.6,21.0,17.6,26.3,27.5,23.7,18.0,10.2,12.5,15.3,20.0,23.2,24.1,22.9,22.6,21.5,18.9,14.4,10.6,19.5,23.2,18.3,11.2,23.8,27.1,29.3,33.8,36.0,34.4,30.8,30.4,30.0,30.2,27.6,24.6,33.0,31.8,29.3,24.9,1.0,1.3,2.0,1.8,3.5,7.2,11.7,9.8,8.8,4.3,1.7,1.0,7.3,28.6,14.8,4.1,8.0,13.0,21.4,24.2,61.0,151.4,288.9,193.1,187.6,86.1,27.3,16.1,106.6,633.4,301.0,52.2
INDIA,1994,17.7,18.8,24.4,26.5,29.9,28.5,26.1,25.9,25.6,24.1,20.6,17.3,26.9,26.8,23.4,17.5,11.0,12.0,17.0,19.7,23.4,23.4,22.2,22.2,21.2,18.1,14.2,10.4,20.0,22.6,17.8,10.7,24.4,25.6,31.8,33.3,36.4,33.6,30.0,29.6,30.2,30.1,27.1,24.3,33.8,31.1,29.1,24.4,1.5,1.6,1.2,2.7,3.5,8.4,13.8,12.1,6.9,4.0,1.6,0.7,7.3,34.4,12.5,4.2,19.9,16.2,14.6,36.4,42.9,168.6,332.1,259.4,148.6,94.2,22.6,5.9,93.9,760.1,265.4,45.2
INDIA,1995,15.9,19.3,22.7,26.6,29.3,30.0,27.0,26.4,26.1,24.9,20.9,17.9,26.2,27.8,24.0,18.4,9.2,12.4,15.7,19.7,22.9,24.8,23.1,22.8,21.7,19.1,14.3,11.3,19.5,23.6,18.4,11.6,22.6,26.2,29.8,33.6,35.7,35.2,31.0,30.0,30.5,30.7,27.6,24.6,33.0,32.1,29.6,25.3,1.9,1.6,1.9,2.3,3.4,6.7,12.3,11.6,7.9,3.9,1.6,0.8,7.6,30.7,13.4,3.6,24.2,15.1,22.3,22.7,58.2,144.5,317.3,247.5,183.7,84.4,26.0,6.6,103.3,709.3,294.2,34.3
INDIA,1996,17.4,19.8,24.5,27.2,29.5,28.8,26.9,25.7,26.0,24.0,20.6,17.4,27.1,27.1,23.5,17.4,10.8,12.7,17.4,20.2,23.1,23.8,23.1,22.1,21.8,18.3,13.7,10.0,20.3,23.0,18.0,10.1,24.2,26.9,31.7,34.2,36.0,33.8,30.9,29.4,30.3,29.7,27.5,24.7,34.0,31.4,29.2,24.6,1.4,1.5,1.5,2.6,2.9,7.8,12.0,12.1,8.1,4.8,0.9,0.8,7.0,31.9,13.7,2.9,15.7,12.1,16.5,31.5,41.5,168.9,282.9,263.7,146.2,108.5,15.8,11.7,89.5,715.4,270.5,28.9
INDIA,1997,16.3,18.5,23.5,25.6,28.4,28.2,27.0,26.1,25.8,23.6,21.1,17.3,25.8,27.1,23.5,17.9,9.2,11.2,16.3,19.0,22.0,23.1,23.0,22.3,21.4,18.0,15.2,11.3,19.1,22.8,18.2,11.3,23.4,25.8,30.7,32.4,34.8,33.4,31.1,30.0,30.2,29.2,27.1,23.3,32.6,31.5,28.8,24.6,1.3,0.8,1.7,2.9,3.4,7.7,11.6,10.9,7.9,3.8,2.9,2.0,8.0,30.2,14.6,4.3,11.5,5.7,19.7,40.6,39.2,140.6,272.1,279.5,164.4,68.9,60.6,33.7,99.5,692.2,293.9,58.9
INDIA,1998,17.0,19.5,22.7,27.6,30.2,29.6,27.1,26.6,26.2,25.0,21.2,17.6,26.8,27.8,24.1,18.1,10.2,12.4,15.5,20.9,23.7,24.4,23.3,22.9,21.9,19.7,14.9,10.5,20.0,23.5,18.8,11.0,23.8,26.6,30.0,34.4,36.8,34.9,30.9,30.3,30.5,30.4,27.7,24.7,33.7,32.1,29.5,25.2,0.8,1.5,2.0,2.4,3.2,7.0,12.3,12.2,9.2,5.1,2.3,0.6,7.6,31.5,16.6,2.8,8.1,17.0,24.0,34.4,53.4,143.5,299.2,267.2,190.1,110.0,43.0,14.7,111.9,709.9,343.1,37.4
INDIA,1999,16.4,20.2,24.2,28.3,29.0,28.3,26.7,26.1,26.1,24.7,21.4,17.8,27.2,27.0,24.1,17.9,9.4,13.1,16.7,21.2,22.8,23.2,22.7,22.4,21.6,19.1,14.6,10.7,20.2,22.8,18.5,10.9,23.5,27.4,31.8,35.5,35.2,33.3,30.7,29.9,30.6,30.3,28.2,25.0,34.2,31.3,29.7,24.9,0.9,1.2,0.7,1.6,4.0,7.5,11.2,10.5,8.5,4.6,1.0,0.5,6.3,29.2,14.2,2.9,9.7,13.0,5.0,18.7,71.2,141.6,264.8,224.3,180.7,113.8,16.7,5.8,94.9,630.7,311.2,33.6
INDIA,2000,17.4,18.6,22.9,28.4,29.2,28.1,26.5,26.4,26.0,25.3,21.5,17.9,26.8,27.0,24.3,18.4,10.5,11.7,15.6,21.5,23.0,23.1,22.7,22.8,21.5,19.4,14.8,10.5,20.0,22.8,18.6,11.2,24.3,25.4,30.3,35.3,35.5,33.1,30.4,30.1,30.5,31.2,28.3,25.4,33.7,31.2,30.0,25.6,0.8,1.6,1.0,2.3,4.2,8.5,11.3,10.3,6.3,2.8,1.2,0.8,7.5,30.1,10.4,2.6,9.6,18.2,10.2,32.7,75.2,168.0,291.6,238.3,133.2,52.4,16.2,9.4,118.0,697.9,201.8,23.8
INDIA,2001,17.1,20.1,23.7,27.1,29.6,27.6,26.5,26.4,26.6,25.0,21.6,18.4,26.8,26.8,24.4,18.4,10.1,12.9,16.5,20.2,23.2,22.6,22.5,22.7,22.2,19.3,15.0,11.6,20.0,22.6,18.8,11.4,24.2,27.3,31.1,34.0,36.0,32.7,30.5,30.1,31.1,30.8,28.4,25.2,33.7,31.1,30.1,25.4,1.0,0.9,1.7,2.9,4.1,8.7,12.7,10.5,5.9,4.8,1.7,0.7,8.7,31.9,12.4,3.2,8.8,5.7,14.7,35.3,72.0,190.8,259.9,216.2,103.0,95.1,21.1,7.8,121.9,667.0,219.2,32.5
INDIA,2002,17.0,19.7,24.2,28.1,30.2,28.9,27.7,26.2,25.8,24.9,21.3,18.6,27.5,27.6,24.0,18.5,10.1,12.5,16.9,21.2,23.8,23.8,23.8,22.5,21.5,19.1,14.6,11.8,20.6,23.4,18.4,11.6,23.9,26.9,31.6,35.1,36.7,34.1,31.6,29.9,30.2,30.7,27.9,25.4,34.5,31.9,29.6,25.5,1.3,1.2,1.4,2.5,3.7,8.0,8.2,11.6,6.7,3.6,1.8,0.6,7.5,27.8,12.1,3.7,12.6,12.1,12.9,29.8,51.9,156.5,156.4,251.7,125.7,75.6,28.3,6.9,94.6,564.6,229.6,39.9
INDIA,2003,17.1,19.8,23.4,28.0,29.5,29.5,26.6,26.3,25.8,24.5,21.3,17.9,27.0,27.5,23.9,18.1,10.1,12.8,16.2,21.1,23.1,24.5,22.7,22.7,21.4,18.7,14.6,11.2,20.1,23.3,18.3,11.2,24.2,26.9,30.6,35.0,35.9,34.6,30.6,30.1,30.2,30.4,28.0,24.7,33.8,31.8,29.5,25.1,0.9,2.1,1.9,2.3,2.3,7.4,12.7,11.3,8.4,3.7,1.1,1.0,6.5,31.3,13.3,3.2,8.3,24.8,17.9,30.1,29.2,148.2,305.8,215.6,154.5,101.0,17.1,9.6,77.3,669.6,272.6,29.0
INDIA,2004,17.0,19.5,25.3,28.3,29.2,28.2,27.2,26.1,26.5,23.9,21.2,18.4,27.6,27.1,23.9,18.3,10.1,12.3,17.9,21.4,22.8,23.1,23.4,22.3,21.9,18.2,14.6,11.5,20.7,22.9,18.3,11.4,23.8,26.8,32.8,35.2,35.7,33.2,31.1,29.8,31.1,29.7,27.8,25.4,34.6,31.4,29.5,25.2,1.4,0.7,1.0,2.3,3.7,8.2,10.4,11.6,7.1,4.7,1.4,0.5,7.0,30.2,13.2,3.6,14.4,5.1,9.5,35.7,62.4,154.1,232.7,260.1,136.7,110.3,17.7,5.5,107.6,646.9,264.7,33.9
INDIA,2005,17.1,19.4,24.0,27.0,28.9,29.8,26.7,26.6,26.1,24.4,20.6,17.3,26.6,27.7,23.7,18.7,10.2,12.5,16.8,20.1,22.5,24.7,22.8,22.9,21.7,18.7,13.9,10.4,19.8,23.5,18.1,11.7,23.9,26.4,31.2,34.0,35.3,35.0,30.7,30.3,30.6,30.1,27.3,24.3,33.5,32.0,29.4,25.7,1.5,1.5,2.3,2.6,3.2,6.7,12.9,9.7,9.0,4.0,1.4,0.7,8.1,29.3,14.4,1.9,15.5,12.9,25.7,33.1,45.6,133.4,292.4,208.3,224.4,102.9,24.7,11.0,104.4,634.1,352.1,23.3
INDIA,2006,17.5,21.2,23.2,26.9,29.6,28.5,26.9,26.1,26.2,25.1,21.5,18.4,26.6,27.2,24.2,18.5,10.6,14.0,16.0,20.1,23.2,23.4,22.9,22.4,21.7,19.3,15.0,11.5,19.8,22.9,18.7,11.5,24.5,28.4,30.5,33.8,36.0,33.6,31.0,29.8,30.7,30.8,28.0,25.3,33.5,31.5,29.8,25.6,0.6,0.5,2.2,2.4,4.2,7.8,12.5,11.4,8.0,3.4,2.5,0.6,8.8,31.6,13.9,2.9,5.7,6.6,34.4,36.3,77.8,141.9,315.5,269.1,191.6,87.0,36.1,4.8,148.5,726.5,314.6,36.0
INDIA,2007,17.5,19.7,23.5,28.3,29.7,28.7,27.0,26.6,26.3,24.5,21.4,18.1,27.2,27.5,24.1,17.8,10.4,12.7,16.1,21.3,23.3,23.5,23.1,22.9,22.0,18.7,14.7,11.2,20.3,23.2,18.5,10.9,24.7,26.8,30.9,35.3,36.2,34.0,31.0,30.3,30.7,30.3,28.1,25.0,34.1,31.8,29.7,24.7,0.3,1.9,1.7,2.4,3.6,8.1,11.8,11.1,9.2,3.2,1.4,0.9,7.7,31.0,13.8,3.3,2.6,28.6,16.9,35.6,48.7,165.2,294.3,259.6,214.5,57.0,23.1,9.0,101.2,719.1,294.5,33.6
INDIA,2008,17.1,18.3,24.5,27.1,29.3,27.8,26.7,26.0,26.0,25.0,21.5,19.1,27.0,26.8,24.2,19.5,10.4,11.2,17.2,20.2,23.0,22.8,22.9,22.3,21.6,19.2,14.9,12.2,20.1,22.7,18.5,12.5,23.8,25.5,31.8,34.1,35.6,32.8,30.7,29.7,30.5,30.8,28.3,26.1,33.8,31.1,29.9,26.6,1.1,1.3,1.7,2.4,3.4,9.0,11.3,11.3,7.6,3.4,1.6,0.7,7.5,31.6,12.6,2.1,12.5,12.2,19.9,31.8,48.3,212.4,261.3,288.1,174.2,66.6,31.3,9.9,99.9,761.9,272.1,22.0
INDIA,2009,18.5,21.0,24.5,28.1,30.0,29.7,27.3,27.1,26.6,24.7,21.3,18.6,27.5,28.0,24.2,18.6,11.5,13.9,17.2,21.0,23.6,24.5,23.3,23.3,22.2,18.8,14.7,11.8,20.6,23.7,18.6,11.6,25.5,28.2,31.8,35.1,36.4,34.9,31.3,30.9,31.1,30.6,28.0,25.5,34.5,32.4,29.9,25.7,0.7,0.7,1.5,1.4,3.9,5.4,11.4,9.3,7.1,3.4,2.9,1.0,6.8,26.1,13.4,3.0,5.7,6.5,12.4,17.7,60.7,98.8,298.9,210.6,162.4,72.0,56.2,12.5,90.8,608.2,290.6,28.5
INDIA,2010,17.1,20.2,25.6,29.3,30.4,29.3,27.2,26.6,26.0,25.2,22.0,17.4,28.4,27.7,24.4,17.8,10.0,13.0,18.3,22.3,24.0,24.2,23.3,23.0,21.7,19.6,15.4,10.5,21.6,23.5,18.9,10.8,24.3,27.5,33.0,36.3,36.8,34.4,31.2,30.3,30.3,30.9,28.7,24.4,35.4,32.0,30.0,24.8,1.0,1.0,1.2,2.1,3.8,7.2,12.3,12.2,9.4,4.0,2.7,1.3,7.1,31.8,16.1,3.3,7.5,8.6,11.9,34.9,58.8,144.9,309.1,297.5,229.9,95.9,56.0,18.6,105.6,751.6,381.9,42.6
INDIA,2011,16.4,19.6,24.0,26.8,29.7,28.5,27.0,26.3,26.0,24.9,21.7,18.2,26.8,27.3,24.2,17.9,9.5,12.5,16.9,19.9,23.4,23.4,23.1,22.6,21.5,19.2,15.1,11.3,20.1,23.1,18.6,11.0,23.3,26.8,31.2,33.7,36.1,33.5,30.9,30.1,30.4,30.8,28.4,25.1,33.7,31.5,29.9,24.8,0.4,1.6,1.3,2.5,3.4,8.6,12.6,12.3,9.1,2.8,1.3,0.6,7.2,33.4,13.3,2.9,4.6,19.4,11.2,31.6,49.1,180.9,275.1,297.8,201.9,48.8,21.8,10.6,91.9,753.7,272.5,34.9
INDIA,2012,16.4,19.1,23.6,27.4,29.9,29.7,27.3,26.2,26.0,24.3,20.7,18.3,27.0,27.7,23.6,18.2,9.6,12.1,16.4,20.5,23.5,24.6,23.4,22.5,21.6,18.4,14.0,11.4,20.1,23.5,18.0,11.1,23.2,26.1,30.9,34.3,36.4,34.8,31.2,29.9,30.4,30.2,27.4,25.2,33.9,32.0,29.3,25.3,1.7,0.7,0.9,2.7,2.3,6.1,11.8,12.1,8.8,3.3,1.5,0.7,6.0,30.0,13.6,3.2,19.6,4.6,7.8,37.9,31.6,105.4,261.9,270.5,221.5,62.7,26.0,10.4,77.3,637.8,310.3,41.0
INDIA,2013,16.7,19.5,23.9,27.3,30.0,28.0,26.5,26.0,26.3,24.6,20.6,17.7,27.1,26.8,23.8,17.9,9.7,12.4,16.6,20.4,23.7,22.9,22.6,22.2,21.9,19.0,13.9,10.9,20.2,22.6,18.3,11.0,23.8,26.8,31.3,34.1,36.4,33.2,30.4,29.8,30.8,30.3,27.3,24.6,33.9,31.1,29.5,24.8,0.8,1.7,1.4,2.2,3.1,9.7,13.9,11.4,8.0,5.2,1.1,0.6,6.7,35.0,14.4,3.6,7.4,23.1,14.8,29.5,49.5,230.3,346.2,244.4,161.3,116.4,22.6,7.8,93.9,820.9,300.3,43.5
INDIA,2014,17.1,18.8,22.9,27.3,29.0,30.0,27.5,26.8,26.0,24.8,21.4,17.3,26.4,28.1,24.1,18.0,10.3,11.8,15.7,20.3,22.5,24.8,23.6,23.1,21.6,19.0,14.7,10.5,19.5,23.9,18.5,11.1,24.0,25.8,30.2,34.3,35.4,35.2,31.5,30.6,30.5,30.7,28.1,24.1,33.3,32.4,29.8,24.9,1.3,1.7,1.7,2.0,4.0,5.9,11.5,10.2,8.1,3.5,1.1,0.8,7.7,27.6,12.7,3.4,15.5,20.1,19.8,21.2,61.0,108.5,285.2,229.0,208.9,78.0,16.5,9.9,102.0,622.7,303.4,37.0
INDIA,2015,16.6,19.9,23.0,26.7,29.9,28.5,27.0,26.6,26.6,25.3,21.8,18.3,26.5,27.4,24.6,18.9,9.8,12.9,15.7,19.9,23.5,23.4,23.1,23.0,22.1,19.5,15.2,11.6,19.7,23.1,19.0,12.0,23.4,27.1,30.2,33.5,36.3,33.6,31.1,30.3,31.2,31.2,28.5,25.0,33.4,31.7,30.3,25.8,1.3,1.3,2.3,2.9,3.3,8.7,11.2,10.5,6.5,3.0,1.9,0.8,8.5,30.4,11.5,2.6,15.3,11.8,32.1,51.1,54.0,187.7,260.7,246.2,155.8,51.1,45.9,13.7,137.1,694.6,252.8,31.7
INDIA,2016,17.6,20.7,24.7,28.5,29.9,29.3,26.9,26.5,26.3,24.8,21.0,18.8,27.7,27.6,24.0,18.8,10.7,13.7,17.6,21.6,23.4,24.2,23.0,22.8,21.9,19.0,14.4,11.9,20.9,23.3,18.4,11.9,24.5,27.8,31.9,35.4,36.3,34.5,30.8,30.3,30.8,30.6,27.6,25.7,34.6,31.9,29.7,25.7,0.9,0.9,1.7,1.7,4.2,7.7,12.9,10.8,7.9,3.2,0.8,0.6,7.6,31.4,11.8,2.1,8.4,9.6,21.4,24.1,69.6,155.5,335.1,246.0,162.4,57.5,11.4,12.4,115.1,736.6,231.3,31.3
INDIA,2017,17.3,20.3,23.7,28.2,30.0,28.7,26.8,26.7,26.6,25.4,21.0,18.3,27.3,27.4,24.4,18.7,10.5,13.2,16.6,21.5,23.7,23.6,22.9,23.0,22.2,19.7,14.5,11.6,20.6,23.2,18.8,11.8,24.1,27.4,30.9,35.1,36.5,33.8,30.8,30.5,31.1,31.2,27.7,25.1,34.1,31.7,30.0,25.6,0.9,0.6,1.8,2.4,3.6,8.2,13.3,10.8,7.8,4.1,1.6,0.8,7.8,32.3,13.6,2.1,12.5,6.4,20.3,36.5,51.0,161.6,319.1,250.9,174.9,93.9,24.6,10.8,107.8,731.6,293.4,19.8
INDIA,2018,17.4,20.4,24.6,27.7,29.8,28.9,26.8,26.4,26.0,24.8,21.4,17.4,27.4,27.4,24.1,17.8,10.4,13.4,17.5,20.9,23.4,23.8,22.9,22.7,21.6,19.1,14.8,10.7,20.6,23.1,18.5,11.0,24.3,27.4,31.8,34.6,36.2,34.1,30.8,30.2,30.5,30.6,28.0,24.2,34.2,31.7,29.7,24.7,0.4,0.8,1.4,2.6,3.5,8.3,12.9,11.7,7.0,2.7,1.4,0.7,7.5,33.0,11.0,3.5,3.0,6.0,11.3,32.8,53.6,156.2,306.1,228.0,146.3,48.9,19.9,10.9,97.8,690.3,215.1,39.0
INDIA,2019,16.8,19.3,23.3,28.2,29.9,30.1,27.5,26.5,26.2,24.4,21.7,17.2,27.1,28.0,24.1,17.8,9.9,12.3,16.1,21.3,23.5,24.9,23.6,22.8,21.7,18.8,15.2,10.5,20.3,23.8,18.6,11.0,23.7,26.2,30.4,35.1,36.3,35.3,31.4,30.3,30.6,30.2,28.1,24.0,34.0,32.4,29.7,24.7,1.1,1.6,1.2,2.5,2.8,6.7,12.4,12.1,9.8,5.3,1.9,1.2,6.6,31.1,17.0,4.0,11.4,16.7,11.5,27.1,49.2,125.7,328.0,317.5,278.1,121.8,27.4,12.5,87.8,771.2,427.2,47.4
INDIA,2020,16.6,19.6,23.0,27.2,29.5,28.2,27.5,26.6,26.8,25.3,20.9,17.9,26.6,27.4,24.4,18.6,9.9,12.5,15.9,20.3,23.1,23.1,23.6,22.8,22.3,19.5,14.4,11.2,19.8,23.1,18.7,11.7,23.3,26.7,30.2,34.1,35.9,33.4,31.5,30.4,31.4,31.2,27.4,24.7,33.4,31.8,30.0,25.6,1.8,1.0,2.1,3.0,3.9,9.0,11.5,12.2,8.2,4.0,1.9,1.1,9.1,32.8,14.1,2.9,23.9,11.0,24.5,41.9,59.7,179.0,268.2,306.0,202.9,95.8,28.4,12.7,126.1,753.2,327.1,33.1
INDIA,2021,17.6,20.3,24.8,27.5,28.6,28.1,27.4,26.8,26.3,25.1,21.2,17.8,26.9,27.4,24.2,17.8,10.8,13.1,17.6,20.6,22.3,23.1,23.4,23.1,21.8,19.4,14.6,11.1,20.2,23.2,18.6,11.1,24.5,27.5,32.0,34.4,35.0,33.3,31.4,30.6,30.8,30.9,27.9,24.5,33.8,31.8,29.9,24.6,1.0,0.8,1.6,2.2,4.6,8.7,12.5,10.6,9.3,4.7,2.4,1.2,8.4,31.8,16.4,4.5,15.4,5.0,16.3,26.4,71.3,166.0,309.5,213.5,216.8,108.5,57.2,14.5,114.1,689.0,382.5,59.3
INDIA,2022,16.5,19.1,25.4,28.9,29.7,29.1,26.7,26.6,26.4,24.4,21.0,18.8,28.0,27.5,23.9,18.8,9.8,12.2,18.1,22.1,23.4,24.0,22.6,22.8,22.0,18.7,14.4,12.0,21.2,23.1,18.4,11.9,23.3,26.1,32.7,35.7,36.1,34.3,30.8,30.4,30.8,30.1,27.7,25.6,34.8,31.8,29.5,25.7,2.0,1.3,0.9,1.8,3.9,7.0,13.8,11.5,8.8,5.1,1.1,1.0,6.5,32.3,15.1,2.7,30.6,14.3,7.0,32.4,67.3,148.3,374.8,276.3,200.4,109.8,17.5,20.0,106.6,799.4,327.7,34.0
INDIA,2023,17.0,20.6,23.6,26.7,28.3,29.0,27.0,26.8,26.6,25.0,21.8,18.7,26.2,27.6,24.5,18.6,10.2,13.6,16.6,19.8,21.8,23.8,23.0,23.1,22.1,19.3,15.3,12.0,19.4,23.3,18.9,11.8,23.8,27.7,30.8,33.7,34.8,34.2,31.0,30.6,31.2,30.8,28.4,25.4,33.1,31.9,30.1,25.4,1.0,0.7,2.1,2.6,4.2,7.4,12.9,9.2,9.2,3.0,2.2,1.1,8.9,29.5,14.4,3.1,8.6,5.4,28.7,28.8,57.9,148.4,364.5,165.4,226.3,71.3,37.3,20.4,115.5,678.3,334.9,38.0
INDIA,2024,17.1,20.0,24.0,27.9,30.0,29.5,27.4,26.7,26.8,25.9,22.0,18.5,27.3,27.9,24.9,-999.0,10.4,13.2,16.9,21.0,23.6,24.5,23.5,23.1,22.4,20.2,15.4,11.7,20.5,23.7,19.3,-999.0,23.8,26.9,31.1,34.8,36.4,34.7,31.4,30.5,31.2,31.7,28.6,25.4,34.1,32.2,30.5,-999.0,0.7,1.3,1.6,2.0,3.8,7.7,12.8,12.4,8.6,3.9,1.0,1.3,7.5,32.9,13.5,-999.0,7.7,10.0,17.8,23.0,52.4,151.1,366.6,300.4,191.5,87.8,28.2,20.0,93.2,818.1,307.6,-999.0
IRAN,1901,4.8,8.1,13.4,18.3,22.9,27.0,29.2,27.7,24.0,16.7,12.7,9.1,18.2,27.9,17.8,7.9,-1.0,1.9,7.2,11.5,15.6,19.1,21.6,19.8,15.8,9.1,5.5,2.9,11.4,20.2,10.1,1.9,10.6,14.4,19.7,25.2,30.3,34.8,36.7,35.6,32.2,24.4,19.8,15.4,25.1,35.7,25.5,13.9,5.2,3.8,7.5,6.5,5.6,1.5,1.2,1.0,1.2,3.9,4.1,4.9,19.6,3.8,9.2,18.1,24.4,18.1,33.1,24.3,22.8,3.7,4.1,4.1,20.2,19.7,20.8,20.9,80.2,11.8,60.7,82.0
IRAN,1902,6.7,7.7,12.7,17.3,22.5,27.7,28.3,27.8,23.3,17.7,11.4,7.5,17.5,27.9,17.5,6.4,0.9,1.9,6.5,10.6,15.1,19.8,20.8,20.1,15.0,9.9,4.4,1.5,10.7,20.2,9.8,0.5,12.6,13.6,18.9,24.1,30.0,35.6,35.8,35.6,31.6,25.6,18.5,13.6,24.3,35.7,25.2,12.3,7.2,6.0,8.0,7.4,3.0,1.1,1.4,0.8,0.9,3.7,5.4,5.7,18.4,3.4,10.0,19.1,36.0,25.1,36.2,31.9,10.4,2.1,6.3,3.3,7.6,19.2,38.6,28.9,78.5,11.7,65.4,92.1
IRAN,1903,4.2,7.5,9.0,16.4,22.3,27.1,28.5,27.8,23.7,18.6,11.0,6.2,15.9,27.8,17.7,5.6,-1.6,1.6,2.9,9.6,14.9,19.3,20.9,20.1,15.5,10.6,3.8,0.1,9.1,20.1,10.0,-0.3,10.0,13.3,15.1,23.3,29.7,35.0,36.1,35.6,31.9,26.6,18.2,12.3,22.7,35.6,25.6,11.5,6.7,6.7,9.1,6.5,5.3,1.1,0.9,1.6,0.6,1.3,2.6,5.3,20.9,3.6,4.4,18.4,30.6,32.6,46.7,26.1,19.1,3.6,3.4,8.2,4.6,5.0,10.7,25.1,92.0,15.2,20.2,88.3
IRAN,1904,2.0,8.5,11.9,16.0,21.8,25.9,28.4,27.3,23.3,17.4,13.5,7.5,16.6,27.2,18.1,5.6,-3.7,2.6,5.8,9.4,14.5,18.1,20.9,19.6,15.0,9.6,6.6,1.5,9.9,19.5,10.4,-0.2,7.8,14.4,18.1,22.6,29.2,33.7,35.9,35.1,31.6,25.2,20.5,13.6,23.3,34.9,25.8,11.5,7.4,5.7,9.0,6.8,5.5,0.9,0.6,0.8,1.0,2.7,3.6,6.7,21.2,2.3,7.3,19.2,38.9,24.4,43.8,27.1,24.7,3.2,2.3,3.8,6.4,9.2,17.0,40.9,95.5,9.3,32.6,99.8
IRAN,1905,3.9,5.5,9.5,17.1,21.7,27.1,28.4,27.3,23.8,19.9,12.8,6.8,16.1,27.6,18.8,5.9,-1.9,-0.3,3.4,10.3,14.4,19.3,21.1,19.8,15.5,12.0,5.8,0.7,9.4,20.1,11.1,-0.0,9.7,11.3,15.7,23.9,29.1,34.9,35.7,34.8,32.1,27.8,19.8,12.8,22.9,35.1,26.6,11.8,7.1,5.5,8.9,5.7,5.6,1.1,1.2,1.3,0.7,1.8,3.2,5.9,20.2,3.6,5.7,21.0,34.6,24.4,44.5,21.3,20.0,3.2,7.7,6.9,3.2,8.3,13.4,28.6,85.8,17.8,24.8,108.6
IRAN,1906,4.5,6.5,11.4,15.6,22.7,26.7,28.1,27.2,22.9,19.0,12.5,8.3,16.6,27.3,18.1,6.6,-1.3,0.5,5.1,8.9,15.4,19.0,20.7,19.6,14.8,11.2,5.4,2.4,9.8,19.7,10.5,0.8,10.2,12.5,17.8,22.3,30.0,34.4,35.6,35.0,31.2,26.9,19.6,14.3,23.4,35.0,25.9,12.4,7.8,7.3,7.6,7.5,6.3,2.3,1.2,0.9,0.7,2.6,4.9,6.0,21.4,4.4,8.2,20.0,43.7,36.3,33.3,33.0,26.6,10.9,5.4,4.4,4.9,8.6,29.9,31.4,92.9,20.7,43.4,107.7
IRAN,1907,5.5,6.0,11.5,16.8,21.8,26.1,28.9,26.9,23.0,17.1,10.3,7.1,16.7,27.3,16.8,6.3,-0.2,0.2,5.3,10.2,14.5,18.3,21.6,19.2,14.9,9.3,3.3,0.9,10.0,19.7,9.2,0.3,11.2,11.8,17.7,23.6,29.2,33.9,36.3,34.6,31.1,24.8,17.3,13.4,23.5,34.9,24.4,12.3,5.7,8.2,8.3,7.4,5.8,1.5,0.6,0.9,0.7,3.7,3.8,4.7,21.5,3.0,8.1,18.7,26.1,50.2,38.4,32.2,21.3,2.6,2.5,7.1,4.5,17.9,16.3,22.2,91.9,12.2,38.7,96.6
IRAN,1908,5.0,6.7,10.8,16.6,21.3,27.1,28.4,27.5,24.1,17.2,12.4,7.1,16.2,27.7,17.9,6.3,-0.7,0.8,4.7,10.1,14.1,19.2,21.1,19.9,15.8,9.6,5.3,1.2,9.6,20.1,10.2,0.5,10.8,12.6,16.8,23.2,28.6,35.0,35.7,35.2,32.4,24.9,19.6,13.0,22.8,35.3,25.6,12.1,8.5,5.5,8.4,7.4,5.5,1.4,0.6,0.4,1.0,2.5,3.0,5.7,21.3,2.5,6.4,20.0,52.0,22.4,39.4,31.6,19.1,4.1,2.3,1.6,6.4,11.4,13.8,28.1,90.1,8.0,31.7,103.4
IRAN,1909,3.8,8.0,12.6,17.3,22.3,26.0,28.5,27.4,24.1,18.3,14.2,8.0,17.4,27.3,18.9,7.3,-1.9,2.2,6.6,10.8,15.1,18.3,21.1,19.8,15.9,10.7,7.1,2.0,10.8,19.7,11.2,1.5,9.5,13.7,18.7,23.9,29.6,33.7,35.9,35.0,32.3,26.0,21.2,14.0,24.1,34.9,26.5,13.2,7.7,6.5,8.0,7.9,4.1,2.1,0.6,0.7,0.6,2.9,2.3,5.2,20.0,3.4,5.8,19.9,45.3,30.0,35.0,37.4,12.8,5.8,3.4,4.2,3.2,15.5,9.4,31.5,85.2,13.4,28.1,105.5
IRAN,1910,5.9,8.0,10.5,16.5,22.5,26.0,28.7,27.4,23.2,18.0,12.0,4.8,16.5,27.4,17.7,4.4,0.1,2.2,4.3,9.8,15.1,18.2,21.3,19.8,15.2,10.3,4.9,-1.3,9.7,19.8,10.1,-1.4,11.8,13.7,16.8,23.2,29.8,33.7,36.3,35.0,31.3,25.8,19.1,11.0,23.3,35.0,25.4,10.2,7.8,6.8,9.4,5.8,4.4,1.2,1.3,0.6,1.0,1.4,2.5,5.6,19.6,3.0,4.9,18.4,42.3,31.7,52.7,22.1,14.2,3.3,5.0,2.5,4.8,5.9,9.8,28.3,89.0,10.8,20.4,90.5
IRAN,1911,2.3,5.9,9.6,16.0,21.7,26.1,28.5,27.2,22.9,16.8,11.3,6.4,15.8,27.3,17.0,6.7,-3.2,0.2,3.9,9.4,14.5,18.4,21.1,19.6,14.8,9.2,4.4,0.5,9.2,19.7,9.5,0.9,7.9,11.7,15.5,22.7,28.9,33.8,36.0,34.8,31.0,24.5,18.3,12.3,22.3,34.9,24.6,12.6,7.6,5.3,9.4,7.3,5.0,0.9,0.9,1.2,0.7,2.3,4.4,6.2,21.8,3.0,7.3,19.7,40.5,21.8,52.8,31.6,20.4,3.4,3.0,4.7,3.1,9.2,23.4,35.3,104.7,11.1,35.7,100.9
IRAN,1912,5.1,8.5,12.0,16.4,21.4,27.3,28.3,26.6,23.3,18.7,12.1,6.4,16.6,27.4,18.0,5.6,-0.6,2.7,5.8,9.6,14.0,19.5,20.8,18.9,14.9,10.9,5.1,0.5,9.8,19.7,10.3,-0.1,10.9,14.4,18.3,23.2,28.8,35.2,35.8,34.3,31.7,26.6,19.2,12.4,23.5,35.1,25.8,11.4,7.3,6.2,7.1,6.9,4.1,3.0,1.0,1.0,0.4,2.2,2.8,5.5,18.1,4.9,5.4,19.6,39.4,26.2,28.1,28.2,15.0,9.1,2.8,4.4,1.5,9.7,11.1,28.6,71.3,16.2,22.3,101.3
IRAN,1913,5.3,5.2,10.2,16.1,22.9,25.8,28.8,26.9,24.0,18.3,12.5,8.4,16.4,27.2,18.3,8.0,-0.3,-0.4,3.8,9.5,15.5,18.0,21.3,19.2,15.7,10.7,5.6,2.3,9.6,19.5,10.6,2.1,10.8,11.0,16.5,22.7,30.3,33.6,36.3,34.8,32.4,26.0,19.5,14.5,23.2,34.9,25.9,13.9,7.2,6.9,7.0,6.3,4.8,0.7,0.6,0.4,0.8,3.7,4.2,6.0,18.1,1.7,8.7,20.0,37.4,35.3,28.3,23.9,14.6,1.8,2.2,1.5,4.2,20.6,20.9,35.3,66.9,5.5,45.8,107.0
IRAN,1914,7.8,7.8,12.9,17.3,22.0,26.9,28.4,27.2,23.6,19.1,11.8,6.1,17.4,27.5,18.2,7.1,2.0,1.9,6.4,10.5,14.7,19.1,20.9,19.5,15.3,11.3,5.2,0.2,10.5,19.8,10.6,1.1,13.7,13.6,19.4,24.1,29.3,34.7,36.0,35.0,31.8,26.9,18.5,12.0,24.3,35.2,25.8,13.1,7.0,7.0,7.3,8.4,3.8,1.2,0.6,0.8,0.6,3.7,5.2,5.5,19.5,2.6,9.6,16.9,35.2,36.6,30.4,42.1,13.5,6.7,2.8,4.4,3.1,18.4,31.8,26.8,85.9,13.9,53.3,74.1
IRAN,1915,7.4,7.7,13.8,16.6,22.6,27.0,28.1,28.0,24.8,18.0,13.3,8.3,17.7,27.7,18.7,6.8,1.4,1.7,7.5,10.1,15.3,19.3,20.6,20.3,16.6,10.1,5.9,2.1,11.0,20.1,10.9,0.8,13.4,13.8,20.1,23.1,30.0,34.8,35.5,35.8,33.0,26.0,20.7,14.7,24.4,35.4,26.6,12.7,5.5,5.9,10.1,9.0,4.6,2.1,1.3,0.6,0.6,1.7,2.1,4.7,23.7,4.0,4.4,19.3,23.4,23.9,60.5,51.6,15.8,8.5,6.5,3.1,3.8,6.5,7.8,19.9,127.9,18.1,18.1,95.7
IRAN,1916,6.1,5.9,12.0,16.8,22.6,25.6,28.5,28.3,23.3,17.2,10.6,7.7,17.1,27.5,17.1,7.6,0.4,0.1,5.9,10.2,15.2,17.8,21.0,20.5,15.1,9.2,3.4,1.4,10.4,19.8,9.2,1.6,11.8,11.7,18.1,23.5,30.1,33.5,36.1,36.1,31.7,25.2,17.9,14.0,23.9,35.2,24.9,13.7,7.8,6.8,8.0,7.7,5.4,1.2,1.3,0.6,1.0,2.2,3.0,4.6,21.2,3.2,6.2,17.8,44.4,31.4,35.8,37.0,22.8,3.8,6.3,2.4,6.9,9.1,12.1,21.4,95.6,12.5,28.1,84.0
IRAN,1917,7.1,8.2,11.7,18.5,22.7,26.4,29.0,27.7,24.0,17.3,12.3,6.2,17.6,27.7,17.9,6.3,1.1,2.2,5.1,11.7,15.4,18.6,21.5,20.0,15.7,9.6,4.9,0.0,10.8,20.1,10.1,0.5,13.0,14.2,18.3,25.3,30.1,34.3,36.5,35.3,32.2,25.2,19.6,12.5,24.5,35.4,25.7,12.2,6.5,6.7,5.6,3.3,3.9,0.8,0.6,1.2,0.5,2.1,2.4,5.5,12.8,2.6,5.0,18.7,32.9,29.7,22.2,13.9,13.2,2.1,2.3,4.8,1.7,9.6,8.5,27.9,49.4,9.1,19.7,90.6
IRAN,1918,5.5,7.2,10.5,15.7,21.5,25.6,28.5,27.2,24.3,19.5,12.1,6.6,15.9,27.1,18.6,6.8,-0.2,1.5,4.4,9.0,14.2,17.8,21.1,19.5,16.1,11.7,5.1,0.5,9.2,19.4,10.9,0.9,11.3,13.0,16.7,22.4,28.8,33.4,36.0,35.0,32.5,27.4,19.2,12.7,22.6,34.8,26.4,12.7,5.8,7.4,9.1,7.7,4.3,1.7,0.7,0.9,0.7,2.9,3.1,5.9,21.1,3.3,6.6,20.1,26.0,36.7,46.0,35.5,13.1,6.0,3.0,5.1,3.6,10.5,12.5,30.3,94.7,14.1,26.6,101.1
IRAN,1919,6.1,7.6,11.3,17.8,21.2,25.8,28.3,27.4,23.9,19.1,12.9,7.6,16.7,27.2,18.6,6.0,0.4,1.8,5.1,11.1,14.0,18.1,20.9,19.8,15.8,11.3,5.7,1.5,10.0,19.6,10.9,0.2,11.9,13.5,17.5,24.5,28.4,33.6,35.7,35.2,32.2,26.9,20.1,13.7,23.5,34.8,26.4,11.9,7.2,7.1,5.8,7.3,5.2,1.0,0.7,0.7,1.7,2.0,2.3,6.1,18.4,2.4,6.0,22.6,38.1,32.8,25.8,32.6,17.4,3.5,3.2,2.8,10.9,7.3,10.3,31.6,75.8,9.4,28.5,127.7
IRAN,1920,6.3,4.3,12.3,16.4,21.9,26.5,27.9,27.3,24.2,18.8,10.8,3.9,16.9,27.2,17.9,5.2,0.6,-1.6,6.1,9.8,14.6,18.8,20.5,19.6,16.0,11.0,4.0,-2.1,10.2,19.6,10.3,-0.6,11.9,10.2,18.5,23.1,29.2,34.2,35.3,35.1,32.3,26.7,17.7,9.9,23.6,34.9,25.6,11.1,8.2,8.4,7.1,7.2,5.0,1.4,1.5,1.7,1.2,3.1,5.1,6.0,19.3,4.6,9.4,18.8,48.2,48.0,30.3,33.9,21.0,4.8,6.1,8.5,7.4,14.9,30.1,35.4,85.2,19.4,52.4,93.6
IRAN,1921,5.5,6.3,10.6,17.8,21.9,27.1,29.2,27.0,23.3,18.0,11.9,7.0,16.8,27.8,17.7,6.8,-0.3,0.5,4.6,11.2,14.5,19.4,21.7,19.3,14.9,10.0,4.9,1.2,10.1,20.1,10.0,1.0,11.2,12.1,16.7,24.4,29.3,34.9,36.7,34.7,31.7,26.1,18.9,13.0,23.5,35.4,25.5,12.6,6.1,6.7,7.7,7.2,5.8,1.3,1.2,1.2,0.9,1.8,4.7,5.5,20.7,3.7,7.4,20.1,26.8,31.5,35.6,33.3,24.8,3.7,4.9,6.6,7.0,5.9,27.0,27.2,93.7,15.1,39.9,102.9
IRAN,1922,6.4,7.0,12.1,17.4,22.2,27.0,28.8,27.6,23.5,19.0,13.4,8.0,17.2,27.8,18.6,7.0,0.7,1.1,5.9,10.7,14.9,19.2,21.2,19.9,15.2,11.2,6.3,2.0,10.5,20.1,10.9,1.1,12.0,12.8,18.3,24.2,29.6,34.9,36.4,35.4,31.8,26.9,20.5,14.1,24.0,35.6,26.4,12.9,6.4,8.1,7.9,5.8,4.1,1.0,0.7,0.6,0.7,1.6,2.6,5.7,17.8,2.3,4.9,20.5,30.6,45.0,39.8,24.1,14.0,3.5,3.4,3.6,4.5,6.2,11.8,27.5,77.9,10.6,22.5,104.5
IRAN,1923,5.5,7.3,12.3,15.6,22.2,27.0,28.7,27.0,22.6,18.6,11.4,6.8,16.7,27.6,17.6,6.8,-0.2,1.4,6.1,9.0,14.7,19.3,21.3,19.3,14.4,10.7,4.1,0.5,10.0,19.9,9.8,0.8,11.2,13.2,18.5,22.2,29.8,34.8,36.1,34.9,30.9,26.6,18.8,13.1,23.5,35.2,25.4,12.9,7.3,7.5,8.9,8.4,4.4,1.9,0.9,1.6,0.7,3.6,3.4,5.4,21.7,4.4,7.7,21.9,39.3,37.8,43.9,41.7,14.9,6.7,5.2,10.4,2.6,14.4,15.6,26.7,100.5,22.3,32.7,123.5
IRAN,1924,6.5,7.1,12.6,16.6,21.8,27.1,28.4,27.7,23.9,18.6,12.1,5.6,17.0,27.7,18.2,4.7,0.7,1.2,6.4,10.1,14.4,19.3,20.8,20.0,15.7,10.5,4.9,-0.4,10.3,20.1,10.4,-1.3,12.4,13.1,18.8,23.1,29.3,34.9,36.0,35.5,32.1,26.7,19.4,11.7,23.7,35.5,26.1,10.7,8.6,7.9,8.4,6.8,4.5,2.1,0.8,1.6,0.6,3.1,3.0,6.4,19.7,4.5,6.7,17.9,56.7,40.1,40.9,31.3,14.6,5.5,3.5,9.4,3.0,17.9,13.8,35.1,86.7,18.4,34.6,85.3
IRAN,1925,3.2,5.3,13.7,17.3,22.9,26.8,28.4,28.1,24.3,18.7,12.1,9.2,18.0,27.8,18.4,7.8,-2.7,-0.9,7.3,10.4,15.2,19.0,21.0,20.3,16.1,11.1,4.7,3.1,11.0,20.1,10.6,1.9,9.0,11.5,20.2,24.3,30.6,34.6,35.8,35.9,32.6,26.4,19.4,15.3,25.0,35.4,26.1,13.7,6.0,5.5,5.9,6.4,3.8,0.6,0.9,0.8,0.9,4.6,4.1,3.5,16.1,2.4,9.6,19.8,27.7,22.5,22.3,25.5,11.7,1.7,5.0,2.7,4.1,22.6,20.1,16.4,59.5,9.4,46.8,108.3
IRAN,1926,6.2,7.9,12.0,15.8,23.0,26.2,27.8,28.1,23.1,18.3,11.4,8.0,16.9,27.4,17.6,6.1,0.5,2.1,5.7,9.0,15.7,18.8,20.4,20.5,15.0,10.5,4.2,1.9,10.1,19.9,9.9,0.2,12.0,13.7,18.3,22.6,30.3,33.7,35.3,35.9,31.4,26.3,18.5,14.1,23.7,34.9,25.4,12.0,7.8,8.6,7.7,7.4,4.3,2.7,0.9,0.5,0.9,1.3,3.9,5.4,19.4,4.1,6.1,17.8,42.6,49.4,34.6,33.8,15.3,10.9,4.9,2.2,4.6,4.5,17.4,25.4,83.8,18.0,26.5,80.6
IRAN,1927,4.2,6.0,10.8,16.8,22.7,27.3,29.0,27.9,24.4,20.4,12.4,6.7,16.8,28.1,19.1,5.7,-1.6,0.2,4.7,10.2,15.5,19.8,21.7,20.3,16.4,12.6,5.4,1.0,10.1,20.6,11.5,0.3,9.9,11.9,17.0,23.4,29.8,34.9,36.4,35.5,32.5,28.2,19.4,12.4,23.4,35.6,26.7,11.1,5.4,7.0,6.8,7.0,3.7,1.1,1.3,0.5,1.0,1.8,4.1,6.3,17.5,2.9,6.9,21.0,23.7,31.4,26.7,31.3,11.7,2.7,4.8,2.2,6.3,7.7,22.2,34.8,69.7,9.6,36.2,110.9
IRAN,1928,3.8,6.6,9.3,18.2,22.4,26.7,27.9,26.1,23.4,18.0,12.3,6.6,16.6,26.9,17.9,5.3,-1.4,1.1,3.6,11.6,15.2,18.9,20.8,18.7,15.4,10.5,5.2,0.6,10.2,19.5,10.4,-0.4,8.9,12.1,15.0,24.8,29.6,34.5,35.0,33.5,31.4,25.6,19.4,12.6,23.1,34.3,25.5,11.0,7.5,7.2,7.0,6.0,4.3,1.7,1.5,1.3,0.6,2.1,3.8,6.1,17.3,4.5,6.5,21.8,40.6,35.4,31.2,22.8,13.7,3.6,5.3,7.5,2.5,9.2,18.3,31.3,67.7,16.3,30.1,120.3
IRAN,1929,3.5,5.7,11.0,17.7,22.7,25.7,28.0,26.9,24.2,18.1,11.7,5.7,17.1,26.8,18.0,4.6,-2.0,0.2,5.1,10.9,15.6,18.2,20.6,19.3,16.2,10.5,4.8,-0.1,10.5,19.3,10.5,-1.0,9.0,11.3,17.0,24.5,29.8,33.2,35.4,34.6,32.3,25.7,18.7,11.4,23.8,34.4,25.6,10.3,7.3,8.5,6.7,4.3,4.4,1.4,0.9,0.4,0.6,2.7,3.6,6.4,15.4,2.7,6.9,21.7,39.1,49.9,27.5,14.9,13.9,4.7,4.1,1.6,3.1,8.2,16.7,39.2,56.3,10.4,27.9,126.7
IRAN,1930,2.3,5.9,11.7,16.8,22.1,26.4,28.6,27.5,23.0,17.9,13.1,6.1,16.9,27.5,18.0,4.8,-3.2,0.3,5.6,10.5,14.9,18.9,21.3,19.7,14.9,10.3,6.0,0.2,10.3,20.0,10.4,-0.6,7.9,11.4,17.9,23.2,29.4,34.0,35.9,35.3,31.1,25.5,20.2,12.0,23.5,35.1,25.6,10.3,7.9,7.4,7.7,7.1,5.2,2.0,1.2,0.5,1.2,3.0,3.4,5.7,20.1,3.7,7.6,21.9,49.3,38.2,33.5,30.9,19.1,5.1,3.3,2.5,4.4,12.1,13.3,27.9,83.5,10.9,29.8,120.0
IRAN,1931,4.7,3.7,12.1,16.8,21.0,25.8,28.8,27.5,24.6,17.6,10.9,5.6,16.6,27.4,17.7,6.0,-0.6,-1.6,5.8,10.5,14.0,18.2,21.5,20.0,16.4,9.8,4.2,-0.0,10.1,19.9,10.1,0.5,9.9,8.9,18.4,23.2,28.0,33.6,36.2,35.1,32.8,25.5,17.6,11.3,23.2,35.0,25.3,11.6,8.2,8.1,6.8,7.2,5.3,2.0,1.4,1.2,0.5,1.9,4.7,6.1,19.3,4.6,7.0,19.0,46.1,46.0,28.9,30.9,21.0,5.3,5.5,5.3,1.6,8.6,25.9,31.1,80.7,16.1,36.1,94.0
IRAN,1932,5.0,7.5,12.0,17.7,21.6,26.4,28.0,26.6,23.2,17.8,11.0,3.5,17.1,27.0,17.4,4.7,-0.1,1.6,6.2,11.0,14.4,18.7,20.8,19.0,15.2,10.0,4.1,-2.5,10.5,19.5,9.8,-0.9,10.1,13.4,17.8,24.5,28.9,34.2,35.1,34.3,31.2,25.7,17.9,9.4,23.7,34.5,25.0,10.3,7.5,5.5,8.3,6.4,3.8,1.6,2.1,1.0,1.3,2.3,3.5,5.2,18.4,4.7,7.1,18.6,38.7,24.2,37.4,25.6,12.3,6.2,10.1,5.0,6.1,7.2,17.5,30.1,75.3,21.2,30.8,92.0
IRAN,1933,3.2,7.5,9.9,16.0,22.6,25.5,28.4,27.6,23.2,18.1,12.4,7.1,16.1,27.2,17.9,5.8,-2.2,1.9,3.9,9.4,15.3,17.9,21.2,20.1,15.0,10.4,5.5,1.4,9.5,19.7,10.3,0.2,8.5,13.1,15.9,22.7,29.9,33.1,35.6,35.2,31.3,25.9,19.2,12.9,22.8,34.7,25.5,11.5,7.0,6.3,8.6,6.5,3.2,1.4,0.8,0.7,0.6,2.1,3.5,5.5,18.4,2.9,6.2,19.4,34.0,27.9,41.3,25.6,10.2,5.1,3.3,2.5,2.3,8.4,16.2,27.2,77.1,11.0,26.8,96.0
IRAN,1934,2.1,8.2,11.2,16.2,20.2,26.5,28.1,27.5,22.8,17.8,11.1,7.1,15.9,27.4,17.2,6.1,-3.3,2.4,5.1,10.0,13.2,19.0,20.8,19.9,14.7,9.9,4.2,1.4,9.5,19.9,9.6,0.4,7.5,14.0,17.3,22.4,27.3,34.2,35.5,35.0,30.9,25.6,18.1,12.8,22.3,34.9,24.9,11.8,6.8,7.2,7.5,8.2,6.3,2.0,1.0,0.8,0.9,1.8,3.8,5.6,22.0,3.8,6.5,18.7,32.0,36.8,32.2,41.7,28.9,5.4,3.5,3.5,4.7,7.0,18.5,30.0,102.8,12.4,30.2,90.3
IRAN,1935,2.8,8.4,11.7,17.1,21.7,25.4,28.3,28.6,24.2,19.2,11.1,7.5,16.8,27.4,18.1,6.7,-2.8,2.6,5.6,10.2,14.5,17.9,20.9,20.8,16.0,11.4,4.7,1.5,10.1,19.8,10.7,0.8,8.4,14.2,17.9,24.1,28.9,32.9,35.8,36.4,32.4,26.9,17.5,13.5,23.6,35.0,25.6,12.7,6.3,6.7,7.6,6.4,5.6,2.9,1.0,0.5,1.4,2.3,5.4,5.4,19.7,4.4,9.1,18.8,28.7,31.6,32.5,25.5,20.9,10.7,4.1,2.2,8.3,9.6,34.5,31.1,79.0,17.0,52.4,95.6
IRAN,1936,4.6,8.1,10.4,17.1,22.5,26.5,28.5,27.6,23.7,19.1,12.4,6.1,16.7,27.5,18.4,5.5,-1.5,2.3,4.3,10.4,15.4,18.9,21.3,19.9,15.6,11.2,5.2,0.0,10.0,20.0,10.7,-0.4,10.8,13.9,16.6,23.8,29.6,34.1,35.9,35.3,31.8,27.0,19.7,12.1,23.3,35.1,26.2,11.3,6.0,7.4,7.8,6.1,5.2,1.3,1.2,0.9,0.9,2.1,3.4,5.7,19.0,3.4,6.3,19.4,28.9,35.6,35.0,23.6,18.0,5.5,6.6,4.0,3.9,9.8,16.8,26.5,76.7,16.1,30.5,95.7
IRAN,1937,3.1,7.2,10.3,15.9,22.1,26.0,29.2,28.3,24.4,18.8,12.0,6.9,16.1,27.8,18.4,7.4,-2.5,1.3,4.2,9.2,15.1,18.4,21.8,20.7,16.1,11.1,4.9,0.6,9.5,20.3,10.7,1.5,8.8,13.1,16.5,22.7,29.2,33.7,36.6,36.0,32.8,26.6,19.2,13.3,22.8,35.4,26.2,13.4,6.6,7.1,6.8,5.4,5.2,1.1,0.8,0.7,0.7,2.8,3.5,4.1,17.5,2.7,7.0,18.4,34.1,35.1,26.4,21.0,23.7,3.8,2.7,2.6,3.2,13.3,18.9,17.3,71.1,9.2,35.3,89.0
IRAN,1938,6.8,8.6,10.3,17.9,22.7,25.9,28.4,27.7,24.4,18.1,11.7,7.0,16.9,27.3,18.0,7.0,1.1,2.7,4.2,11.0,15.6,18.3,21.0,20.1,16.2,10.2,4.6,1.4,10.3,19.8,10.3,1.3,12.4,14.4,16.5,24.8,29.8,33.6,35.8,35.4,32.5,26.0,18.8,12.7,23.7,34.9,25.8,12.7,7.4,6.9,8.1,5.9,4.9,0.8,1.0,1.3,0.9,2.0,3.8,7.4,18.9,3.1,6.7,21.7,40.3,31.4,35.9,19.6,16.7,1.7,4.2,6.3,5.7,7.0,18.2,49.8,72.2,12.3,30.9,121.8
IRAN,1939,6.3,7.6,11.0,15.2,22.3,27.9,28.5,27.2,23.8,18.5,12.8,8.9,16.2,27.9,18.3,8.0,0.7,1.8,4.8,8.6,14.9,20.1,21.1,19.6,15.7,10.7,6.1,2.9,9.4,20.3,10.8,2.3,12.0,13.5,17.3,21.8,29.7,35.7,35.9,34.9,31.9,26.3,19.5,14.9,22.9,35.5,25.9,13.7,6.9,7.4,8.8,8.5,3.5,1.3,0.8,0.6,0.8,2.8,4.5,5.3,20.8,2.7,8.1,21.5,33.8,38.3,41.7,45.9,11.8,4.1,4.8,2.6,2.7,11.9,27.3,25.1,99.5,11.5,41.9,108.6
IRAN,1940,6.4,8.7,10.2,18.0,22.0,27.1,29.0,27.8,24.4,19.6,13.2,9.0,16.8,28.0,19.1,8.2,0.9,3.1,4.0,11.1,14.9,19.3,21.6,20.0,16.3,12.0,6.3,2.7,10.0,20.3,11.6,2.2,11.8,14.3,16.5,25.0,29.2,35.0,36.5,35.6,32.5,27.2,20.1,15.3,23.6,35.7,26.6,14.3,8.3,7.8,6.7,5.2,4.4,1.0,0.9,0.5,0.8,2.6,4.0,5.9,16.4,2.4,7.5,18.8,45.2,38.2,26.8,18.9,16.2,3.5,4.2,2.2,4.1,15.2,20.9,28.4,61.9,9.8,40.3,92.7
IRAN,1941,5.8,9.9,13.2,17.6,23.5,27.8,28.9,27.8,24.2,19.1,12.0,6.9,18.1,28.2,18.4,6.5,-0.2,4.0,7.2,11.0,16.2,20.1,21.7,20.3,16.0,11.2,5.2,1.0,11.5,20.7,10.8,0.8,11.8,15.9,19.3,24.3,30.9,35.6,36.3,35.3,32.4,27.0,18.9,12.8,24.8,35.7,26.1,12.3,6.3,6.5,8.2,9.8,3.3,1.2,0.6,1.0,0.8,1.5,3.8,6.2,21.3,2.9,6.0,20.6,32.9,31.4,36.7,60.9,12.5,2.2,2.4,4.1,5.7,5.3,19.0,31.7,110.2,8.8,30.0,112.6
IRAN,1942,6.0,6.6,11.7,16.5,23.0,27.2,29.0,27.2,23.4,19.4,13.6,6.5,17.1,27.8,18.8,5.6,0.4,1.0,5.6,9.7,15.7,19.4,21.6,19.5,15.4,11.7,6.8,0.5,10.3,20.2,11.3,-0.1,11.7,12.3,17.8,23.3,30.4,35.0,36.3,35.0,31.5,27.1,20.4,12.4,23.8,35.4,26.3,11.4,6.1,8.4,7.9,6.9,4.3,1.4,0.8,0.5,1.0,3.3,3.8,4.9,19.1,2.8,8.1,20.7,28.2,52.8,35.7,31.9,14.4,4.2,2.7,1.8,6.9,12.9,18.0,22.1,82.0,8.6,37.8,109.7
IRAN,1943,4.5,5.9,9.3,16.2,22.2,25.8,28.7,27.8,23.2,18.2,11.9,8.5,15.9,27.5,17.8,8.0,-1.3,0.4,3.7,9.5,14.8,18.1,21.4,20.3,15.1,10.5,5.1,2.6,9.3,19.9,10.2,2.1,10.4,11.4,14.9,23.0,29.6,33.6,36.2,35.5,31.4,26.0,18.8,14.4,22.5,35.1,25.4,14.0,7.2,8.6,10.2,6.1,4.2,0.9,1.1,0.7,0.7,2.9,3.7,6.2,20.5,2.8,7.4,18.9,39.2,48.4,57.5,23.5,20.8,4.1,4.3,3.9,6.4,12.3,18.4,32.2,101.8,12.2,37.1,94.2
IRAN,1944,6.7,8.9,14.6,17.0,22.6,27.2,29.3,27.3,23.7,18.5,12.5,3.8,18.1,27.9,18.2,4.7,0.9,2.7,8.0,10.3,15.3,19.5,21.9,19.7,15.5,10.8,5.5,-2.4,11.2,20.4,10.6,-1.2,12.5,15.1,21.2,23.7,30.0,35.0,36.8,34.8,31.8,26.2,19.6,10.0,25.0,35.5,25.9,10.5,6.5,6.2,6.7,5.7,4.2,0.8,0.5,0.7,0.6,1.5,2.9,4.1,16.5,2.0,5.0,18.4,34.1,27.9,30.9,24.3,16.8,2.6,2.1,2.7,1.7,6.4,13.7,22.6,71.9,7.4,21.8,99.6
IRAN,1945,4.4,5.8,10.7,16.5,21.4,26.2,28.4,28.1,24.0,18.8,11.8,7.1,16.2,27.6,18.2,6.9,-1.1,0.0,4.4,9.7,13.9,18.5,20.8,20.4,15.9,10.8,5.0,1.0,9.3,19.9,10.5,0.9,10.0,11.6,17.1,23.3,28.9,33.9,36.0,35.9,32.2,26.9,18.6,13.2,23.1,35.3,25.9,12.9,8.3,5.9,7.6,5.9,5.1,1.6,0.8,0.7,0.6,1.8,4.9,6.1,18.6,3.1,7.2,20.6,51.2,25.8,33.8,19.1,20.9,6.7,3.2,3.4,2.9,6.0,28.2,38.8,73.8,13.3,37.2,120.4
IRAN,1946,4.7,9.0,12.3,17.7,23.8,26.6,27.8,27.2,24.5,18.9,10.6,4.4,17.9,27.2,18.0,6.2,-0.9,2.8,6.2,11.0,16.2,19.0,20.4,19.5,16.3,11.1,3.3,-1.6,11.1,19.6,10.2,0.5,10.4,15.3,18.4,24.5,31.4,34.3,35.4,34.9,32.8,26.7,18.0,10.4,24.8,34.9,25.8,12.0,7.7,6.8,9.1,7.2,3.6,1.3,1.0,0.6,0.7,1.9,2.9,5.6,20.0,2.8,5.5,19.7,47.8,33.8,48.5,31.9,12.0,4.1,6.6,1.8,3.9,12.9,14.6,26.7,92.4,12.5,31.3,96.6
IRAN,1947,6.7,7.7,13.7,17.7,21.9,26.3,28.6,28.0,23.4,18.8,14.5,7.7,17.7,27.6,18.9,7.9,1.3,1.9,7.4,10.8,14.6,18.4,21.0,20.2,15.2,10.9,7.3,1.2,10.9,19.9,11.1,1.6,12.1,13.5,20.0,24.5,29.2,34.2,36.3,35.8,31.6,26.7,21.8,14.3,24.6,35.4,26.7,14.3,7.3,6.8,8.4,5.2,4.9,1.1,0.7,0.8,1.1,1.4,3.2,4.9,18.6,2.6,5.7,16.6,36.3,33.6,42.8,21.7,19.4,3.1,3.1,3.9,7.2,5.9,14.7,23.3,83.9,10.1,27.7,77.5
IRAN,1948,7.4,8.7,10.9,16.0,23.2,27.3,29.2,27.7,23.6,17.8,11.3,5.4,16.7,28.1,17.6,5.0,1.3,2.2,4.7,9.6,15.8,19.4,21.7,20.0,15.5,9.9,4.1,-0.6,10.1,20.4,9.8,-0.9,13.4,15.2,17.2,22.5,30.7,35.2,36.8,35.5,31.8,25.8,18.6,11.4,23.5,35.8,25.4,10.9,5.5,6.2,7.7,8.7,4.4,1.6,1.3,0.6,0.9,1.5,2.9,7.0,20.9,3.5,5.3,20.3,25.5,28.8,34.4,42.0,13.0,6.1,3.7,2.2,7.0,4.9,11.8,41.8,89.4,12.0,23.7,109.1
IRAN,1949,3.3,6.3,10.7,16.3,21.8,26.7,29.1,27.3,23.3,16.1,10.8,7.2,16.3,27.7,16.7,4.9,-2.6,0.5,4.8,9.7,14.6,19.0,21.6,19.6,15.2,8.2,3.6,1.1,9.7,20.1,9.0,-1.0,9.1,12.1,16.6,23.0,29.1,34.5,36.8,34.9,31.4,24.0,18.0,13.3,22.9,35.4,24.5,10.7,6.7,6.6,9.5,6.9,4.7,1.0,0.4,0.8,0.6,1.7,2.7,6.3,21.1,2.2,5.0,19.7,35.8,31.6,45.2,32.1,15.2,3.0,1.3,4.1,2.8,10.5,9.7,36.7,92.4,8.4,23.0,100.9
IRAN,1950,2.9,4.5,11.6,16.7,22.9,26.2,28.5,27.2,23.3,19.0,10.3,5.3,17.1,27.3,17.5,5.5,-2.8,-1.2,5.4,9.8,15.6,18.6,21.3,19.6,14.9,11.2,3.1,-1.1,10.3,19.9,9.7,-0.6,8.6,10.4,17.8,23.6,30.3,33.9,35.8,35.0,31.7,26.9,17.5,11.7,23.9,34.9,25.4,11.6,7.7,5.8,7.6,5.4,5.1,1.7,0.7,0.6,0.5,1.5,3.0,4.7,18.1,3.0,5.0,20.7,39.5,24.7,37.0,20.5,18.5,6.1,2.3,3.4,2.1,6.9,11.3,23.1,76.0,11.8,20.2,111.2
IRAN,1951,5.7,5.3,11.4,17.3,22.7,26.2,28.7,27.6,24.9,19.2,12.3,8.1,17.1,27.5,18.8,7.7,-0.3,-0.6,4.9,9.9,15.1,18.0,20.7,19.5,16.6,11.9,4.8,2.1,10.0,19.4,11.1,1.8,11.8,11.3,17.9,24.8,30.3,34.5,36.8,35.9,33.2,26.7,19.8,14.1,24.3,35.7,26.6,13.5,7.5,8.5,7.2,5.1,5.9,1.4,0.4,0.9,1.5,3.6,3.2,6.2,18.2,2.8,8.4,19.9,37.8,50.3,33.4,16.5,26.1,5.1,1.5,3.9,9.9,22.8,15.3,33.2,76.0,10.5,48.0,105.6
IRAN,1952,5.6,9.2,12.0,17.5,22.1,26.1,28.6,27.3,23.8,18.7,11.0,7.2,17.2,27.3,17.9,8.2,0.0,3.2,5.5,10.8,14.5,18.1,20.8,19.2,15.2,9.7,3.8,0.6,10.3,19.4,9.6,1.7,11.3,15.2,18.5,24.2,29.6,34.2,36.5,35.4,32.5,27.7,18.3,13.8,24.1,35.4,26.2,14.7,6.8,6.8,6.9,7.4,5.5,1.6,0.8,0.4,1.1,0.9,4.0,6.2,19.9,2.8,5.9,19.4,38.0,34.3,31.0,35.8,22.8,6.3,2.1,1.9,5.1,4.2,17.2,32.8,89.6,10.3,26.6,95.6
IRAN,1953,7.6,9.9,11.0,17.3,22.2,26.4,28.9,27.8,23.8,18.1,11.5,6.1,16.8,27.7,17.8,6.4,1.1,3.4,4.8,10.4,14.6,18.2,21.1,19.7,14.9,9.9,4.9,0.5,9.9,19.6,9.9,0.6,14.1,16.4,17.3,24.3,29.9,34.7,36.9,36.1,32.7,26.3,18.2,11.8,23.8,35.9,25.7,12.3,5.6,7.5,8.2,7.8,5.0,1.8,0.8,0.5,0.8,3.5,4.9,7.3,20.9,3.1,9.2,21.5,21.3,41.5,38.9,34.5,16.0,5.2,3.8,0.8,6.5,13.7,30.2,44.2,89.5,9.8,50.4,116.8
IRAN,1954,6.3,6.8,10.9,16.8,22.8,26.6,28.7,27.2,23.9,18.7,12.2,7.6,16.8,27.5,18.3,7.8,-0.0,1.2,4.9,10.5,14.9,18.7,21.2,19.3,15.4,10.3,6.0,1.6,10.1,19.8,10.6,1.4,12.7,12.4,17.0,23.3,30.7,34.6,36.3,35.1,32.5,27.1,18.4,13.7,23.6,35.3,26.0,14.1,5.7,8.5,9.1,7.8,3.5,1.6,1.7,0.9,0.5,1.9,5.8,6.4,20.5,4.2,8.1,17.4,23.1,49.5,48.7,32.8,11.1,4.1,6.6,2.7,3.2,3.9,42.7,39.9,92.6,13.4,49.8,86.9
IRAN,1955,6.2,9.4,12.5,17.2,21.7,26.5,28.9,28.1,24.5,17.6,13.2,8.4,17.1,27.8,18.5,7.1,0.4,2.4,6.6,9.9,14.2,18.5,20.8,19.9,16.0,9.0,5.9,2.6,10.2,19.7,10.3,1.2,12.1,16.5,18.5,24.4,29.2,34.5,37.1,36.3,33.2,26.3,20.7,14.3,24.0,36.0,26.7,13.0,6.5,4.5,9.1,5.9,5.6,1.5,1.2,0.3,0.7,1.3,3.2,6.7,20.6,3.0,5.3,20.6,32.0,15.0,53.5,25.1,23.3,4.2,4.5,1.9,5.5,3.4,18.7,40.4,101.9,10.6,27.5,118.7
IRAN,1956,4.8,8.0,11.2,17.0,21.8,26.2,28.6,27.2,23.7,17.8,12.3,6.3,16.7,27.3,17.9,5.4,-0.9,1.8,5.8,10.5,13.9,18.0,21.2,19.3,15.8,8.9,4.1,0.7,10.1,19.5,9.6,-0.0,10.6,14.2,16.7,23.6,29.9,34.6,36.1,35.0,31.7,26.8,20.6,12.0,23.4,35.2,26.4,10.9,7.5,6.4,10.2,7.2,2.3,0.8,1.1,0.6,1.1,1.0,1.5,6.2,19.7,2.5,3.6,22.9,48.4,29.9,57.3,35.3,8.2,1.5,5.4,2.5,8.4,4.9,5.3,36.1,100.8,9.3,18.6,137.2
IRAN,1957,3.3,6.6,11.9,15.4,21.2,25.7,27.9,27.0,23.7,18.2,11.6,7.6,16.1,26.9,17.8,7.7,-1.4,0.7,5.8,9.4,14.3,18.1,20.0,18.9,15.0,10.7,5.6,1.7,9.8,19.0,10.4,1.6,8.1,12.5,17.9,21.5,28.1,33.4,35.8,35.2,32.4,25.8,17.6,13.5,22.5,34.8,25.3,13.8,9.8,6.9,8.8,9.3,7.0,3.7,0.9,1.3,0.5,4.3,6.7,5.6,25.1,6.0,11.5,16.8,69.1,32.0,44.3,48.0,31.7,10.7,4.1,5.6,2.5,24.6,41.8,31.2,124.0,20.5,68.9,92.5
IRAN,1958,7.3,8.2,13.9,18.5,22.5,26.9,28.8,27.7,23.7,18.3,9.6,8.0,18.3,27.8,17.2,6.2,1.9,1.1,7.2,11.2,14.9,18.9,21.1,19.7,15.3,10.3,2.7,2.6,11.1,19.9,9.4,0.5,12.8,15.2,20.7,25.8,30.2,34.9,36.5,35.7,32.1,26.4,16.6,13.4,25.6,35.7,25.0,11.8,7.9,3.3,6.5,4.5,3.1,2.0,0.9,0.5,0.5,2.5,3.3,6.5,14.2,3.4,6.3,20.9,51.0,10.2,23.6,13.9,9.2,8.5,5.7,2.0,3.3,9.2,13.1,36.2,46.7,16.2,25.5,113.7
IRAN,1959,5.4,5.0,11.1,18.9,22.3,26.7,28.3,28.6,24.8,18.8,10.5,4.9,17.4,27.8,18.0,7.5,-0.5,-0.6,4.9,11.6,15.1,18.8,20.6,20.8,16.5,10.8,3.8,-1.4,10.5,20.1,10.4,1.0,11.4,10.7,17.3,26.4,29.5,34.5,36.0,36.4,33.1,26.9,17.1,11.3,24.4,35.6,25.7,14.0,7.9,6.5,7.7,5.7,6.4,1.5,0.6,0.9,0.8,1.9,5.2,4.9,19.8,3.0,7.9,15.4,48.5,29.1,33.5,19.3,26.5,5.7,1.4,3.2,3.3,9.3,25.1,18.2,79.3,10.3,37.7,55.6
IRAN,1960,7.4,10.1,9.5,16.4,21.9,27.2,28.5,27.7,24.1,18.5,12.1,6.8,16.0,27.8,18.2,6.5,0.9,3.4,3.4,10.1,14.2,19.3,21.2,19.6,16.0,10.0,5.3,0.1,9.2,20.0,10.4,0.4,14.0,16.8,15.7,22.7,29.7,35.2,35.9,35.8,32.3,27.0,19.0,13.5,22.7,35.6,26.1,12.6,5.9,4.6,9.2,8.6,3.5,0.9,1.1,0.5,0.8,1.1,4.2,3.2,21.3,2.5,6.1,17.0,23.2,14.1,46.3,43.1,10.0,2.9,3.9,1.4,5.5,5.1,22.7,11.6,99.4,8.2,33.3,79.7
IRAN,1961,5.8,6.9,11.6,15.6,23.6,26.7,29.2,27.4,24.5,17.5,11.9,9.0,17.0,27.8,18.0,8.2,0.3,0.9,5.4,9.4,15.9,18.7,21.9,19.6,16.5,9.2,5.0,2.5,10.2,20.1,10.2,1.9,11.3,12.9,17.9,22.0,31.4,34.7,36.6,35.2,32.5,25.9,19.0,15.5,23.8,35.5,25.8,14.6,8.0,5.8,7.6,9.9,4.0,1.3,0.7,0.7,0.5,0.8,4.3,4.2,21.5,2.7,5.6,14.7,42.2,26.0,31.8,55.4,13.3,4.4,3.0,2.4,4.3,5.5,19.8,17.2,100.4,9.9,29.6,59.5
IRAN,1962,5.9,9.8,14.1,16.7,22.5,26.0,28.8,26.8,22.4,18.2,10.6,8.0,17.7,27.2,17.1,9.2,-0.1,3.5,7.0,10.2,15.1,18.2,21.4,19.2,14.3,10.3,3.5,1.7,10.8,19.6,9.4,2.9,12.0,16.2,21.1,23.2,30.0,33.8,36.2,34.4,30.7,26.1,17.8,14.3,24.8,34.8,24.8,15.4,5.6,4.9,4.6,10.6,3.4,1.9,0.8,1.1,0.8,2.4,3.0,5.2,18.7,3.7,6.3,15.4,21.6,20.8,15.3,62.6,12.8,7.5,4.3,6.2,5.6,12.4,13.7,21.3,90.7,17.9,31.7,65.0
IRAN,1963,8.6,10.9,12.0,18.2,20.7,27.1,29.2,27.8,24.1,19.9,12.2,5.8,16.9,28.0,18.7,4.4,2.0,5.0,5.5,12.0,14.5,19.5,21.8,20.3,15.9,12.4,5.6,-0.3,10.7,20.5,11.3,-1.4,15.2,16.9,18.4,24.4,26.8,34.8,36.5,35.4,32.3,27.4,18.8,12.0,23.2,35.6,26.2,10.3,3.6,6.5,7.6,7.4,9.3,1.3,0.6,1.1,0.9,2.3,5.2,6.5,24.3,2.9,8.3,21.0,14.8,28.8,32.7,32.3,51.3,4.2,2.0,6.9,3.8,11.8,27.5,33.7,116.2,13.1,43.1,111.0
IRAN,1964,-0.2,7.5,13.7,16.5,22.8,27.1,29.1,28.1,23.4,16.0,11.7,3.7,17.7,28.1,17.0,5.5,-5.9,1.9,7.6,10.4,15.1,19.3,22.0,20.3,15.2,7.3,4.1,-2.5,11.0,20.5,8.9,-0.2,5.6,13.2,19.8,22.7,30.6,34.9,36.4,36.0,31.6,24.8,19.4,9.9,24.4,35.7,25.3,11.2,6.3,8.1,8.5,6.8,1.6,0.7,0.5,0.7,0.3,0.6,2.7,5.8,16.9,1.9,3.7,20.7,31.3,46.0,38.5,31.4,3.2,2.2,2.1,3.5,1.4,2.9,10.3,31.4,73.2,7.8,14.5,122.9
IRAN,1965,5.0,7.7,12.0,15.7,23.0,26.7,28.8,27.2,23.5,19.4,13.5,7.8,16.9,27.6,18.8,9.2,0.4,1.6,5.5,9.1,15.2,18.9,21.5,19.5,15.4,12.6,6.7,0.8,9.9,20.0,11.6,2.7,9.7,13.9,18.4,22.4,30.7,34.5,36.2,34.9,31.6,26.2,20.4,14.9,23.8,35.2,26.1,15.7,10.4,4.5,5.8,5.8,3.5,1.7,1.0,0.8,1.4,4.2,3.0,3.0,15.1,3.5,8.6,16.3,77.9,13.6,20.2,23.9,10.9,4.8,4.2,3.3,10.7,23.8,10.6,9.5,55.1,12.3,45.1,71.7
IRAN,1966,9.6,10.1,12.2,17.0,22.4,27.7,28.6,28.0,24.1,18.4,11.4,8.0,17.2,28.1,17.9,6.7,2.9,4.4,5.9,10.3,15.0,19.8,21.2,20.3,16.4,11.5,3.2,1.2,10.4,20.4,10.3,0.4,16.3,15.9,18.6,23.7,29.9,35.7,36.1,35.8,31.8,25.3,19.6,14.9,24.1,35.9,25.6,13.0,5.0,8.3,6.7,6.3,4.1,0.9,1.0,0.8,1.5,5.3,0.7,3.6,17.0,2.7,7.5,17.1,18.3,43.9,29.4,24.2,11.9,1.8,2.4,3.9,9.1,24.4,3.1,12.8,65.5,8.1,36.6,76.9
IRAN,1967,5.6,6.5,11.0,15.5,21.9,25.3,29.0,27.6,24.1,18.5,13.3,6.8,16.1,27.3,18.6,6.3,-1.1,1.1,4.6,9.1,14.8,17.7,21.7,19.8,16.3,11.0,7.1,0.5,9.5,19.7,11.5,0.3,12.3,11.9,17.6,21.9,29.0,33.1,36.3,35.4,31.9,26.0,19.5,13.1,22.8,34.9,25.8,12.3,5.3,8.3,5.2,7.8,5.0,0.7,1.0,0.4,1.2,3.4,5.2,3.9,18.0,2.1,9.8,17.2,21.0,43.1,21.6,32.9,19.6,2.9,3.0,1.3,6.3,14.3,30.4,14.9,74.1,7.2,51.0,83.1
IRAN,1968,6.2,5.8,12.3,16.2,21.5,26.0,28.1,27.5,23.9,18.9,13.2,8.5,16.7,27.2,18.7,5.7,0.1,0.2,6.2,10.0,14.8,18.7,20.5,19.6,15.6,11.2,6.9,3.3,10.3,19.6,11.2,0.6,12.4,11.4,18.4,22.5,28.2,33.4,35.7,35.3,32.3,26.6,19.6,13.6,23.0,34.8,26.2,10.9,5.1,8.2,7.2,8.6,6.7,2.7,0.5,0.3,0.5,2.7,5.6,7.5,22.5,3.5,8.8,24.4,18.7,49.5,30.2,45.0,28.8,10.6,2.5,1.5,2.2,11.3,30.7,41.4,103.9,14.6,44.2,141.8
IRAN,1969,3.7,5.0,14.0,16.7,22.1,26.6,28.3,26.8,22.9,19.5,10.5,9.5,17.6,27.2,17.7,8.2,-1.1,-0.5,8.4,10.8,15.1,18.8,21.0,19.3,14.9,12.3,3.6,2.9,11.5,19.7,10.3,2.1,8.5,10.5,19.5,22.6,29.1,34.4,35.7,34.3,31.0,26.8,17.4,16.1,23.7,34.8,25.1,14.3,10.5,6.4,8.4,8.8,5.7,1.6,1.1,1.3,1.8,4.5,4.5,3.9,22.8,4.0,10.8,16.6,75.0,25.4,40.4,50.0,20.6,6.3,3.9,4.0,12.3,22.3,20.3,16.2,111.0,14.2,54.9,81.0
IRAN,1970,5.6,9.6,12.0,19.1,23.5,27.3,28.7,28.9,23.5,18.7,13.8,6.8,18.2,28.3,18.6,6.4,0.3,3.1,5.8,11.9,15.7,19.4,21.5,21.4,15.4,10.6,6.0,0.6,11.2,20.8,10.7,0.1,10.9,16.1,18.3,26.3,31.4,35.2,35.9,36.5,31.5,26.7,21.6,13.0,25.3,35.9,26.6,12.8,8.8,3.9,8.0,5.3,4.0,0.4,1.3,0.7,0.7,1.6,2.2,5.0,17.4,2.4,4.5,16.5,53.4,11.3,38.4,18.9,10.6,2.2,4.6,6.1,2.9,4.6,9.0,23.5,68.0,13.0,16.5,71.1
IRAN,1971,4.9,7.6,13.2,17.0,24.0,27.0,28.7,27.8,23.1,17.7,13.0,8.2,18.1,27.8,17.9,4.1,-1.5,1.3,6.5,10.7,16.7,19.4,21.4,20.2,14.8,9.4,6.6,2.3,11.3,20.3,10.3,-1.5,11.4,13.9,20.0,23.3,31.4,34.6,36.1,35.5,31.5,26.1,19.5,14.1,24.9,35.4,25.7,9.7,4.8,6.7,6.4,8.5,3.5,0.8,1.1,1.0,0.3,1.6,5.5,6.3,18.4,2.9,7.3,23.0,17.7,29.8,23.3,43.4,9.9,2.4,2.6,1.8,0.8,6.9,25.8,32.1,76.6,6.8,33.5,122.7
IRAN,1972,2.2,1.9,9.9,17.3,20.3,26.8,28.4,25.9,23.8,19.4,13.0,4.3,15.8,27.0,18.7,5.3,-2.8,-3.9,4.6,10.6,13.7,19.2,20.9,18.3,15.6,11.2,5.8,-1.1,9.6,19.5,10.9,-0.6,7.3,7.7,15.3,23.9,27.0,34.4,35.9,33.5,32.0,27.7,20.2,9.7,22.1,34.6,26.6,11.2,9.5,7.2,11.8,7.7,8.1,2.5,0.6,1.6,0.9,1.7,3.5,6.7,27.6,4.7,6.0,18.7,60.0,30.6,72.1,32.1,40.2,10.0,3.4,6.6,5.2,7.1,20.6,34.5,144.3,19.9,33.0,87.1
IRAN,1973,2.2,9.4,12.3,18.0,22.9,27.6,29.0,28.1,23.8,19.1,11.5,6.4,17.7,28.2,18.1,4.4,-3.9,3.0,5.8,11.1,15.3,20.0,21.6,20.6,15.7,10.7,3.5,-0.4,10.8,20.7,10.0,-1.1,8.2,15.8,18.9,24.9,30.4,35.2,36.4,35.6,31.8,27.6,19.5,13.1,24.7,35.7,26.3,9.9,6.6,5.4,6.1,4.9,2.8,0.9,1.2,0.3,0.5,0.6,1.9,4.5,13.9,2.5,3.0,23.5,30.2,22.5,23.5,16.3,9.3,3.6,5.7,2.1,3.6,2.1,8.3,18.9,49.1,11.4,14.0,131.8
IRAN,1974,3.1,3.7,12.3,16.8,22.8,26.9,28.3,26.9,23.6,16.8,12.9,5.9,17.3,27.4,17.8,5.9,-1.7,-1.3,6.7,10.6,15.4,19.2,21.2,19.3,15.9,8.0,5.1,0.2,10.9,19.9,9.7,0.2,7.9,8.8,17.9,23.1,30.2,34.7,35.5,34.6,31.5,25.6,20.7,11.5,23.7,35.0,25.9,11.5,9.7,9.3,8.5,7.6,3.2,2.1,1.7,0.7,1.8,1.1,1.9,7.4,19.3,4.5,4.8,21.3,61.7,51.2,39.3,31.4,7.7,4.8,9.4,3.5,10.3,1.8,8.2,49.7,78.4,17.7,20.3,118.3
IRAN,1975,4.9,6.9,11.5,17.2,22.8,27.1,29.7,27.7,24.2,17.4,10.8,6.2,17.1,28.2,17.5,6.2,-0.8,1.2,5.0,10.2,15.5,19.5,22.1,20.1,16.2,9.0,3.6,0.5,10.2,20.6,9.6,0.6,10.5,12.6,18.0,24.2,30.0,34.8,37.3,35.4,32.3,25.8,18.1,11.9,24.1,35.8,25.4,11.8,8.1,5.8,6.4,7.7,6.9,1.3,0.7,0.8,1.2,1.7,4.6,6.7,21.0,2.8,7.5,22.2,44.1,24.5,22.0,32.4,28.1,4.9,2.5,4.4,7.4,8.1,21.6,37.6,82.5,11.8,37.0,123.6
IRAN,1976,7.1,5.3,8.8,16.4,22.1,26.5,29.1,27.8,24.6,18.6,10.6,7.4,15.8,27.8,18.0,5.8,1.2,0.2,3.3,10.4,15.0,18.7,21.7,19.9,16.6,11.3,3.1,1.5,9.5,20.1,10.3,-0.0,13.0,10.4,14.4,22.5,29.2,34.4,36.5,35.7,32.7,26.0,18.2,13.4,22.1,35.6,25.6,11.7,5.6,9.9,10.9,9.3,5.7,1.9,2.0,0.1,1.2,4.5,3.4,6.4,26.0,4.0,9.2,20.5,22.5,63.4,61.1,46.4,24.4,4.9,12.6,0.2,7.5,21.5,14.2,32.4,132.0,17.7,43.3,107.1
IRAN,1977,1.8,8.3,15.3,17.9,22.9,28.3,29.7,27.9,24.0,18.2,12.6,8.4,18.7,28.7,18.3,7.6,-2.9,1.3,8.2,11.0,15.7,20.6,22.3,20.3,15.6,11.1,5.8,2.6,11.6,21.1,10.9,1.6,6.5,15.3,22.5,24.8,30.3,36.1,37.1,35.7,32.5,25.4,19.4,14.3,25.8,36.3,25.8,13.7,10.5,3.6,5.6,8.9,6.0,1.9,1.1,1.7,0.5,5.2,5.1,7.0,20.5,4.8,10.8,21.9,66.1,8.6,21.0,43.8,23.0,6.2,4.9,9.2,3.0,26.2,24.5,38.1,87.8,20.3,53.7,108.5
IRAN,1978,6.2,8.2,12.1,18.4,22.4,26.4,28.4,27.2,24.5,19.2,10.3,9.9,17.6,27.3,18.0,8.5,-0.1,2.2,5.4,11.3,14.8,18.6,21.0,19.3,15.9,11.0,3.9,3.7,10.5,19.6,10.3,2.5,12.5,14.3,18.9,25.7,29.9,34.2,36.0,35.1,33.1,27.4,16.6,16.2,24.8,35.1,25.7,14.5,7.1,7.7,8.0,4.6,4.8,1.9,0.6,0.2,0.3,1.5,6.2,6.6,17.3,2.7,8.0,22.6,33.2,37.1,31.9,14.1,20.9,9.4,3.4,0.8,1.3,5.7,35.1,36.1,67.0,13.6,42.1,124.6
IRAN,1979,6.4,9.1,11.2,19.0,20.9,26.8,29.4,26.8,24.3,20.2,12.4,7.7,17.0,27.7,19.0,6.4,0.8,3.0,5.2,12.0,14.0,19.3,21.8,19.0,16.0,12.6,4.3,2.1,10.4,20.0,11.0,0.9,12.0,15.2,17.2,26.0,28.0,34.3,37.1,34.6,32.7,27.9,20.6,13.4,23.7,35.3,27.1,11.9,9.2,6.8,9.1,4.5,6.4,2.7,0.5,0.7,0.8,3.0,2.5,8.4,20.0,3.9,6.2,25.1,60.1,28.4,44.5,15.7,22.4,8.9,1.4,1.5,2.5,10.9,8.3,54.6,82.6,11.8,21.7,150.9
IRAN,1980,4.9,6.5,12.0,19.5,23.2,27.4,29.2,28.0,23.8,18.6,13.9,8.8,18.3,28.2,18.8,8.3,-0.6,1.3,6.2,12.6,15.7,19.4,21.2,20.1,15.3,10.8,7.1,2.3,11.5,20.2,11.1,2.3,10.4,11.8,18.0,26.6,30.8,35.5,37.2,35.9,32.4,26.4,20.7,15.2,25.1,36.2,26.5,14.4,7.9,8.9,9.0,5.0,3.8,1.0,0.4,0.5,0.7,3.2,3.5,5.8,17.7,1.9,7.4,20.9,41.0,55.3,42.7,17.4,10.4,2.3,0.8,2.1,4.1,13.7,16.5,26.7,70.5,5.2,34.4,99.8
IRAN,1981,7.3,8.9,13.6,18.0,22.3,26.1,29.0,27.8,23.7,17.9,13.0,9.7,18.0,27.6,18.2,6.9,1.5,3.1,7.4,11.0,15.0,18.4,21.6,19.8,15.2,9.9,5.2,2.9,11.1,20.0,10.1,0.9,13.2,14.8,19.8,25.1,29.7,33.9,36.4,35.8,32.3,25.9,20.8,16.6,24.9,35.4,26.4,12.9,7.6,7.5,8.4,6.8,5.9,2.1,1.9,0.6,0.8,3.6,3.2,4.0,21.1,4.6,7.5,20.8,38.5,34.6,39.4,30.9,27.6,7.7,6.2,4.4,4.7,11.8,14.3,13.9,97.8,18.3,30.8,112.3
IRAN,1982,5.8,5.2,10.2,18.9,23.1,27.1,28.4,27.7,23.8,18.3,10.1,4.9,17.4,27.7,17.4,5.5,0.1,-0.2,4.4,11.7,16.0,19.0,20.5,19.9,15.4,11.5,4.0,-0.9,10.7,19.8,10.3,-0.5,11.5,10.6,16.1,26.0,30.3,35.2,36.4,35.6,32.2,25.2,16.3,10.7,24.1,35.7,24.5,11.5,8.0,8.8,10.1,5.5,6.1,1.3,0.7,0.4,1.2,6.7,7.1,6.8,21.8,2.5,15.0,19.3,44.4,54.0,62.2,21.0,25.1,5.7,3.0,1.9,6.9,39.9,42.9,35.1,108.3,10.6,89.7,91.4
IRAN,1983,4.5,7.1,9.8,16.4,23.5,27.8,30.1,28.9,24.8,17.8,13.8,7.4,16.6,28.9,18.8,6.1,-1.3,0.7,3.4,9.6,16.3,19.7,22.3,21.3,16.6,9.0,6.0,0.9,9.8,21.1,10.5,-0.3,10.4,13.5,16.3,23.2,30.8,35.9,38.1,36.6,33.1,26.7,21.7,13.8,23.4,36.8,27.1,12.4,7.4,5.0,8.5,8.7,5.9,1.2,0.8,1.1,1.0,0.6,2.4,5.8,23.1,3.0,4.0,17.5,35.2,21.1,38.0,38.7,20.4,4.4,2.9,10.8,5.8,3.2,11.2,25.6,97.2,18.1,20.2,70.1
IRAN,1984,5.9,4.9,13.1,18.5,21.2,26.8,29.1,28.8,23.9,17.0,13.2,4.3,17.6,28.2,18.0,6.5,-0.5,-1.3,7.0,11.3,14.0,19.0,21.6,21.2,15.5,8.7,7.0,-1.0,10.8,20.6,10.4,0.8,12.3,11.2,19.2,25.7,28.4,34.7,36.6,36.4,32.3,25.2,19.4,9.6,24.4,35.9,25.6,12.2,6.4,5.3,9.4,5.0,6.1,0.8,0.7,0.9,0.7,2.6,5.3,6.5,20.5,2.3,8.5,19.5,28.4,16.1,49.0,18.0,25.0,2.1,2.1,3.5,2.5,12.3,32.7,36.2,92.0,7.7,47.5,94.8
IRAN,1985,6.6,8.6,10.5,18.2,22.9,27.7,29.3,26.7,24.1,17.9,13.1,7.7,17.2,27.9,18.4,7.2,1.2,2.2,4.2,11.2,15.2,19.8,22.0,19.1,15.5,10.0,6.3,2.2,10.2,20.3,10.6,1.3,11.9,15.0,16.8,25.3,30.6,35.7,36.6,34.3,32.6,25.9,20.0,13.3,24.2,35.6,26.2,13.0,7.5,5.5,6.4,4.3,3.2,1.2,0.4,0.9,0.4,1.5,3.7,7.0,13.9,2.4,5.6,18.9,36.1,22.5,22.6,14.1,8.5,1.6,2.2,3.2,2.2,9.1,16.7,38.9,45.2,7.0,28.0,88.5
IRAN,1986,6.2,7.5,9.6,17.6,22.8,26.8,28.9,27.1,23.8,20.0,11.7,6.1,16.6,27.6,18.5,7.7,-0.2,2.0,4.1,11.4,15.7,19.3,21.5,19.6,15.4,12.3,5.6,0.5,10.4,20.1,11.1,1.3,12.8,13.1,15.1,23.9,29.9,34.3,36.3,34.7,32.2,27.7,17.7,11.7,22.9,35.1,25.9,14.2,4.3,7.6,9.5,7.9,5.4,2.0,0.9,1.7,0.9,2.3,6.0,7.9,22.8,4.6,9.2,16.6,13.0,36.6,48.1,33.4,21.4,7.6,1.9,7.4,5.2,9.7,39.0,53.4,102.9,16.8,54.0,82.7
IRAN,1987,7.7,9.4,12.2,17.4,23.7,27.2,28.6,28.3,24.7,16.4,12.8,8.5,17.8,28.0,18.0,7.1,0.7,2.7,6.8,10.3,16.4,19.3,21.0,20.8,16.9,9.7,5.3,1.8,11.1,20.4,10.6,1.2,14.7,16.0,17.7,24.5,31.1,35.1,36.2,35.9,32.6,23.1,20.3,15.2,24.4,35.7,25.3,13.0,2.6,6.1,10.6,5.4,4.5,1.1,2.1,1.3,0.9,7.1,2.1,5.3,20.5,4.5,10.1,21.9,6.1,23.2,61.0,16.3,12.7,2.0,8.4,6.3,3.8,41.8,7.0,29.8,90.1,16.7,52.7,120.4
IRAN,1988,5.6,7.2,12.4,18.0,23.4,27.6,29.6,27.9,24.6,19.2,13.2,9.7,17.9,28.4,19.0,5.6,0.1,1.7,6.3,11.3,15.8,19.8,22.5,20.6,16.4,11.1,5.8,3.4,11.2,20.9,11.1,-0.5,11.1,12.8,18.5,24.7,31.0,35.6,36.8,35.2,32.8,27.2,20.7,16.0,24.7,35.8,26.9,11.7,7.7,8.9,8.3,7.8,2.5,1.2,2.7,2.1,1.3,2.0,2.7,5.3,18.6,6.0,5.9,17.4,38.1,52.5,37.3,34.8,7.3,4.8,12.3,12.0,5.4,7.0,9.9,23.4,79.4,29.2,22.2,70.4
IRAN,1989,3.1,4.1,12.1,17.7,22.2,27.8,29.8,28.1,24.1,19.7,13.4,8.7,17.3,28.6,19.1,6.9,-2.9,-2.1,6.0,10.4,14.4,19.8,22.4,20.4,15.9,11.7,6.6,3.1,10.3,20.9,11.4,1.5,9.1,10.2,18.2,24.9,29.9,35.7,37.2,36.0,32.4,27.8,20.2,14.2,24.3,36.3,26.8,12.3,5.7,6.5,8.6,4.3,3.4,1.1,0.6,0.9,0.9,2.0,4.7,7.5,16.4,2.6,7.6,23.1,21.5,25.4,40.4,10.5,8.0,2.2,1.6,3.5,6.7,12.3,19.8,48.1,59.0,7.3,38.8,125.2
IRAN,1990,4.9,7.0,11.8,17.5,23.9,27.8,29.4,28.7,25.3,18.8,13.9,7.9,17.7,28.6,19.3,6.9,-0.1,1.5,5.0,10.7,16.2,19.8,22.1,21.2,16.9,11.0,6.2,1.3,10.6,21.0,11.4,1.1,10.0,12.6,18.6,24.5,31.6,35.8,36.7,36.4,33.8,26.6,21.7,14.5,24.9,36.3,27.3,12.6,7.6,8.0,5.5,6.7,3.2,0.5,1.0,0.4,0.4,2.5,2.2,5.7,15.3,2.0,5.1,21.0,36.0,41.0,18.5,25.4,8.0,0.9,2.7,2.3,0.9,12.3,7.0,25.4,51.9,5.9,20.2,104.3
IRAN,1991,6.0,6.7,11.5,18.5,21.9,27.1,29.3,28.0,24.2,18.9,12.8,8.0,17.3,28.1,18.7,6.1,0.8,1.4,6.3,11.7,14.8,19.4,21.9,20.3,16.5,11.5,5.9,2.8,10.9,20.5,11.3,0.9,11.2,12.1,16.6,25.4,29.1,34.8,36.8,35.8,32.1,26.4,19.8,13.2,23.7,35.8,26.1,11.4,8.2,7.1,11.4,4.8,4.3,1.1,0.6,0.3,0.4,3.6,3.2,8.2,20.5,2.0,7.2,22.5,47.5,31.3,67.6,13.8,14.8,3.1,2.3,0.8,2.1,12.8,12.1,55.0,96.2,6.2,26.9,126.3
IRAN,1992,4.0,6.4,9.0,16.3,20.6,26.8,28.9,26.9,23.1,18.1,13.3,8.0,15.3,27.5,18.2,6.8,-1.0,0.7,3.4,10.0,14.1,19.3,21.5,19.7,15.1,10.0,6.2,3.1,9.2,20.2,10.4,1.9,8.9,12.1,14.8,22.6,27.2,34.3,36.3,34.2,31.2,26.3,20.5,12.8,21.5,35.0,26.0,11.8,8.1,6.2,8.5,8.3,8.1,2.5,0.8,2.0,0.6,0.9,2.8,7.9,25.0,5.4,4.3,25.4,42.9,28.4,37.8,37.4,39.1,8.7,3.4,6.1,3.8,5.0,13.7,53.9,114.3,18.2,22.5,157.0
IRAN,1993,5.0,7.6,11.1,17.5,22.3,26.8,28.9,27.7,24.6,18.0,11.7,8.2,17.0,27.8,18.1,7.5,-0.0,2.5,5.2,11.0,15.5,19.1,21.6,20.1,16.5,10.1,5.6,1.8,10.6,20.3,10.7,1.4,10.0,12.7,16.9,24.1,29.2,34.7,36.2,35.3,32.8,26.0,17.8,14.7,23.4,35.4,25.5,13.7,8.1,9.4,8.0,7.5,6.0,2.3,0.9,1.3,0.6,2.3,4.9,2.8,21.4,4.5,7.8,14.3,42.5,60.6,34.6,32.3,24.5,8.0,4.8,4.0,3.1,9.1,32.5,9.9,91.4,16.8,44.7,55.2
IRAN,1994,7.2,7.2,12.9,18.5,23.0,27.3,29.3,28.6,23.0,18.6,14.1,6.2,18.1,28.4,18.6,7.4,1.4,1.1,6.9,11.6,15.8,19.7,22.1,21.1,15.1,11.7,8.0,0.4,11.4,21.0,11.6,1.4,13.0,13.3,18.9,25.4,30.2,34.9,36.5,36.2,30.9,25.6,20.3,12.0,24.8,35.9,25.6,13.4,6.7,4.7,8.9,5.8,5.7,1.3,0.7,1.1,1.0,4.8,6.6,5.2,20.4,3.1,12.4,16.7,29.3,16.0,43.1,19.2,18.7,4.8,3.6,3.2,3.6,19.1,45.2,21.9,81.0,11.6,68.0,68.7
IRAN,1995,7.3,8.6,12.0,17.5,22.7,27.0,29.8,29.0,24.4,18.5,13.2,6.6,17.4,28.6,18.7,6.7,0.9,2.8,5.7,10.9,15.5,19.4,22.6,21.2,16.3,10.6,5.2,1.3,10.7,21.1,10.7,1.3,13.7,14.4,18.3,24.2,30.0,34.7,37.1,36.9,32.5,26.4,21.2,12.0,24.2,36.2,26.7,12.0,4.2,7.3,7.7,8.9,4.9,1.9,0.8,0.3,1.6,2.0,1.7,6.4,21.5,2.9,5.3,23.3,11.8,35.1,30.0,41.9,20.0,7.5,5.1,0.8,10.9,7.5,4.8,40.2,91.9,13.4,23.2,133.6
IRAN,1996,5.0,8.4,11.2,17.0,23.2,27.2,29.1,28.2,25.2,18.5,11.7,9.4,17.2,28.2,18.5,7.8,-0.2,2.9,6.4,10.6,16.0,19.8,22.1,20.6,17.2,10.7,4.6,2.3,11.0,20.8,10.8,1.3,10.1,14.0,16.1,23.5,30.4,34.6,36.2,35.8,33.3,26.3,18.9,16.5,23.3,35.5,26.2,14.5,8.1,8.8,11.5,7.3,5.9,1.5,1.2,0.8,0.9,2.5,2.4,3.5,24.7,3.5,5.8,13.9,45.3,48.0,72.0,33.1,20.1,3.9,3.6,2.4,5.2,10.4,8.4,12.5,125.2,9.9,24.0,55.7
IRAN,1997,7.0,7.2,10.6,17.2,22.8,28.0,30.3,29.0,24.6,20.4,11.9,8.1,16.9,29.1,18.9,6.8,0.9,0.6,5.0,10.7,15.6,20.7,23.0,21.2,16.6,13.2,6.0,2.7,10.4,21.7,11.9,1.5,13.1,13.8,16.2,23.8,30.1,35.2,37.6,36.8,32.6,27.6,17.8,13.5,23.4,36.6,26.0,12.1,7.1,3.3,10.4,7.0,4.8,2.4,1.0,0.4,0.7,3.9,5.3,6.6,22.2,3.8,9.8,24.2,34.1,9.2,59.8,27.7,14.4,7.9,6.3,1.1,5.6,10.1,24.4,33.9,101.9,15.4,40.1,134.7
IRAN,1998,5.2,7.1,12.1,19.1,23.6,28.6,30.1,29.3,25.4,19.5,14.4,10.7,18.3,29.3,19.8,9.4,0.2,1.6,6.2,12.1,16.2,21.0,23.0,22.0,17.6,11.4,6.6,3.3,11.5,22.0,11.9,3.2,10.2,12.6,18.0,26.1,31.0,36.2,37.2,36.7,33.3,27.6,22.3,18.0,25.0,36.7,27.7,15.7,8.9,8.7,9.1,5.8,5.1,1.3,1.6,1.2,1.3,2.1,1.6,2.3,19.9,4.2,5.0,17.4,54.8,46.1,44.0,23.2,14.8,2.7,6.2,3.4,7.0,7.6,6.7,7.4,82.0,12.2,21.3,85.2
IRAN,1999,7.0,10.6,12.4,18.7,23.7,28.6,29.4,29.5,25.3,20.3,12.8,8.5,18.2,29.2,19.4,7.6,1.4,4.7,6.3,11.5,15.9,20.8,22.4,21.9,17.4,12.4,6.2,1.3,11.2,21.7,12.0,1.2,12.6,16.4,18.5,25.9,31.6,36.5,36.5,37.1,33.2,28.2,19.4,15.7,25.3,36.7,26.9,14.1,7.9,7.2,9.5,4.6,2.3,0.5,1.9,1.4,0.9,2.1,4.5,3.3,16.4,3.7,7.5,15.9,39.0,38.8,48.1,13.7,8.4,1.1,5.2,5.4,6.1,9.9,19.4,13.5,70.2,11.6,35.4,73.1
IRAN,2000,6.6,7.8,12.2,20.8,25.2,27.8,29.8,29.0,25.2,18.5,11.5,8.3,19.4,28.9,18.4,7.5,0.9,1.3,5.3,13.2,17.4,19.9,22.4,21.4,17.5,11.2,5.3,2.8,12.0,21.2,11.4,1.3,12.2,14.4,19.1,28.4,33.0,35.7,37.2,36.8,33.0,25.9,17.7,13.9,26.8,36.6,25.5,13.7,8.1,4.5,5.2,2.1,1.5,1.0,0.9,0.8,1.5,4.7,5.5,7.2,8.8,2.7,11.8,17.0,45.2,14.4,19.1,5.8,4.0,2.9,1.6,1.8,8.6,20.0,28.2,44.1,29.0,6.4,56.8,78.0
IRAN,2001,5.7,8.5,14.1,20.3,25.0,28.1,30.0,28.9,25.2,20.0,13.3,10.4,19.8,29.0,19.5,8.8,-0.6,1.8,7.1,12.7,17.3,20.4,22.9,21.1,17.3,12.2,6.2,4.8,12.4,21.4,11.9,2.9,12.1,15.3,21.1,28.0,32.8,35.9,37.2,36.7,33.2,27.8,20.4,16.0,27.3,36.6,27.2,14.7,5.2,4.6,6.8,2.5,4.2,1.7,0.8,0.5,0.8,2.4,3.4,7.3,13.6,3.1,6.6,20.0,19.3,14.7,23.8,7.3,12.4,4.2,3.0,3.4,3.5,11.9,14.6,45.4,43.5,10.5,30.0,100.9
IRAN,2002,6.7,9.2,14.2,18.0,23.8,28.0,29.9,28.8,26.0,21.4,13.1,6.6,18.7,28.9,20.1,7.7,1.1,2.8,7.3,11.8,16.3,20.4,22.5,21.0,17.7,13.4,6.5,1.0,11.8,21.3,12.5,2.1,12.4,15.7,21.2,24.2,31.4,35.7,37.3,36.6,34.4,29.4,19.7,12.2,25.6,36.5,27.8,13.3,7.3,5.5,6.5,8.9,4.0,0.5,1.2,0.7,0.4,1.5,5.4,5.8,19.4,2.3,7.3,19.9,36.6,18.9,22.1,44.5,13.6,1.3,3.3,3.2,0.9,5.6,24.8,29.5,80.2,7.8,31.4,92.8
IRAN,2003,7.2,9.3,12.1,18.5,22.3,27.8,30.0,29.0,24.8,20.9,12.1,7.8,17.6,29.0,19.3,8.8,1.5,3.8,6.2,11.9,14.9,20.1,22.8,21.4,16.8,13.2,5.1,2.0,11.0,21.4,11.7,2.9,13.0,14.8,18.2,25.0,29.7,35.6,37.2,36.7,32.8,28.7,19.2,13.7,24.3,36.5,26.9,14.7,7.3,6.8,8.6,8.4,4.4,1.3,0.7,1.7,0.5,1.8,3.3,6.1,21.3,3.7,5.6,19.3,35.0,28.3,39.8,41.2,14.3,3.8,3.5,5.1,4.2,7.1,16.2,35.3,95.2,12.4,27.4,104.3
IRAN,2004,8.2,10.4,14.7,17.6,23.4,28.2,29.0,29.3,24.7,19.3,14.3,6.7,18.6,28.9,19.4,6.3,3.0,3.8,7.4,11.0,16.1,20.4,21.8,21.4,16.6,11.2,7.8,1.2,11.5,21.2,11.9,0.8,13.4,17.2,21.9,24.2,30.8,36.2,36.3,37.3,32.9,27.4,20.8,12.2,25.7,36.6,27.0,11.8,8.9,4.3,6.4,8.1,5.4,0.9,1.8,0.5,0.5,1.8,4.7,8.1,19.9,3.3,7.0,23.2,56.5,12.6,24.1,40.4,18.2,3.9,9.8,1.0,2.9,6.4,26.5,54.4,82.7,14.6,35.8,131.7
IRAN,2005,5.8,6.4,13.5,18.6,22.5,28.1,30.8,29.0,25.8,20.0,12.7,8.9,18.2,29.3,19.5,8.1,0.3,1.0,7.4,11.5,15.4,20.4,23.6,21.4,17.6,12.1,6.0,2.6,11.4,21.8,11.9,2.1,11.3,11.9,19.6,25.9,29.6,35.8,38.0,36.6,34.1,28.0,19.4,15.3,25.0,36.8,27.1,14.1,8.2,6.8,8.4,4.3,5.2,1.1,0.5,1.5,0.5,0.9,4.9,4.5,18.0,3.1,6.3,18.8,45.1,32.3,39.5,13.6,18.3,3.6,2.1,4.9,3.0,3.9,24.4,19.6,71.4,10.6,31.4,92.6
IRAN,2006,4.8,10.5,14.2,19.0,25.0,28.5,30.4,29.1,24.7,21.6,12.9,5.3,19.4,29.3,19.8,6.6,-0.7,4.5,7.3,12.3,17.4,20.6,23.1,21.4,16.6,14.1,6.7,-0.0,12.4,21.7,12.5,0.8,10.4,16.5,21.0,25.7,32.5,36.5,37.7,36.8,32.9,29.2,19.2,10.7,26.4,37.0,27.1,12.4,8.0,6.3,6.5,7.2,2.8,0.3,0.8,0.5,0.7,3.2,5.1,7.6,16.5,1.6,9.0,20.3,42.7,30.2,21.6,29.7,7.2,0.6,2.8,1.7,4.4,17.7,22.9,49.8,58.5,5.1,45.0,101.3
IRAN,2007,5.3,9.1,11.9,19.0,23.9,28.6,29.8,28.8,24.7,18.8,14.3,7.4,18.2,29.1,19.3,4.8,-1.1,3.6,5.9,12.8,16.5,21.1,22.7,21.1,16.4,10.6,6.5,1.3,11.7,21.6,11.1,-1.2,11.7,14.7,17.8,25.2,31.4,36.2,37.0,36.5,33.2,27.0,22.1,13.6,24.8,36.6,27.4,10.8,5.6,7.1,9.6,7.8,4.2,2.0,1.2,0.7,0.6,1.6,2.4,4.8,21.6,3.9,4.5,16.9,20.2,31.3,49.5,37.9,12.2,7.1,4.7,3.0,2.4,4.2,11.5,21.1,99.7,14.8,18.1,75.4
IRAN,2008,0.7,6.3,16.5,20.2,24.8,29.0,30.6,28.8,25.7,20.4,12.3,7.6,20.5,29.5,19.4,8.0,-4.6,-0.2,8.7,12.8,17.4,21.6,23.4,21.3,18.1,13.0,5.8,1.3,13.0,22.1,12.3,2.0,5.9,12.8,24.3,27.7,32.2,36.5,37.9,36.3,33.3,27.8,18.8,14.0,28.1,36.9,26.7,14.1,7.8,4.3,1.6,3.7,2.1,0.8,0.8,0.8,1.3,4.1,4.0,5.0,7.4,2.4,9.4,16.1,40.2,14.1,4.4,8.6,5.6,2.5,2.9,3.0,9.1,16.5,17.0,21.9,18.7,8.4,42.6,68.6
IRAN,2009,6.0,10.5,14.5,16.3,24.3,27.0,30.4,29.5,25.1,19.4,13.2,8.8,18.3,28.9,19.2,9.3,0.0,4.6,7.9,10.1,17.1,19.7,22.7,22.0,17.4,11.5,6.7,3.4,11.7,21.4,11.9,3.4,12.0,16.5,21.2,22.4,31.6,34.4,38.1,37.0,32.9,27.3,19.8,14.3,25.0,36.5,26.7,15.2,5.7,5.5,8.4,8.8,4.3,2.0,0.3,0.7,1.5,2.4,5.6,6.9,21.4,3.0,9.5,18.7,24.3,22.3,41.1,41.4,10.5,8.1,1.2,3.4,12.4,8.8,30.3,36.5,92.9,12.7,51.5,84.1
IRAN,2010,9.2,9.9,15.7,19.5,24.3,29.2,31.0,28.5,24.8,21.6,13.0,9.0,19.8,29.6,19.8,7.8,2.8,4.0,9.1,12.9,17.1,21.5,23.6,20.9,16.6,13.8,4.6,1.1,13.0,22.0,11.7,1.2,15.6,15.8,22.3,26.2,31.5,36.9,38.5,36.2,33.2,29.4,21.3,16.9,26.7,37.2,28.0,14.3,4.6,7.3,6.1,6.8,5.5,1.2,0.3,0.9,0.6,1.6,1.6,1.7,18.4,2.4,3.9,16.6,14.5,33.1,20.9,29.8,19.0,3.6,1.0,4.7,2.6,6.5,6.1,5.5,69.7,9.3,15.2,83.7
IRAN,2011,6.4,7.9,12.6,18.8,24.9,29.2,30.1,29.6,25.0,19.4,11.1,6.3,18.8,29.6,18.5,6.1,0.5,2.1,6.3,11.9,17.7,21.5,22.6,22.3,17.1,12.1,5.1,-0.7,12.0,22.2,11.4,-0.2,12.3,13.7,18.9,25.8,32.0,36.8,37.5,37.0,33.0,26.7,17.2,13.2,25.6,37.1,25.6,12.4,6.6,8.3,6.4,6.0,4.2,1.5,0.5,1.6,1.3,3.1,6.1,1.6,16.7,3.6,10.5,13.6,31.7,46.5,25.8,22.4,15.1,4.4,2.7,8.0,8.1,20.3,37.4,4.1,63.3,15.1,65.8,56.2
IRAN,2012,6.1,6.0,11.5,19.1,24.7,27.8,30.0,29.2,24.9,19.9,13.5,8.0,18.4,29.0,19.5,8.6,-0.2,0.4,4.9,12.5,17.4,20.4,22.7,21.3,17.0,12.3,7.5,2.0,11.6,21.5,12.3,2.5,12.4,11.6,18.1,25.7,32.1,35.2,37.4,37.1,32.8,27.6,19.6,14.0,25.3,36.5,26.7,14.6,4.6,7.5,5.9,6.2,3.9,1.7,1.5,0.8,1.0,3.6,6.5,7.3,15.9,4.0,11.1,18.5,16.1,36.0,20.0,23.1,10.0,6.5,9.2,2.9,4.4,12.4,38.4,41.0,53.2,18.6,55.2,91.6
IRAN,2013,7.8,10.0,14.5,18.0,23.6,28.9,30.9,28.7,25.9,19.6,13.2,7.1,18.7,29.5,19.6,6.4,1.4,4.2,7.8,11.4,16.3,21.4,23.3,21.3,17.8,11.7,7.0,0.6,11.8,22.0,12.1,0.3,14.1,15.8,21.2,24.6,31.0,36.4,38.5,36.1,34.0,27.7,19.4,13.5,25.6,37.0,27.0,12.6,5.1,6.1,6.6,6.6,4.7,0.9,0.3,1.0,0.5,1.6,5.9,4.9,17.8,2.2,8.0,16.9,22.7,27.9,25.9,25.1,15.7,3.5,1.1,8.8,2.9,6.5,36.5,23.5,66.6,13.4,45.8,78.2
IRAN,2014,6.3,5.9,13.2,19.0,24.6,29.0,30.4,29.6,26.1,19.4,11.3,8.1,18.9,29.6,18.9,8.5,0.6,-0.3,7.3,12.4,17.2,21.4,23.0,21.8,18.2,12.3,4.9,1.7,12.3,22.1,11.8,2.6,12.1,12.2,19.2,25.7,31.9,36.6,37.8,37.3,34.0,26.4,17.6,14.5,25.6,37.3,26.0,14.5,6.9,5.0,8.9,6.4,3.3,1.6,0.8,0.4,0.6,4.2,5.1,4.1,18.6,2.8,9.8,16.4,35.8,18.9,43.2,23.5,10.5,3.4,2.9,1.1,2.9,19.6,27.7,13.5,77.2,7.3,50.3,64.1
IRAN,2015,7.5,10.0,12.3,19.7,24.9,29.8,30.5,29.2,25.0,19.8,12.7,7.5,18.9,29.8,19.1,8.5,1.5,4.5,6.4,12.7,17.6,22.2,23.4,21.6,17.3,12.3,5.8,1.8,12.2,22.4,11.8,2.6,13.4,15.4,18.2,26.6,32.2,37.4,37.8,36.8,32.8,27.3,19.5,13.2,25.7,37.3,26.5,14.5,5.3,7.1,8.7,4.1,4.3,1.0,1.6,0.7,1.1,3.5,4.1,6.1,17.1,3.2,8.7,17.4,20.3,30.3,39.4,13.8,15.2,1.5,7.7,4.2,6.6,17.6,18.9,31.8,68.4,13.3,43.0,74.9
IRAN,2016,8.1,10.0,14.3,18.5,25.1,28.7,30.8,29.1,26.3,19.2,11.6,9.1,19.3,29.5,19.0,7.4,2.4,3.7,8.5,11.8,18.0,21.2,23.6,21.2,18.4,11.5,4.6,2.9,12.7,22.0,11.5,1.4,13.8,16.4,20.2,25.2,32.3,36.2,38.0,37.0,34.2,26.9,18.6,15.3,25.9,37.1,26.6,13.4,6.3,4.9,8.0,6.9,5.2,1.1,1.1,0.2,0.8,1.6,2.7,5.0,20.1,2.4,5.1,19.0,24.5,18.6,34.4,31.7,16.4,5.4,6.8,0.4,5.3,7.7,11.0,24.2,82.4,12.6,24.0,95.7
IRAN,2017,6.2,6.9,13.1,19.4,25.1,29.4,30.7,29.1,25.7,20.3,13.6,8.0,19.2,29.7,19.9,8.5,0.3,1.1,7.1,12.7,17.7,21.7,23.2,21.3,17.4,12.5,6.9,1.2,12.5,22.1,12.2,2.3,12.1,12.7,19.1,26.3,32.5,37.1,38.3,36.9,34.1,28.2,20.5,14.8,26.0,37.4,27.6,14.7,6.8,7.2,8.3,5.9,5.1,0.7,1.0,0.4,0.4,1.7,3.2,2.7,19.3,2.1,5.3,14.8,34.3,37.1,38.3,21.7,19.9,2.3,4.0,2.4,2.7,7.7,14.0,9.4,79.9,8.7,24.4,59.4
IRAN,2018,7.2,10.2,16.6,18.6,23.4,29.3,31.5,29.7,25.9,19.7,12.5,9.1,19.5,30.2,19.3,8.6,1.0,4.5,9.9,12.1,16.5,21.8,24.0,22.1,17.8,12.5,6.3,3.1,12.9,22.7,12.2,2.9,13.4,16.0,23.2,25.1,30.4,36.9,39.1,37.3,34.0,26.9,18.7,15.2,26.2,37.7,26.5,14.5,4.8,7.3,4.8,7.9,6.3,2.1,0.5,0.4,0.5,4.0,5.3,4.9,19.0,3.0,9.8,19.4,17.2,32.9,15.7,37.2,29.8,5.7,1.3,1.9,2.7,15.9,35.5,22.0,82.6,8.9,54.1,96.3
IRAN,2019,8.2,8.6,12.2,17.4,24.0,29.5,31.2,29.3,26.2,20.8,11.0,9.1,17.8,30.0,19.3,8.3,2.4,3.1,6.6,11.5,16.7,22.1,23.9,21.8,18.2,13.3,4.1,3.1,11.6,22.6,11.9,2.6,14.1,14.1,17.8,23.4,31.2,37.0,38.6,36.8,34.1,28.3,17.9,15.1,24.1,37.5,26.8,14.1,7.6,6.9,9.8,8.8,5.3,1.2,0.6,0.4,0.7,3.2,4.1,6.0,23.9,2.3,8.0,19.5,42.0,32.2,58.0,47.2,18.3,3.6,2.4,1.9,3.9,18.7,18.1,30.1,123.5,7.9,40.7,98.6
IRAN,2020,6.0,9.9,13.1,17.8,24.3,29.5,30.8,29.1,25.0,18.3,12.5,6.6,18.4,29.8,18.6,7.8,0.7,4.1,7.1,11.6,16.8,21.8,23.7,21.8,16.9,10.0,6.2,1.0,11.8,22.4,11.0,1.4,11.4,15.8,19.1,24.2,31.8,37.3,37.9,36.4,33.1,26.6,18.9,12.2,25.0,37.2,26.2,14.1,6.9,6.6,8.8,9.3,4.4,0.5,0.9,0.9,0.4,1.5,5.7,5.8,22.5,2.3,7.6,14.0,37.4,31.1,43.5,54.1,14.5,1.5,3.8,6.4,0.9,7.1,35.0,28.4,112.1,11.6,43.0,58.9
IRAN,2021,6.1,10.6,14.7,21.0,25.2,30.3,31.3,29.7,26.6,19.2,12.7,9.2,20.3,30.5,19.5,8.8,-0.8,4.0,8.3,13.6,17.6,22.3,24.1,22.1,18.5,11.4,5.8,3.0,13.2,22.9,11.9,2.7,12.9,17.2,21.1,28.5,32.8,38.4,38.5,37.4,34.7,27.0,19.6,15.5,27.5,38.1,27.1,15.0,2.8,5.3,5.9,3.1,4.7,0.4,1.4,0.9,0.4,1.8,3.7,4.3,13.8,2.6,6.0,16.8,10.2,20.3,22.0,7.8,15.4,0.6,5.7,4.7,2.7,8.5,14.3,19.3,45.1,11.1,25.5,73.6
IRAN,2022,7.0,10.3,14.3,20.3,23.8,29.8,29.7,29.1,25.9,20.9,14.4,8.0,19.5,29.5,20.4,7.4,1.3,3.9,8.2,13.6,16.8,22.1,22.3,21.6,17.7,13.1,7.5,2.2,12.9,22.0,12.8,1.4,12.7,16.7,20.4,27.1,30.9,37.4,37.1,36.6,34.2,28.8,21.3,13.9,26.1,37.0,28.1,13.4,7.2,5.3,5.2,5.7,3.9,0.9,1.1,0.3,0.6,1.6,3.7,5.5,14.7,2.3,5.9,19.1,35.6,18.6,19.0,23.0,15.8,2.5,5.9,1.2,5.0,5.3,16.6,26.6,57.7,9.6,27.0,93.6
IRAN,2023,4.5,9.7,15.7,19.0,24.3,29.7,31.3,29.8,26.2,21.3,15.5,10.4,19.6,30.3,21.0,9.7,-1.6,3.7,9.3,12.1,17.0,22.3,24.0,22.4,18.3,14.0,8.9,4.0,12.8,22.9,13.8,3.6,10.6,15.8,22.1,25.9,31.5,37.2,38.6,37.4,34.1,28.6,22.1,16.9,26.5,37.7,28.3,15.9,6.7,6.8,7.5,6.1,4.8,2.6,0.8,0.8,0.6,3.2,3.9,3.8,18.4,4.1,7.7,17.2,37.1,29.8,27.7,25.7,18.2,8.5,3.1,3.7,3.6,9.0,15.5,16.3,71.5,15.4,28.1,84.3
IRAN,2024,9.5,9.2,13.2,18.8,23.2,29.2,30.5,30.3,25.8,20.5,15.0,7.3,18.4,30.0,20.4,-999.0,3.4,3.3,7.1,12.3,16.5,21.7,23.3,23.0,18.0,13.2,8.3,1.2,12.0,22.7,13.1,-999.0,15.6,15.0,19.3,25.5,30.0,36.7,37.8,37.5,33.5,27.9,21.7,13.4,24.9,37.3,27.7,-999.0,5.3,8.0,7.3,6.9,7.1,1.5,1.1,1.3,0.8,3.0,4.0,4.9,21.3,3.8,7.8,-999.0,22.1,45.8,31.5,27.5,34.8,7.7,4.3,4.7,4.9,11.6,18.0,23.4,93.8,16.6,34.5,-999.0
KAZAKHSTAN,1901,-14.6,-9.9,-1.7,9.9,15.9,20.0,23.4,20.4,13.9,3.1,-1.2,-7.8,8.0,21.3,5.3,-8.9,-19.3,-15.0,-6.7,3.7,9.1,13.3,16.5,13.4,7.1,-2.6,-5.6,-11.9,2.0,14.4,-0.4,-13.5,-9.9,-4.8,3.3,16.1,22.8,26.7,30.5,27.5,20.8,8.9,3.2,-3.7,14.1,28.2,11.0,-4.4,11.3,6.4,9.6,8.0,7.4,7.9,6.3,5.1,6.4,7.2,10.0,12.3,25.1,19.3,23.6,32.2,18.9,9.3,22.7,24.7,24.0,28.0,23.3,19.2,17.6,21.4,25.0,26.0,71.3,70.5,64.0,63.0
KAZAKHSTAN,1902,-8.2,-10.9,-4.0,5.3,15.8,22.2,23.8,22.4,14.7,5.2,-4.8,-9.8,5.7,22.8,5.0,-9.5,-12.8,-15.9,-9.1,-0.7,9.1,15.0,17.0,15.1,7.7,-0.4,-9.5,-14.4,-0.2,15.7,-0.7,-14.1,-3.6,-5.9,1.0,11.3,22.5,29.3,30.7,29.8,21.7,10.9,-0.2,-5.3,11.6,30.0,10.8,-4.9,13.3,6.6,9.9,6.7,8.1,6.7,7.3,5.1,4.9,8.8,10.9,13.4,24.7,19.0,24.6,36.5,28.0,9.0,22.9,19.7,28.5,21.1,26.5,13.9,12.7,24.0,32.1,31.5,71.1,61.6,68.8,77.3
KAZAKHSTAN,1903,-11.7,-6.9,-7.7,6.1,14.2,20.2,22.9,21.4,14.5,5.8,-3.5,-10.9,4.2,21.5,5.6,-11.4,-16.4,-11.7,-12.7,0.2,7.7,13.3,16.0,14.2,7.8,0.1,-7.7,-15.1,-1.6,14.5,0.1,-16.0,-7.1,-2.1,-2.7,12.0,20.8,27.1,29.9,28.6,21.3,11.5,0.8,-6.7,10.0,28.5,11.2,-6.8,12.3,10.8,7.6,4.9,8.6,7.6,6.7,6.3,7.0,9.2,8.1,9.4,21.1,20.5,24.3,29.5,22.8,23.0,14.1,11.0,32.6,29.4,23.4,23.2,22.2,26.2,16.6,15.2,57.7,76.0,65.0,49.8
KAZAKHSTAN,1904,-15.7,-7.7,-5.4,4.5,16.5,20.4,23.3,21.3,14.1,5.7,-0.6,-5.7,5.2,21.7,6.4,-10.6,-20.3,-12.7,-10.3,-1.6,9.8,13.5,16.3,14.3,7.1,-0.1,-5.1,-9.8,-0.7,14.7,0.6,-15.3,-11.1,-2.7,-0.4,10.6,23.4,27.5,30.4,28.4,21.2,11.4,3.9,-1.5,11.2,28.8,12.2,-5.9,10.4,9.7,5.7,6.7,8.5,7.4,4.5,5.5,3.8,7.8,9.3,13.4,21.0,17.5,20.9,33.1,16.1,18.5,10.1,19.9,27.8,23.7,12.8,20.2,8.9,17.2,22.1,31.4,57.8,56.7,48.1,64.3
KAZAKHSTAN,1905,-12.9,-13.1,-9.9,4.3,15.2,20.1,22.8,20.5,15.6,9.7,0.0,-6.2,3.2,21.1,8.5,-11.7,-17.8,-18.2,-15.7,-1.9,8.3,12.9,15.7,13.8,8.5,3.1,-4.6,-10.5,-3.1,14.1,2.3,-16.4,-8.2,-8.0,-4.2,10.5,22.2,27.3,29.9,27.2,22.8,16.4,4.7,-2.1,9.5,28.1,14.6,-7.0,11.4,8.3,6.3,6.3,8.7,7.9,7.8,8.0,4.8,5.4,9.5,11.7,21.3,23.7,19.8,28.8,20.1,12.9,10.8,17.4,29.6,29.3,32.4,35.1,12.1,11.8,22.5,23.7,57.8,96.8,46.4,50.4
KAZAKHSTAN,1906,-13.6,-15.2,-1.5,8.1,16.3,22.7,23.6,22.3,14.1,6.1,-3.1,-6.4,7.6,22.9,5.7,-10.9,-18.4,-20.4,-6.4,2.1,9.3,15.5,16.4,14.9,7.2,0.5,-7.7,-10.4,1.7,15.6,0.0,-15.4,-8.8,-10.1,3.3,14.2,23.4,30.0,30.8,29.6,21.1,11.6,1.4,-2.4,13.6,30.1,11.4,-6.4,11.2,5.9,8.9,7.4,8.0,8.0,6.9,6.8,6.2,7.2,10.0,10.6,24.3,21.7,23.4,31.1,18.7,8.0,20.5,21.4,26.4,28.3,24.4,26.1,17.5,17.2,24.7,19.3,68.3,78.8,59.4,56.4
KAZAKHSTAN,1907,-13.4,-13.0,-4.6,7.1,14.7,19.2,24.0,21.8,14.5,4.7,-6.4,-9.1,5.7,21.7,4.2,-11.9,-18.1,-17.8,-9.6,1.4,8.0,12.1,16.9,14.7,7.7,-0.7,-11.0,-13.2,-0.1,14.6,-1.3,-16.6,-8.8,-8.2,0.4,12.7,21.5,26.5,31.1,29.0,21.3,10.0,-1.9,-5.0,11.5,28.9,9.8,-7.3,13.1,7.3,7.5,7.7,8.3,7.4,6.3,6.0,7.2,9.7,9.7,11.4,23.5,19.7,26.6,32.0,26.4,10.6,15.4,24.1,28.2,24.6,20.0,20.8,24.2,29.8,23.3,21.6,67.6,65.4,77.3,58.8
KAZAKHSTAN,1908,-13.3,-13.4,-7.8,5.0,15.4,20.6,22.6,21.2,15.3,4.0,-3.3,-8.8,4.2,21.5,5.3,-11.3,-18.3,-18.3,-13.0,-0.9,8.7,13.4,15.6,13.9,8.1,-1.6,-8.3,-13.2,-1.7,14.3,-0.6,-16.2,-8.4,-8.5,-2.6,11.1,22.1,27.8,29.7,28.6,22.6,9.6,1.7,-4.4,10.2,28.7,11.3,-6.5,11.9,8.7,8.9,6.5,9.1,7.3,6.2,5.6,5.1,9.3,10.3,10.9,24.5,19.1,24.7,29.7,22.8,14.4,18.4,17.4,32.7,25.6,24.4,19.7,11.8,25.4,26.6,19.8,68.5,69.6,63.9,50.2
KAZAKHSTAN,1909,-15.1,-10.0,-7.5,9.1,16.3,20.7,24.2,21.3,15.5,5.5,1.9,-7.9,6.0,22.1,7.6,-10.1,-20.1,-15.2,-12.7,2.9,9.1,13.7,16.9,13.8,7.9,-1.0,-2.9,-12.4,-0.2,14.8,1.3,-15.0,-10.2,-4.9,-2.2,15.2,23.5,27.8,31.6,28.8,23.1,12.1,6.6,-3.5,12.2,29.4,13.9,-5.3,10.5,8.2,6.0,6.6,6.9,8.2,6.0,4.8,3.8,6.0,7.6,9.9,19.5,19.0,17.4,29.1,17.0,13.3,11.2,20.7,19.4,29.2,20.2,12.4,9.2,13.5,14.8,16.2,51.3,61.9,37.5,47.7
KAZAKHSTAN,1910,-9.9,-12.6,-5.4,8.0,17.1,20.0,24.3,21.7,14.6,4.7,-3.2,-9.8,6.6,22.0,5.4,-12.2,-14.6,-18.0,-11.1,1.3,10.0,12.8,17.0,14.2,7.5,-1.0,-7.8,-14.1,0.1,14.7,-0.4,-16.9,-5.1,-7.2,0.3,14.8,24.3,27.2,31.6,29.2,21.7,10.4,1.5,-5.5,13.1,29.4,11.2,-7.6,11.5,7.7,8.5,5.7,7.4,7.8,7.2,4.6,4.8,8.4,7.6,9.2,21.5,19.7,20.8,28.2,19.6,11.9,18.6,13.5,22.0,27.1,27.2,12.9,11.6,20.8,15.3,15.1,54.2,67.2,47.7,46.2
KAZAKHSTAN,1911,-13.9,-13.0,-6.7,8.0,14.9,22.0,23.9,19.8,13.4,4.6,-0.3,-9.7,5.4,21.9,5.9,-10.6,-18.4,-18.1,-11.8,2.0,7.9,14.9,16.8,12.9,7.0,-0.8,-4.5,-13.5,-0.6,14.9,0.6,-15.1,-9.4,-8.0,-1.6,14.1,21.9,29.2,31.0,26.7,20.0,10.0,3.9,-5.9,11.4,29.0,11.3,-6.1,9.8,9.2,7.5,5.9,7.6,5.5,7.0,6.7,7.2,9.2,9.2,9.6,21.0,19.2,25.6,29.3,15.1,16.0,14.2,15.6,22.6,15.1,24.8,28.6,24.7,26.0,21.4,16.0,52.4,68.5,72.1,50.4
KAZAKHSTAN,1912,-10.0,-12.1,-6.2,7.3,15.6,21.5,22.9,19.7,14.5,4.8,-2.0,-8.8,5.6,21.3,5.7,-10.7,-14.4,-17.3,-11.4,1.5,9.2,14.5,15.9,12.7,7.4,-1.0,-6.2,-12.8,-0.2,14.3,0.0,-15.1,-5.6,-6.8,-1.1,13.1,22.0,28.5,29.9,26.7,21.6,10.6,2.2,-4.8,11.4,28.4,11.4,-6.3,9.6,10.1,8.0,6.0,9.0,8.8,5.8,5.2,4.7,7.5,8.2,11.2,22.9,19.8,20.4,32.7,13.9,20.5,15.2,15.3,32.7,35.1,17.7,16.0,11.0,18.3,16.2,22.3,63.2,68.9,45.6,61.2
KAZAKHSTAN,1913,-10.2,-13.0,-3.1,5.0,15.1,19.6,24.0,21.5,15.1,5.7,-0.3,-3.6,5.7,21.7,6.8,-5.9,-14.3,-18.2,-7.8,-1.2,8.3,12.6,16.9,14.1,7.9,0.4,-4.1,-7.5,-0.2,14.5,1.4,-10.1,-6.1,-7.8,1.6,11.2,22.0,26.7,31.1,29.0,22.3,11.1,3.6,0.2,11.6,28.9,12.3,-1.8,12.2,9.2,9.6,5.7,8.0,7.8,6.3,3.8,4.6,10.1,9.6,10.9,23.2,17.8,24.3,33.2,22.7,16.3,21.5,13.4,26.1,30.0,24.0,11.1,11.0,30.7,23.1,20.5,60.9,65.1,64.8,63.3
KAZAKHSTAN,1914,-7.3,-6.9,-2.2,7.4,16.0,20.6,22.3,21.5,14.6,5.4,-4.1,-10.1,7.1,21.5,5.3,-10.0,-11.5,-11.4,-6.8,1.9,9.5,13.9,15.3,14.4,7.5,-0.6,-8.4,-14.1,1.5,14.5,-0.5,-14.3,-3.1,-2.5,2.5,13.0,22.6,27.4,29.4,28.6,21.7,11.4,0.2,-6.1,12.7,28.4,11.1,-5.9,12.9,9.5,10.0,9.1,9.8,8.3,4.8,6.0,5.6,7.1,9.5,11.4,28.8,19.1,22.3,29.2,25.8,17.0,23.8,32.3,38.6,31.5,14.4,20.8,15.4,15.4,22.9,22.3,94.7,66.7,53.7,50.0
KAZAKHSTAN,1915,-10.6,-9.5,-2.5,8.8,16.9,22.5,23.2,21.4,16.0,4.5,-0.8,-6.5,7.7,22.4,6.6,-10.0,-14.7,-14.1,-7.3,3.1,10.4,15.4,16.6,14.5,8.8,-1.2,-5.4,-10.7,2.0,15.5,0.7,-14.6,-6.5,-5.0,2.3,14.6,23.5,29.6,29.9,28.4,23.2,10.2,3.9,-2.4,13.5,29.3,12.4,-5.4,10.9,6.9,9.6,7.3,7.5,7.4,9.4,5.7,4.5,9.1,7.4,12.8,24.5,22.5,21.0,31.5,17.7,10.0,22.0,24.1,26.5,25.1,44.8,19.9,11.2,28.3,15.0,29.4,72.6,89.9,54.5,60.3
KAZAKHSTAN,1916,-10.7,-12.8,-6.4,7.7,16.6,20.4,23.1,21.6,15.1,6.4,-3.7,-10.8,6.0,21.7,5.9,-10.6,-15.4,-17.8,-11.5,1.6,9.3,13.1,16.1,14.1,7.8,0.1,-8.9,-15.0,-0.2,14.5,-0.3,-15.2,-6.1,-7.9,-1.4,13.9,23.9,27.8,30.1,29.1,22.5,12.7,1.5,-6.5,12.1,29.0,12.2,-6.0,11.4,7.2,8.9,7.4,5.0,6.8,7.7,3.6,5.3,6.2,7.4,10.5,21.4,18.1,19.0,29.4,19.7,11.2,20.1,22.4,11.5,23.8,34.1,9.3,13.3,12.3,15.0,19.2,53.9,67.2,40.6,50.5
KAZAKHSTAN,1917,-9.6,-11.4,-5.9,9.5,17.4,19.0,23.0,20.6,15.9,6.9,-0.1,-10.0,7.0,20.9,7.6,-10.7,-14.5,-16.1,-11.6,2.8,10.3,12.1,16.2,13.4,8.7,0.7,-4.6,-14.4,0.5,13.9,1.6,-15.7,-4.7,-6.7,-0.2,16.3,24.6,25.9,29.9,27.8,23.1,13.1,4.4,-5.6,13.6,27.9,13.5,-5.9,9.0,10.0,8.2,4.2,4.7,7.2,7.5,6.2,4.6,6.6,8.4,8.3,17.1,20.9,19.6,27.5,12.4,18.9,15.1,8.9,11.0,26.5,28.5,21.4,12.3,14.0,16.9,12.5,34.9,76.4,43.3,43.9
KAZAKHSTAN,1918,-10.0,-12.3,-5.2,6.2,13.8,21.4,23.4,22.1,15.4,7.3,-3.4,-14.1,5.0,22.3,6.4,-14.2,-15.1,-17.4,-10.5,0.0,7.1,14.2,16.3,14.4,7.9,0.9,-8.0,-18.5,-1.1,15.0,0.3,-19.0,-4.9,-7.1,0.2,12.4,20.6,28.7,30.7,29.8,22.9,13.8,1.1,-9.8,11.0,29.7,12.6,-9.5,11.2,8.0,8.7,6.4,7.9,6.2,7.4,4.1,4.0,6.3,8.4,7.9,23.1,17.8,18.7,28.2,18.4,13.1,19.1,17.0,27.9,17.6,27.2,11.2,9.9,13.2,19.4,13.8,64.1,55.9,42.5,49.5
KAZAKHSTAN,1919,-17.6,-10.9,-7.0,8.9,14.4,19.6,23.1,21.3,14.5,8.1,-2.8,-8.5,5.4,21.3,6.6,-11.2,-22.3,-16.2,-12.6,2.6,7.9,13.2,16.2,14.0,7.5,2.0,-7.7,-12.9,-0.7,14.5,0.6,-15.7,-13.0,-5.8,-1.5,15.2,20.9,26.1,30.1,28.6,21.5,14.2,2.0,-4.2,11.5,28.3,12.6,-6.7,10.7,9.5,9.3,6.9,8.1,8.4,6.7,4.9,5.9,6.6,8.0,9.9,24.3,20.0,20.6,28.2,18.2,17.6,22.7,19.9,25.9,32.8,27.3,17.3,17.9,15.5,18.7,16.9,68.5,77.4,52.2,46.9
KAZAKHSTAN,1920,-10.3,-14.7,-3.6,7.4,16.1,22.1,22.9,21.7,14.8,4.9,-4.5,-13.9,6.6,22.2,5.1,-12.1,-14.6,-19.6,-8.5,1.4,9.3,15.3,15.9,14.6,8.0,-0.4,-8.3,-18.0,0.7,15.3,-0.2,-16.7,-6.0,-9.8,1.2,13.4,23.0,29.0,30.0,28.7,21.7,10.3,-0.7,-9.8,12.6,29.2,10.4,-7.5,10.3,8.0,8.1,6.5,7.1,5.9,7.5,6.2,5.4,9.3,9.9,9.7,21.7,19.7,24.6,29.4,16.6,13.4,15.4,18.1,21.3,17.7,29.0,21.1,15.3,28.5,25.4,16.0,54.8,67.8,69.1,49.2
KAZAKHSTAN,1921,-10.9,-11.5,-4.6,7.8,15.9,21.7,24.0,20.7,14.3,6.8,-2.3,-8.9,6.4,22.2,6.3,-11.3,-15.7,-16.5,-9.4,2.2,9.0,14.9,17.3,13.8,7.3,1.3,-6.8,-13.1,0.6,15.3,0.6,-15.7,-6.2,-6.5,0.2,13.6,22.8,28.6,30.8,27.7,21.4,12.4,2.2,-4.8,12.2,29.0,12.0,-6.8,10.6,9.0,8.2,6.7,6.1,6.9,6.9,6.8,5.4,9.7,7.7,11.1,21.1,20.6,22.8,28.5,17.0,16.3,17.7,23.2,18.3,22.0,27.1,25.3,13.2,28.6,16.3,21.4,59.2,74.4,58.0,46.8
KAZAKHSTAN,1922,-12.5,-12.4,-1.9,8.4,16.6,20.7,23.7,20.8,14.3,6.4,0.1,-6.3,7.7,21.7,6.9,-10.8,-16.8,-17.3,-6.7,2.3,10.0,13.9,16.8,13.7,7.3,0.8,-4.7,-10.5,1.9,14.8,1.1,-15.4,-8.2,-7.5,2.9,14.5,23.2,27.6,30.6,27.9,21.3,12.0,4.9,-2.1,13.5,28.7,12.7,-6.2,8.9,8.5,8.8,6.6,8.2,7.3,7.1,6.1,5.3,9.2,7.3,11.1,23.6,20.4,21.7,26.9,11.7,13.7,18.2,19.3,26.7,25.8,29.1,24.2,15.3,25.6,13.6,21.0,64.2,79.1,54.5,43.3
KAZAKHSTAN,1923,-13.1,-12.8,-3.7,5.5,15.8,22.9,23.7,22.5,15.0,8.9,0.9,-8.2,5.9,23.0,8.3,-11.0,-17.7,-17.9,-8.6,-0.7,9.0,15.9,16.6,14.9,7.9,3.3,-3.3,-12.7,-0.1,15.8,2.6,-15.7,-8.7,-7.8,1.1,11.8,22.7,30.0,30.8,30.2,22.2,14.4,5.2,-3.7,11.9,30.3,13.9,-6.3,8.1,7.7,9.7,8.1,7.0,6.8,6.4,3.4,5.4,10.3,9.6,10.2,24.8,16.6,25.3,27.1,9.8,12.5,24.8,26.6,20.9,20.7,23.1,8.8,14.8,32.2,22.8,17.0,72.4,52.6,69.7,42.3
KAZAKHSTAN,1924,-11.9,-12.8,-5.9,8.0,15.1,20.6,24.3,21.3,15.5,6.3,-1.2,-8.3,5.7,22.1,6.9,-9.7,-16.6,-17.7,-11.3,2.0,8.3,13.5,17.2,14.1,8.3,0.4,-5.6,-12.3,-0.3,15.0,1.0,-14.2,-7.3,-8.0,-0.5,14.0,21.9,27.9,31.3,28.5,22.8,12.3,3.2,-4.3,11.8,29.2,12.8,-5.3,9.3,7.7,8.3,7.8,7.7,7.5,6.8,5.0,5.4,6.6,9.1,9.7,23.7,19.4,21.0,27.2,12.9,12.4,16.2,23.5,26.6,25.7,22.3,18.6,12.7,13.6,20.4,16.6,66.3,66.6,46.7,43.0
KAZAKHSTAN,1925,-10.3,-10.6,-1.5,6.3,15.6,21.0,23.1,22.5,16.1,7.8,-0.3,-5.5,6.8,22.2,7.9,-9.4,-14.8,-15.4,-6.5,0.2,8.6,13.8,15.9,15.1,8.7,1.7,-5.2,-10.1,0.8,14.9,1.7,-14.2,-5.9,-5.8,3.4,12.4,22.6,28.2,30.4,30.0,23.6,14.0,4.6,-1.0,12.8,29.5,14.1,-4.7,10.7,6.9,8.9,8.7,7.8,7.4,5.8,4.5,3.9,7.8,10.4,11.6,25.4,17.7,22.2,31.7,16.9,9.5,19.0,30.0,24.1,26.8,18.6,13.0,10.5,18.1,25.9,23.2,73.2,58.3,54.5,56.8
KAZAKHSTAN,1926,-10.4,-12.3,-2.1,5.2,14.5,20.4,21.4,21.1,14.8,7.1,-1.4,-7.6,5.9,21.0,6.8,-11.7,-14.9,-17.5,-6.9,-0.5,7.8,13.5,14.6,14.0,7.6,1.1,-5.9,-11.8,0.2,14.0,0.9,-16.4,-6.0,-7.1,2.7,10.9,21.2,27.3,28.2,28.3,22.1,13.1,3.1,-3.4,11.6,27.9,12.8,-7.1,11.2,8.9,8.2,8.7,8.2,8.2,7.9,6.1,5.5,7.7,9.4,10.7,25.1,22.2,22.6,28.0,18.1,15.4,16.0,29.1,26.8,29.0,31.8,20.5,13.4,17.9,22.8,19.7,71.9,81.3,54.1,44.8
KAZAKHSTAN,1927,-15.8,-11.9,-8.1,8.3,17.1,21.7,25.0,21.9,16.0,8.4,-2.7,-11.0,5.8,22.9,7.2,-12.3,-20.6,-16.8,-13.4,1.8,10.0,14.4,17.7,14.7,8.7,2.4,-7.4,-15.5,-0.5,15.6,1.2,-17.1,-11.0,-7.0,-2.9,14.8,24.3,29.1,32.3,29.3,23.3,14.5,2.1,-6.6,12.1,30.2,13.3,-7.6,9.6,7.6,9.3,4.4,6.0,6.1,5.8,5.8,5.2,10.5,9.7,11.8,19.7,17.7,25.5,31.4,14.1,11.0,19.3,11.1,15.1,19.7,17.6,20.8,14.0,33.8,25.0,24.6,45.5,58.1,72.8,58.8
KAZAKHSTAN,1928,-14.4,-11.6,-9.6,5.0,15.6,20.7,22.7,20.1,14.3,6.7,-1.1,-10.6,3.7,21.2,6.7,-14.5,-19.2,-16.6,-14.9,-0.3,9.4,13.9,16.1,13.4,7.6,0.0,-6.2,-15.3,-2.0,14.5,0.5,-19.6,-9.6,-6.5,-4.3,10.4,21.9,27.5,29.4,26.8,21.1,13.4,4.1,-6.0,9.3,27.9,12.9,-9.3,10.0,9.6,8.3,8.7,9.9,7.4,8.0,7.7,7.1,5.6,7.5,7.8,26.8,23.2,20.2,26.5,15.6,18.6,16.9,31.1,39.8,25.3,34.6,33.9,23.8,11.5,18.5,12.6,87.8,93.8,53.8,43.0
KAZAKHSTAN,1929,-15.8,-16.9,-4.1,8.8,14.6,21.5,24.5,21.7,14.6,6.5,-1.7,-16.1,6.5,22.6,6.5,-14.9,-20.9,-22.6,-9.2,2.2,7.5,14.2,17.3,14.2,7.9,0.3,-6.6,-20.8,0.2,15.2,0.6,-19.7,-10.7,-11.3,1.0,15.5,21.9,28.8,31.8,29.3,21.4,12.7,3.2,-11.4,12.8,30.0,12.5,-10.1,9.9,8.8,9.5,6.4,5.3,7.9,4.3,3.7,7.0,6.3,7.1,8.1,21.2,15.9,20.4,27.4,14.7,15.7,21.1,16.7,15.8,26.1,11.5,10.3,22.7,13.2,12.0,13.1,53.5,47.9,47.9,46.0
KAZAKHSTAN,1930,-14.4,-14.0,-1.3,6.2,16.0,21.7,24.1,21.7,13.3,6.4,-0.2,-12.5,7.0,22.5,6.5,-15.8,-18.8,-19.4,-6.1,-0.0,9.1,14.4,16.9,14.5,6.4,0.7,-4.7,-16.9,1.0,15.3,0.8,-20.4,-10.0,-8.7,3.5,12.4,23.0,29.1,31.4,28.8,20.2,12.1,4.3,-8.2,13.0,29.8,12.2,-11.2,9.0,10.3,7.9,6.5,7.3,5.7,6.2,5.7,5.6,8.1,8.9,10.8,21.7,17.5,22.6,23.0,11.3,21.5,14.4,18.1,25.2,16.9,19.8,21.9,15.1,20.3,18.7,22.5,57.7,58.6,54.1,38.6
KAZAKHSTAN,1931,-15.4,-19.4,-4.7,7.1,14.9,22.0,25.4,21.4,16.3,7.9,-3.9,-10.0,5.8,22.9,6.8,-10.3,-19.6,-24.6,-9.6,1.2,8.1,14.7,18.3,14.5,9.1,2.3,-8.3,-14.2,-0.1,15.9,1.0,-14.8,-11.3,-14.3,0.0,13.1,21.7,29.3,32.6,28.3,23.5,13.6,0.6,-5.9,11.6,30.1,12.6,-5.9,8.3,4.0,9.6,6.6,8.8,7.5,5.7,7.0,4.4,8.0,8.7,11.3,25.0,20.2,21.1,28.7,11.5,4.6,22.3,16.8,30.2,24.3,16.0,26.1,11.3,20.4,19.6,22.2,69.3,66.4,51.3,49.5
KAZAKHSTAN,1932,-9.4,-11.5,-3.7,10.1,15.8,21.0,23.1,20.6,14.9,7.3,-3.0,-10.4,7.4,21.6,6.4,-13.8,-13.6,-16.5,-8.5,4.2,9.1,13.8,16.6,13.6,7.8,1.1,-7.8,-14.7,1.6,14.7,0.4,-18.3,-5.3,-6.4,1.1,16.0,22.4,28.2,29.7,27.7,22.1,13.6,1.7,-6.1,13.2,28.5,12.5,-9.3,9.2,8.2,7.7,7.4,8.1,4.7,7.5,5.1,6.2,7.2,9.0,9.2,23.1,17.4,22.4,24.1,13.7,13.6,14.1,21.8,25.2,11.9,30.2,14.1,17.4,15.7,20.0,14.0,61.2,56.2,53.1,35.1
KAZAKHSTAN,1933,-16.1,-14.8,-6.4,9.4,15.9,20.0,24.3,21.7,14.7,5.6,-1.2,-11.0,6.3,22.0,6.4,-11.9,-20.5,-19.7,-11.1,3.3,9.0,13.0,17.3,14.5,6.9,-0.9,-6.2,-15.4,0.4,15.0,-0.1,-16.3,-11.9,-9.9,-1.8,15.5,22.9,27.1,31.5,29.0,22.6,12.2,3.9,-6.7,12.2,29.2,12.9,-7.6,8.4,6.5,8.3,7.0,6.8,7.5,6.9,5.7,3.1,5.5,10.1,12.2,22.1,20.1,18.6,27.8,10.1,11.0,16.7,20.5,18.5,25.9,25.2,18.4,6.3,9.9,24.7,28.4,55.7,69.5,40.9,52.0
KAZAKHSTAN,1934,-16.3,-8.5,-6.1,3.5,14.7,20.1,21.5,21.7,12.3,6.7,-2.5,-10.5,4.0,21.1,5.5,-11.2,-20.7,-12.9,-11.4,-2.2,8.1,13.5,15.1,14.6,5.9,0.4,-7.5,-14.9,-1.8,14.4,-0.4,-15.7,-11.9,-4.2,-0.8,9.1,21.2,26.8,28.0,28.9,18.7,13.0,2.4,-6.1,9.8,27.9,11.4,-6.6,6.2,9.4,8.2,7.3,8.3,9.0,8.2,6.4,7.1,6.6,6.5,10.6,23.8,23.7,20.2,28.1,5.9,17.7,16.9,23.6,26.5,36.5,37.1,22.6,23.6,12.3,10.8,19.1,67.0,96.2,46.7,45.5
KAZAKHSTAN,1935,-15.7,-7.3,-4.7,8.1,16.3,20.2,23.3,22.7,15.2,9.0,-6.6,-12.2,6.6,22.1,5.9,-12.0,-20.5,-11.7,-9.5,1.7,9.1,13.4,16.4,15.2,8.0,3.0,-11.5,-16.7,0.5,15.0,-0.2,-16.8,-10.9,-2.9,0.0,14.6,23.5,27.0,30.3,30.3,22.4,15.1,-1.8,-7.8,12.7,29.2,11.9,-7.2,8.9,8.6,9.7,5.6,6.0,8.5,7.2,4.8,4.4,7.7,6.4,7.1,21.3,20.5,18.5,21.7,12.4,14.0,23.1,12.1,14.8,30.3,26.4,13.5,10.5,19.3,13.2,10.2,50.0,70.2,43.0,35.1
KAZAKHSTAN,1936,-12.7,-11.1,-6.6,5.7,14.1,21.9,23.1,20.4,15.0,9.4,-0.1,-7.3,4.4,21.8,8.1,-11.4,-17.5,-16.2,-12.1,-0.1,7.1,14.2,15.8,13.3,7.6,2.9,-4.8,-11.2,-1.7,14.4,1.9,-15.8,-8.0,-5.9,-1.2,11.5,21.2,29.6,30.4,27.7,22.4,15.9,4.6,-3.4,10.5,29.3,14.3,-7.0,8.4,6.1,6.8,6.8,7.1,5.0,6.4,7.5,5.1,6.2,6.3,8.5,20.7,18.8,17.6,24.2,13.4,11.5,13.9,18.9,24.0,12.8,23.2,27.8,15.2,18.4,15.9,12.7,56.7,63.8,49.5,35.3
KAZAKHSTAN,1937,-14.3,-12.5,-5.6,5.6,14.0,20.3,24.3,22.0,17.3,8.1,-4.0,-10.6,4.7,22.2,7.1,-10.7,-18.7,-17.4,-10.5,-0.1,7.4,13.4,16.9,14.4,9.5,1.4,-9.1,-15.1,-1.1,14.9,0.6,-15.4,-9.9,-7.8,-0.8,11.4,20.6,27.2,31.7,29.7,25.2,14.8,1.2,-6.2,10.4,29.5,13.7,-6.1,9.3,6.4,7.1,8.4,9.0,8.2,6.2,3.6,3.4,4.8,7.3,7.9,24.4,18.0,15.5,24.5,12.9,9.7,13.2,25.2,28.8,29.0,20.3,9.8,8.9,12.5,15.4,15.7,67.1,59.0,36.9,47.2
KAZAKHSTAN,1938,-12.0,-9.5,-4.5,10.7,16.9,20.2,22.0,21.9,15.2,7.0,-0.2,-15.0,7.7,21.3,7.3,-13.0,-16.4,-14.6,-9.6,4.2,9.9,12.9,15.4,14.3,7.4,0.6,-4.5,-19.2,1.5,14.2,1.2,-17.7,-7.6,-4.4,0.5,17.3,24.0,27.5,28.7,29.5,23.0,13.5,4.1,-10.8,13.9,28.5,13.5,-8.3,7.6,9.1,9.0,7.2,7.2,7.7,9.1,3.8,4.0,6.3,11.0,8.2,23.4,20.6,21.3,25.5,13.5,17.9,16.6,20.8,20.8,24.7,32.8,14.0,9.1,14.5,22.9,15.2,58.2,71.5,46.6,43.2
KAZAKHSTAN,1939,-14.8,-9.2,-4.5,8.1,15.9,23.0,23.9,20.2,14.4,4.1,-2.5,-5.3,6.5,22.4,5.3,-10.9,-19.5,-14.3,-9.5,1.8,9.0,15.2,16.6,12.6,6.5,-1.3,-6.8,-9.2,0.4,14.8,-0.5,-15.4,-10.2,-4.0,0.5,14.5,22.8,30.8,31.2,27.9,22.3,9.6,1.7,-1.5,12.6,30.0,11.2,-6.5,9.1,8.2,7.1,6.7,7.8,4.8,7.1,3.5,4.6,8.3,7.6,11.0,21.7,15.4,20.4,27.7,15.3,12.7,11.5,19.7,26.6,14.3,26.2,9.5,11.6,26.2,17.4,22.2,57.9,50.1,55.2,55.5
KAZAKHSTAN,1940,-15.4,-12.0,-2.2,10.7,13.6,21.0,25.2,23.1,15.6,5.4,-0.7,-6.0,7.4,23.1,6.8,-9.6,-20.0,-17.0,-6.5,3.9,6.9,13.5,17.6,15.4,8.0,0.3,-5.3,-10.4,1.4,15.5,1.0,-14.2,-10.9,-7.0,2.1,17.5,20.4,28.5,32.9,30.8,23.2,10.5,3.8,-1.8,13.3,30.7,12.5,-5.1,8.9,7.9,9.2,5.0,9.3,5.2,5.2,3.1,4.5,12.0,8.5,11.4,23.5,13.5,25.1,30.6,14.7,18.6,16.4,12.7,28.2,14.2,17.1,10.3,13.8,39.1,18.5,26.9,57.2,41.6,71.3,65.1
KAZAKHSTAN,1941,-12.3,-10.6,-2.3,7.8,15.1,21.3,21.9,21.0,15.4,7.2,-5.5,-9.9,6.8,21.4,5.7,-12.4,-17.1,-15.2,-7.2,2.0,8.5,14.1,15.0,14.2,8.1,1.0,-10.0,-14.6,1.1,14.4,-0.3,-17.2,-7.5,-6.0,2.5,13.6,21.7,28.7,28.9,27.8,22.7,13.3,-1.0,-5.2,12.6,28.4,11.7,-7.6,10.1,9.0,8.8,7.1,9.2,5.9,8.2,8.1,6.0,6.8,11.2,12.2,25.1,22.1,24.0,25.1,17.7,20.5,20.3,23.1,26.4,14.9,29.9,29.2,17.9,18.6,27.0,28.7,69.8,74.0,63.5,48.2
KAZAKHSTAN,1942,-11.6,-15.7,-5.8,5.0,14.8,21.4,23.5,20.8,14.8,7.0,-1.7,-8.9,4.7,21.9,6.7,-12.8,-16.4,-20.7,-10.9,-0.1,8.5,14.7,16.5,13.4,7.5,1.3,-6.7,-13.0,-0.8,14.8,0.7,-17.4,-6.9,-10.7,-0.7,10.1,21.2,28.2,30.6,28.2,22.2,12.8,3.4,-4.9,10.2,29.0,12.8,-8.2,9.8,3.1,10.4,8.7,7.8,8.1,5.9,5.8,5.2,7.8,9.4,9.6,26.8,19.7,22.4,24.6,16.0,3.4,27.0,25.8,30.5,25.3,19.7,18.3,11.2,22.1,23.6,14.8,83.3,63.3,56.9,38.8
KAZAKHSTAN,1943,-15.1,-14.4,-6.9,8.6,18.0,20.4,24.0,21.9,14.7,5.9,-5.3,-9.0,6.6,22.1,5.1,-8.5,-19.9,-19.4,-11.9,2.6,10.7,13.4,16.6,14.8,7.3,-0.3,-9.9,-13.2,0.5,15.0,-1.0,-12.8,-10.3,-9.5,-1.8,14.7,25.3,27.4,31.4,29.0,22.1,12.2,-0.9,-4.8,12.7,29.3,11.1,-4.3,8.3,6.7,6.5,8.1,5.8,7.9,4.8,6.4,3.8,6.3,7.9,10.2,20.5,19.2,18.0,28.3,11.9,12.2,10.7,21.7,17.8,25.8,13.8,22.7,9.8,15.4,15.9,22.2,50.2,62.3,41.0,49.3
KAZAKHSTAN,1944,-9.9,-6.6,2.2,9.4,16.8,20.7,23.8,20.3,15.5,6.7,-4.7,-14.6,9.5,21.6,5.8,-16.0,-14.0,-11.2,-3.1,2.6,9.7,13.5,16.6,12.6,8.1,0.7,-8.9,-19.2,3.1,14.2,-0.0,-20.9,-5.9,-2.1,7.5,16.2,24.0,27.8,31.0,28.1,23.0,12.6,-0.6,-10.1,15.9,29.0,11.7,-11.2,9.8,8.3,4.6,5.7,5.9,6.4,5.7,3.0,4.0,6.9,6.9,6.0,16.1,15.1,17.8,19.3,13.8,13.2,9.9,16.1,15.4,21.0,17.4,8.4,10.2,21.2,15.9,8.0,41.4,46.8,47.2,30.4
KAZAKHSTAN,1945,-15.1,-18.3,-6.1,8.4,14.7,20.9,22.2,23.2,14.8,7.7,-4.1,-10.0,5.7,22.1,6.1,-8.7,-19.7,-23.8,-11.3,2.2,8.2,14.0,15.4,15.9,8.0,1.6,-8.7,-14.5,-0.3,15.1,0.3,-13.1,-10.6,-12.8,-0.9,14.7,21.3,27.9,29.1,30.6,21.6,13.7,0.4,-5.5,11.7,29.2,11.9,-4.4,8.6,4.7,7.7,6.7,8.9,7.6,6.6,3.9,5.8,7.8,8.8,11.3,23.3,18.0,22.4,30.0,13.8,8.5,16.8,21.4,28.2,24.6,25.6,12.6,16.7,21.1,19.1,22.0,66.3,62.8,56.9,52.6
KAZAKHSTAN,1946,-11.2,-5.0,-4.9,8.4,15.9,19.5,21.9,20.7,15.3,6.1,-3.7,-14.3,6.5,20.7,5.9,-13.8,-15.5,-9.4,-9.9,2.6,9.2,12.6,15.4,14.0,8.7,0.5,-8.3,-18.8,0.6,14.0,0.3,-18.3,-7.0,-0.6,0.1,14.2,22.7,26.4,28.5,27.5,22.1,11.6,0.8,-10.0,12.3,27.4,11.5,-9.3,11.2,7.5,7.7,8.5,7.5,7.8,9.4,6.7,7.0,8.6,8.4,6.7,23.7,23.9,24.0,22.5,15.4,15.3,19.2,23.8,26.1,32.0,39.5,25.0,23.0,25.9,20.0,10.3,69.2,96.4,68.8,36.0
KAZAKHSTAN,1947,-14.0,-12.9,0.4,9.2,13.9,18.6,21.7,20.9,14.7,7.0,1.9,-9.8,7.8,20.4,7.9,-9.0,-18.4,-17.6,-4.6,3.2,7.5,11.9,14.8,13.7,7.6,0.9,-2.6,-14.4,2.1,13.5,2.0,-13.6,-9.7,-8.2,5.4,15.2,20.2,25.3,28.6,28.0,21.8,13.2,6.4,-5.2,13.6,27.3,13.8,-4.4,10.2,5.6,6.8,8.3,9.2,9.0,6.7,5.9,6.5,7.2,6.9,7.5,24.2,21.7,20.6,23.5,18.0,7.7,16.3,28.4,34.0,34.8,28.4,22.1,23.6,20.2,21.6,16.7,78.7,85.3,65.4,45.8
KAZAKHSTAN,1948,-7.2,-10.1,-3.9,6.1,16.9,22.0,24.1,21.7,14.3,7.9,-1.6,-11.3,6.4,22.6,6.9,-10.9,-11.5,-15.1,-9.1,0.2,9.9,14.8,16.7,13.9,7.6,1.8,-6.1,-15.9,0.4,15.1,1.1,-15.4,-3.0,-5.1,1.2,12.0,24.0,29.3,31.5,29.5,21.0,14.1,2.9,-6.8,12.4,30.1,12.7,-6.4,9.4,6.6,9.2,6.4,6.7,5.7,4.8,2.9,6.9,6.9,7.8,12.2,22.3,13.4,21.7,30.3,16.7,12.4,24.1,21.6,20.5,22.7,14.7,6.8,24.6,18.2,13.9,19.9,66.2,44.2,56.8,44.6
KAZAKHSTAN,1949,-10.7,-10.6,-7.8,6.6,15.8,21.4,22.8,21.8,12.4,5.3,-4.0,-11.7,4.9,22.0,4.6,-13.8,-14.9,-15.6,-13.0,1.4,9.3,14.4,15.6,14.8,5.5,-0.7,-8.9,-16.4,-0.7,14.9,-1.4,-18.6,-6.6,-5.8,-2.7,11.8,22.4,28.5,30.0,29.0,19.4,11.4,0.9,-7.0,10.5,29.2,10.6,-9.0,8.4,9.8,6.6,9.7,9.3,6.8,6.4,6.5,4.9,8.0,7.4,6.9,25.6,19.7,20.3,25.1,11.1,13.6,14.0,36.1,32.6,27.0,26.6,20.6,13.6,19.0,13.2,13.1,82.7,74.2,45.8,40.8
KAZAKHSTAN,1950,-16.1,-13.5,-4.1,8.2,16.5,20.5,22.3,20.7,15.7,6.0,-6.7,-11.8,6.9,21.2,5.0,-15.4,-21.1,-18.3,-8.9,1.7,9.6,13.5,15.4,13.7,8.7,-0.2,-11.8,-16.5,0.8,14.2,-1.1,-20.5,-11.2,-8.8,0.6,14.8,23.5,27.5,29.3,27.7,22.7,12.3,-1.7,-7.2,13.0,28.1,11.1,-10.3,12.2,6.1,6.3,4.6,8.8,6.8,7.0,6.4,5.4,5.9,6.9,6.5,19.8,20.2,18.3,22.1,19.4,8.3,16.0,12.6,29.0,25.0,22.2,22.2,16.7,16.0,14.3,11.4,57.6,69.4,47.0,34.5
KAZAKHSTAN,1951,-14.8,-19.6,-4.6,11.6,17.3,20.7,24.5,21.4,16.2,5.5,-4.1,-4.2,8.1,22.2,5.9,-8.6,-19.7,-25.3,-10.1,4.3,10.0,13.5,17.1,13.8,8.6,0.8,-8.7,-7.7,1.4,14.8,0.2,-12.7,-9.8,-14.0,1.0,19.1,24.6,28.1,31.9,29.1,23.9,10.2,0.5,-0.8,14.9,29.7,11.5,-4.6,9.3,6.3,4.2,3.4,6.6,5.0,5.3,3.7,4.0,10.1,7.9,11.4,14.1,14.1,22.0,27.0,14.1,9.0,7.6,7.4,19.9,19.7,16.4,8.8,10.0,33.9,19.7,21.0,34.9,44.9,63.6,48.1
KAZAKHSTAN,1952,-11.0,-10.6,-6.2,5.3,16.2,20.8,24.7,22.9,15.9,6.5,-7.5,-11.5,5.1,22.8,5.0,-10.3,-15.4,-15.1,-11.1,-0.0,9.0,13.8,17.6,15.3,8.9,0.1,-12.2,-16.3,-0.7,15.5,-1.0,-14.9,-6.7,-6.2,-1.4,10.6,23.5,27.8,31.8,30.6,23.0,13.0,-2.9,-6.8,10.9,30.1,11.0,-5.7,9.0,6.6,8.4,9.1,5.3,7.8,6.8,4.0,5.6,6.9,5.6,9.0,22.8,18.6,18.1,29.7,13.4,13.7,22.2,29.7,17.9,31.4,32.2,13.3,16.3,17.3,8.5,17.9,69.8,76.9,42.1,57.0
KAZAKHSTAN,1953,-11.4,-7.9,-2.9,8.0,16.7,20.0,24.3,21.9,16.2,4.7,-7.8,-9.3,7.3,22.1,4.4,-14.3,-16.1,-12.4,-7.4,1.9,10.1,13.5,17.3,14.7,8.8,-0.4,-12.5,-13.2,1.5,15.2,-1.3,-19.0,-6.7,-3.4,1.5,14.0,23.4,26.5,31.3,29.1,23.6,9.9,-3.0,-5.4,13.0,29.0,10.1,-9.8,10.3,10.3,10.5,6.0,8.4,8.2,6.3,5.0,4.5,10.6,10.4,12.5,24.9,19.5,25.6,30.0,18.2,20.8,24.1,15.9,25.9,32.2,27.1,23.4,11.8,30.5,23.6,21.8,65.9,82.8,65.9,52.2
KAZAKHSTAN,1954,-16.0,-17.8,-8.5,5.1,14.3,19.7,24.0,21.7,15.9,8.4,-1.9,-11.0,3.6,21.8,7.5,-10.1,-20.6,-23.1,-13.7,-0.3,8.0,13.3,17.0,14.8,9.0,1.9,-6.5,-15.3,-2.0,15.0,1.4,-14.9,-11.4,-12.6,-3.4,10.6,20.7,26.1,31.1,28.8,22.8,15.0,2.7,-6.8,9.3,28.7,13.5,-5.3,10.5,7.0,8.7,8.1,7.8,9.5,6.1,7.2,4.9,5.5,6.9,6.8,24.6,22.7,17.3,24.5,16.6,13.8,18.9,27.6,24.6,42.7,21.4,29.2,15.3,15.5,14.7,9.7,71.2,93.3,45.5,41.2
KAZAKHSTAN,1955,-10.5,-8.8,-5.5,6.1,17.6,23.3,23.1,21.9,15.1,7.5,-2.0,-9.6,6.1,22.8,6.9,-13.2,-15.5,-14.0,-11.0,0.3,10.2,15.8,16.0,14.8,8.0,0.2,-7.2,-13.9,-0.2,15.5,0.3,-17.8,-5.5,-3.8,-0.1,12.0,25.2,31.0,30.1,29.0,22.2,14.8,3.3,-5.2,12.3,30.0,13.4,-8.7,7.4,10.3,6.4,6.8,4.1,3.8,6.0,5.2,3.8,3.4,9.0,12.7,17.3,14.9,16.1,29.6,10.1,21.5,17.7,20.5,11.8,11.4,18.4,16.7,11.2,6.7,20.8,26.6,50.1,46.5,38.7,53.7
KAZAKHSTAN,1956,-15.2,-14.9,-7.4,8.7,15.1,19.6,23.7,22.1,13.1,7.8,-0.8,-9.0,5.5,21.8,6.7,-12.2,-19.8,-19.5,-12.5,2.7,9.0,12.9,16.7,14.7,6.3,1.7,-5.8,-13.1,-0.3,14.8,0.7,-16.8,-10.6,-10.2,-2.2,14.7,21.3,26.3,30.7,29.5,19.8,13.9,4.2,-5.0,11.2,28.9,12.6,-7.6,7.8,9.0,7.9,8.4,9.3,9.0,5.5,4.2,5.6,7.4,8.8,11.9,25.6,18.7,21.8,30.8,11.3,15.7,14.8,28.3,33.9,35.8,16.8,11.3,16.0,20.2,19.2,18.8,76.9,64.0,55.4,44.8
KAZAKHSTAN,1957,-15.5,-12.0,-5.0,6.4,17.2,21.9,22.1,20.8,18.0,6.8,-3.6,-6.1,6.2,21.6,7.1,-7.4,-20.3,-16.9,-10.3,0.3,9.5,14.8,15.4,14.2,10.1,1.3,-8.5,-10.1,-0.1,14.8,1.0,-11.8,-10.7,-7.1,0.2,12.5,24.9,29.1,28.8,27.5,25.9,12.4,1.3,-2.1,12.5,28.5,13.2,-3.1,11.3,7.6,10.1,5.0,3.3,6.5,8.8,7.9,1.9,8.4,9.9,13.9,18.4,23.1,20.3,33.9,17.6,8.3,21.5,11.9,8.9,20.8,38.1,28.9,4.5,26.2,22.8,24.9,42.3,87.9,53.5,61.1
KAZAKHSTAN,1958,-10.3,-5.9,-3.8,5.4,13.9,20.4,22.3,21.1,12.8,6.4,-2.6,-9.6,5.2,21.3,5.5,-10.5,-14.6,-10.7,-8.6,0.3,8.0,13.6,15.9,14.3,6.3,0.5,-6.6,-14.0,-0.1,14.6,0.1,-15.2,-6.1,-1.1,0.9,10.5,19.9,27.2,28.7,28.0,19.4,12.3,1.4,-5.2,10.4,28.0,11.0,-6.0,9.4,10.6,11.3,10.8,11.5,7.3,8.1,7.4,6.8,7.2,9.0,10.9,33.6,22.8,23.0,28.5,17.6,18.6,29.6,42.8,42.5,30.4,38.5,30.0,16.2,16.0,15.8,24.6,114.9,98.9,48.0,49.6
KAZAKHSTAN,1959,-10.9,-11.1,-5.2,8.6,15.5,20.8,22.1,20.5,15.9,5.0,-5.8,-14.2,6.3,21.2,5.0,-11.1,-15.3,-16.1,-10.0,3.0,8.2,14.0,15.7,14.0,8.8,0.1,-9.9,-18.6,0.4,14.6,-0.3,-15.7,-6.5,-6.2,-0.4,14.3,22.9,27.6,28.6,27.2,23.1,9.8,-1.7,-9.8,12.3,27.8,10.4,-6.6,7.0,10.6,10.7,9.9,4.4,8.3,8.2,8.3,4.1,10.1,7.7,7.6,25.0,24.8,22.0,28.1,8.8,16.1,23.2,32.6,11.7,32.2,32.6,28.7,9.7,25.6,17.1,13.6,67.5,93.6,52.3,53.0
KAZAKHSTAN,1960,-10.0,-9.2,-9.7,6.6,12.1,21.3,21.3,20.6,14.5,5.8,-5.5,-8.2,3.0,21.1,4.9,-9.7,-14.3,-14.2,-14.8,0.5,6.3,14.6,15.2,13.9,7.9,-0.6,-10.5,-12.2,-2.7,14.6,-1.1,-14.2,-5.7,-4.2,-4.6,12.8,18.0,28.1,27.4,27.4,21.2,12.2,-0.6,-4.2,8.7,27.6,11.0,-5.2,12.4,8.1,10.1,5.4,10.4,8.6,10.2,6.3,5.4,7.3,6.5,9.8,25.9,25.2,19.3,27.4,21.4,18.0,19.2,15.3,38.4,31.1,48.4,22.6,13.6,21.0,17.8,16.7,73.0,102.0,52.4,43.6
KAZAKHSTAN,1961,-10.8,-10.1,-1.5,9.7,18.2,21.2,22.9,21.5,14.6,4.5,-1.6,-6.2,8.8,21.9,5.8,-8.4,-15.2,-15.2,-6.4,3.2,10.9,14.1,16.5,14.4,7.9,-0.6,-6.2,-10.3,2.6,15.0,0.4,-12.9,-6.3,-5.1,3.4,16.1,25.5,28.3,29.4,28.6,21.3,9.6,3.0,-2.2,15.0,28.8,11.3,-4.0,8.7,8.9,10.1,6.9,4.9,6.7,8.6,6.0,6.4,8.5,9.5,9.8,21.9,21.4,24.4,27.5,13.4,13.4,19.4,20.9,14.4,26.1,33.7,19.9,18.5,21.4,25.2,18.1,54.7,79.7,65.1,47.5
KAZAKHSTAN,1962,-10.6,-8.5,1.3,9.3,17.4,21.1,25.2,21.1,15.3,6.8,-3.7,-9.0,9.3,22.4,6.1,-8.3,-14.9,-13.4,-3.2,2.8,11.0,14.3,18.1,13.8,8.1,1.0,-8.1,-13.7,3.5,15.4,0.3,-13.1,-6.2,-3.7,5.7,16.0,23.9,27.9,32.4,28.4,22.5,12.6,0.8,-4.3,15.2,29.6,12.0,-3.5,11.0,6.7,7.9,5.3,10.8,8.5,5.0,5.0,4.9,8.6,7.2,10.0,24.1,18.4,20.8,24.8,16.3,13.1,17.1,14.3,34.8,29.7,16.8,13.5,12.5,23.7,15.3,20.1,66.2,60.0,51.5,46.3
KAZAKHSTAN,1963,-9.3,-6.6,-2.1,7.1,16.0,21.1,23.6,20.0,14.3,8.4,0.7,-8.4,7.0,21.6,7.8,-11.2,-14.1,-11.6,-7.1,0.5,9.0,14.0,16.9,13.2,7.4,3.0,-3.1,-12.9,0.8,14.7,2.4,-15.8,-4.6,-1.6,3.0,13.6,23.1,28.3,30.3,26.8,21.3,13.9,4.6,-4.0,13.2,28.5,13.2,-6.7,7.3,7.6,10.3,4.6,7.4,7.5,7.2,7.1,5.2,7.9,12.7,12.4,22.3,21.8,25.7,32.9,12.6,13.5,19.8,16.4,22.0,31.2,30.2,21.9,13.9,23.0,34.6,25.4,58.2,83.4,71.5,59.1
KAZAKHSTAN,1964,-11.2,-14.0,-5.7,4.9,15.2,20.3,22.7,20.6,14.9,5.0,0.5,-7.5,4.8,21.2,6.8,-10.2,-15.8,-18.8,-10.4,0.1,8.9,13.6,16.4,13.9,7.8,-0.8,-4.0,-11.5,-0.5,14.6,1.0,-14.8,-6.7,-9.3,-0.9,9.8,21.5,27.0,29.1,27.4,22.1,10.7,4.9,-3.6,10.1,27.8,12.6,-5.8,14.7,5.7,10.2,9.9,7.6,9.8,8.1,6.6,4.6,6.4,9.0,8.4,27.7,24.6,20.0,26.6,23.5,10.2,27.2,31.6,23.0,33.5,34.0,25.2,10.6,16.1,18.5,14.6,81.8,92.7,45.1,43.3
KAZAKHSTAN,1965,-11.5,-11.7,-1.8,7.0,17.0,21.3,25.0,20.8,15.5,6.2,-0.9,-6.5,7.4,22.3,6.9,-8.2,-15.8,-17.0,-6.8,1.4,9.9,14.1,17.8,13.8,8.7,1.2,-5.1,-10.5,1.5,15.2,1.6,-12.7,-7.3,-6.4,3.1,12.7,24.3,28.5,32.2,27.8,22.3,11.1,3.3,-2.5,13.3,29.5,12.2,-3.7,10.0,8.3,6.2,8.3,5.3,6.5,4.7,6.2,7.0,9.6,11.5,6.4,19.7,17.5,28.1,29.9,15.4,13.3,12.9,24.1,13.8,23.8,14.0,22.6,21.5,29.8,35.5,8.5,50.8,60.4,86.7,52.8
KAZAKHSTAN,1966,-10.1,-8.0,-1.1,8.4,14.5,21.0,24.6,22.9,16.5,5.4,-3.2,-14.0,7.3,22.8,6.2,-13.5,-14.6,-13.1,-5.5,2.5,7.9,14.2,17.7,15.7,9.0,-0.7,-8.0,-18.0,1.6,15.9,0.1,-18.3,-5.7,-2.9,3.2,14.5,21.1,27.8,31.6,30.2,24.0,11.6,1.5,-10.1,12.9,29.9,12.4,-8.7,11.6,11.9,11.3,7.5,9.7,9.3,7.8,6.3,4.6,8.1,8.4,11.2,28.5,23.4,21.1,28.1,20.9,23.5,25.4,19.5,27.9,31.6,26.5,21.5,7.9,18.7,17.4,18.7,72.8,79.6,44.0,42.9
KAZAKHSTAN,1967,-13.0,-13.3,-3.0,10.4,17.7,21.1,23.0,21.3,13.1,8.2,-0.8,-6.3,8.4,21.8,6.8,-9.1,-18.1,-18.8,-7.8,3.6,10.6,14.1,16.5,14.6,6.5,2.5,-5.6,-10.7,2.1,15.1,1.1,-13.9,-7.9,-8.0,1.8,17.2,24.8,28.2,29.6,28.2,19.8,14.0,4.1,-1.9,14.6,28.7,12.6,-4.4,7.2,9.6,9.2,4.7,8.2,7.8,10.0,5.6,5.8,7.9,6.3,10.1,22.1,23.5,20.0,29.0,9.5,14.8,14.6,14.0,26.7,24.6,40.0,22.4,16.4,20.2,13.9,17.4,55.3,87.0,50.4,43.8
KAZAKHSTAN,1968,-10.1,-10.9,-0.7,7.4,17.8,20.4,22.3,21.4,14.2,5.3,-3.4,-12.6,8.2,21.4,5.3,-17.2,-14.7,-16.1,-5.3,1.0,10.6,13.3,15.4,14.1,7.0,-0.9,-8.3,-17.2,2.1,14.3,-0.7,-22.1,-5.4,-5.7,4.0,13.9,25.1,27.6,29.2,28.8,21.4,11.5,1.4,-8.1,14.3,28.5,11.4,-12.4,11.9,7.0,11.1,6.9,5.5,7.1,8.1,4.7,4.7,7.4,8.8,11.7,23.5,20.0,20.9,25.7,17.2,9.2,28.4,22.2,14.6,18.1,31.1,12.8,13.0,22.1,19.7,20.2,65.2,61.9,54.8,42.6
KAZAKHSTAN,1969,-20.5,-18.6,-7.6,7.9,13.8,21.4,23.2,19.7,14.7,5.7,0.1,-6.9,4.7,21.4,6.8,-9.4,-25.0,-24.2,-13.1,2.2,7.6,14.1,16.8,13.0,7.9,1.2,-4.3,-11.1,-1.1,14.6,1.6,-14.1,-16.0,-13.1,-2.1,13.6,20.2,28.7,29.6,26.5,21.6,10.3,4.4,-2.8,10.6,28.3,12.1,-4.8,7.0,7.0,9.9,7.6,9.8,5.6,10.2,6.4,5.7,15.2,7.1,9.9,27.3,22.2,28.0,26.1,12.5,9.9,29.8,23.9,33.0,13.9,46.5,21.6,18.1,49.9,16.9,16.6,86.8,82.0,84.9,43.0
KAZAKHSTAN,1970,-13.0,-8.4,-3.8,9.9,15.8,20.0,22.9,20.6,15.6,6.8,-1.8,-11.7,7.3,21.2,6.9,-11.9,-17.8,-13.4,-9.1,3.6,9.2,13.0,16.1,13.9,8.8,1.2,-6.2,-16.0,1.2,14.3,1.3,-16.6,-8.2,-3.5,1.4,16.3,22.6,27.0,29.8,27.4,22.4,12.4,2.6,-7.5,13.4,28.1,12.5,-7.2,9.3,7.0,6.2,6.2,7.3,6.2,6.9,7.5,6.5,7.4,10.6,10.9,19.7,20.6,24.5,30.1,12.6,13.8,15.2,21.3,20.2,13.6,20.8,34.6,17.9,18.9,25.9,20.1,56.8,69.0,62.8,54.5
KAZAKHSTAN,1971,-10.7,-13.1,-4.7,7.4,14.9,20.8,24.0,20.3,17.4,8.0,2.1,-4.3,5.9,21.7,9.2,-12.8,-15.5,-18.2,-9.6,1.6,8.3,13.7,17.2,13.2,9.4,2.0,-1.9,-8.0,0.1,14.7,3.2,-17.4,-6.0,-8.1,0.2,13.2,21.6,28.1,30.9,27.5,25.5,14.1,6.1,-0.7,11.7,28.8,15.2,-8.2,9.7,9.5,7.5,8.2,8.7,6.3,5.9,5.4,2.1,9.4,8.9,16.2,24.4,17.6,20.4,35.5,17.7,16.7,16.8,28.3,26.9,17.8,19.3,15.1,4.0,21.4,17.7,31.7,72.0,52.2,43.1,58.9
KAZAKHSTAN,1972,-18.6,-15.4,-7.2,9.3,15.6,20.6,21.9,20.8,13.8,6.9,-0.2,-8.4,5.9,21.1,6.8,-10.9,-23.7,-20.6,-12.2,3.4,9.0,14.0,15.2,13.6,6.8,0.8,-4.7,-12.0,0.0,14.3,1.0,-15.2,-13.6,-10.4,-2.2,15.3,22.3,27.2,28.6,28.0,20.8,13.0,4.2,-4.9,11.8,27.9,12.7,-6.6,11.8,7.5,10.9,9.5,7.6,9.9,7.4,3.7,3.8,6.5,9.2,14.7,27.9,20.9,19.5,38.4,19.6,7.6,22.0,29.5,27.3,32.1,28.1,10.5,8.0,14.4,23.4,20.9,78.8,70.7,45.9,61.6
KAZAKHSTAN,1973,-14.7,-9.5,-3.3,9.9,15.7,21.4,23.0,20.9,12.8,6.1,0.8,-5.3,7.5,21.7,6.6,-12.3,-19.5,-14.2,-7.8,3.9,9.2,14.7,16.1,14.1,6.4,0.2,-3.3,-9.5,1.8,15.0,1.1,-16.8,-9.9,-4.8,1.3,16.0,22.3,28.2,29.9,27.7,19.4,12.0,4.9,-1.2,13.2,28.6,12.1,-7.8,13.5,10.2,8.7,9.0,9.7,7.6,6.4,5.8,7.5,8.1,8.6,9.0,27.4,19.8,24.2,25.6,21.0,19.7,15.3,34.3,33.2,26.8,17.6,20.5,20.2,19.3,19.3,11.4,82.8,64.9,58.8,31.5
KAZAKHSTAN,1974,-15.8,-15.8,-3.1,9.1,17.6,21.2,24.7,20.3,15.8,8.8,-1.9,-11.2,7.9,22.1,7.6,-10.4,-20.1,-20.9,-8.1,3.2,10.3,14.2,17.8,13.4,8.9,1.7,-6.5,-15.4,1.8,15.2,1.4,-14.9,-11.5,-10.8,1.9,15.0,24.9,28.2,31.6,27.3,22.8,15.9,2.6,-7.0,13.9,29.0,13.8,-5.9,10.5,6.1,8.7,8.6,5.3,6.5,6.5,6.8,4.9,2.9,8.1,6.4,22.6,19.7,15.9,28.6,13.3,6.8,10.7,31.7,15.2,18.7,22.0,23.1,14.8,5.9,17.9,7.1,57.5,63.8,38.6,40.8
KAZAKHSTAN,1975,-9.0,-10.9,-1.6,11.5,16.2,22.4,25.0,21.4,16.4,5.7,-4.2,-7.5,8.7,22.9,6.0,-9.8,-13.2,-16.0,-6.3,4.7,8.7,14.8,17.7,13.9,9.3,0.1,-8.6,-11.5,2.4,15.5,0.3,-14.3,-4.9,-5.8,3.0,18.3,23.7,30.0,32.3,28.9,23.5,11.3,0.2,-3.4,15.0,30.4,11.7,-5.3,12.4,9.8,10.1,4.8,5.0,4.5,4.1,3.9,4.4,8.0,7.8,10.9,19.9,12.5,20.2,31.6,17.4,16.3,23.0,11.6,13.5,13.0,13.4,8.1,12.0,15.6,11.7,19.9,48.1,34.5,39.2,54.0
KAZAKHSTAN,1976,-7.3,-14.7,-7.5,8.5,16.9,21.7,22.4,23.3,14.4,3.3,-6.2,-12.7,6.0,22.5,3.8,-14.7,-11.8,-19.6,-12.8,2.9,10.1,14.9,15.7,15.9,7.4,-1.4,-10.6,-16.7,0.1,15.5,-1.6,-19.3,-2.8,-9.8,-2.3,14.1,23.8,28.6,29.1,30.8,21.4,8.1,-1.8,-8.6,11.9,29.5,9.2,-10.2,10.2,10.5,5.8,8.9,6.7,7.4,6.3,2.5,6.3,12.0,7.4,7.8,21.4,16.3,25.7,26.0,15.0,19.1,9.1,27.1,21.2,25.3,20.1,6.7,15.8,40.4,15.9,11.2,57.3,52.1,72.2,42.0
KAZAKHSTAN,1977,-19.1,-12.4,-1.0,11.4,18.1,24.0,23.6,20.6,15.6,5.5,1.2,-9.0,9.5,22.7,7.4,-11.0,-23.4,-17.7,-5.8,4.5,11.0,17.0,16.9,14.0,8.7,0.4,-2.3,-13.0,3.2,15.9,2.3,-15.4,-14.8,-7.0,3.8,18.5,25.4,31.1,30.3,27.3,22.6,10.5,4.7,-5.0,15.9,29.6,12.6,-6.6,9.7,8.5,8.3,4.3,5.8,5.6,6.5,6.4,5.7,10.0,8.9,14.4,18.4,18.5,24.6,31.6,11.9,19.0,15.7,10.1,14.3,17.3,25.0,24.2,14.7,25.9,18.2,29.5,40.2,66.5,58.8,55.5
KAZAKHSTAN,1978,-11.5,-12.4,-2.7,9.3,14.6,21.0,23.8,19.9,16.9,6.5,-0.9,-7.7,7.0,21.6,7.5,-9.7,-15.8,-17.4,-7.6,3.5,8.2,14.5,16.9,12.5,9.6,1.0,-4.5,-12.0,1.3,14.6,2.0,-14.3,-7.3,-7.5,2.2,15.1,21.0,27.5,30.7,27.3,24.3,12.1,2.7,-3.4,12.8,28.5,13.0,-5.1,9.6,7.6,5.8,10.0,8.7,8.8,5.7,3.1,3.9,7.6,13.5,13.4,24.5,17.6,25.0,32.1,14.5,11.6,11.5,36.3,31.1,34.0,19.2,6.5,10.7,17.7,29.8,33.3,78.9,59.7,58.1,66.9
KAZAKHSTAN,1979,-13.6,-7.8,-3.1,5.7,15.9,19.8,23.9,21.7,16.1,8.0,-1.8,-4.4,6.2,21.8,7.4,-10.8,-18.2,-12.6,-8.0,0.2,9.0,12.9,17.3,14.4,9.4,2.9,-6.4,-8.0,0.4,14.9,2.0,-15.2,-9.0,-2.9,1.7,11.2,22.9,26.7,30.6,29.0,22.8,13.2,2.7,-0.9,12.0,28.8,12.9,-6.5,8.8,9.9,7.0,9.5,7.2,8.1,7.1,2.9,7.0,10.6,6.0,12.7,23.7,18.1,23.6,29.6,15.2,18.4,12.0,33.4,23.6,31.0,28.8,8.5,20.9,32.1,15.1,22.1,69.0,68.3,68.1,47.4
KAZAKHSTAN,1980,-14.3,-13.8,-6.7,8.7,17.5,20.9,24.2,20.4,15.2,7.0,0.5,-5.4,6.5,21.8,7.6,-7.9,-18.9,-18.7,-12.1,3.2,10.6,14.3,17.1,13.5,8.2,1.6,-3.6,-9.3,0.6,15.0,2.1,-12.1,-9.8,-8.9,-1.3,14.2,24.6,27.6,31.3,27.3,22.2,12.4,4.6,-1.6,12.5,28.7,13.1,-3.7,9.5,7.5,6.4,8.9,7.2,8.4,4.0,5.8,4.8,8.3,12.4,7.4,22.5,18.2,25.5,24.9,14.7,10.7,14.1,35.3,20.4,32.6,13.7,20.5,10.3,21.5,38.8,12.0,69.8,66.9,70.6,37.8
KAZAKHSTAN,1981,-9.6,-8.7,-1.2,8.0,14.9,21.6,24.3,23.0,15.8,7.3,-1.1,-7.0,7.2,22.9,7.3,-9.9,-13.8,-13.2,-5.8,2.6,8.7,15.2,17.6,16.1,9.3,0.9,-5.6,-11.2,1.8,16.3,1.5,-14.5,-5.5,-4.2,3.5,13.4,21.2,28.0,31.1,29.8,22.4,13.6,3.4,-2.8,12.7,29.6,13.1,-5.3,8.9,8.6,10.9,10.2,10.3,9.5,6.5,6.4,6.0,5.1,8.5,7.5,31.4,22.3,19.6,28.0,11.8,14.0,26.0,37.5,35.7,39.1,24.9,24.3,16.9,11.6,17.8,12.4,99.1,88.3,46.3,43.8
KAZAKHSTAN,1982,-10.5,-12.1,-6.1,11.0,17.1,21.3,23.7,21.1,15.9,6.9,-1.7,-6.2,7.3,22.1,7.0,-6.1,-15.3,-17.1,-11.0,4.5,10.4,14.2,16.9,14.4,9.1,1.7,-5.0,-10.2,1.3,15.2,1.9,-10.1,-5.8,-7.2,-1.2,17.5,23.8,28.5,30.7,28.0,22.7,12.1,1.5,-2.2,13.4,29.0,12.1,-2.0,11.4,9.1,9.2,5.7,7.0,6.0,6.0,6.9,6.3,10.0,10.3,9.6,21.9,18.9,26.6,32.5,17.9,13.5,20.5,14.4,19.2,20.9,21.2,25.9,19.0,25.8,22.3,14.5,54.1,67.9,67.1,49.1
KAZAKHSTAN,1983,-6.9,-5.1,-1.9,10.9,14.8,21.3,25.3,22.1,14.4,7.5,0.3,-6.1,7.9,22.9,7.4,-10.9,-10.7,-9.4,-7.1,4.5,8.4,14.6,18.3,15.0,8.0,2.0,-4.0,-9.8,1.9,16.0,2.0,-15.3,-3.1,-0.8,3.3,17.4,21.2,28.0,32.4,29.2,20.8,13.0,4.6,-2.3,13.9,29.9,12.8,-6.6,13.5,9.4,7.6,5.6,10.4,7.3,5.5,4.7,6.5,7.7,10.9,11.7,23.6,17.4,25.1,26.1,20.4,14.2,13.7,15.2,42.0,23.1,18.2,16.0,17.2,19.0,25.8,21.9,70.9,57.3,62.0,40.9
KAZAKHSTAN,1984,-10.7,-16.0,-2.7,6.3,16.7,21.6,25.2,22.2,14.9,7.3,-3.2,-16.1,6.8,23.0,6.3,-12.4,-14.7,-21.3,-7.3,-0.1,9.7,14.6,18.0,15.0,8.1,2.2,-7.6,-20.4,0.8,15.9,0.9,-16.9,-6.7,-10.8,1.9,12.7,23.7,28.6,32.5,29.4,21.9,12.6,1.1,-11.8,12.7,30.2,11.8,-8.0,7.9,6.5,8.6,7.1,6.8,6.5,4.8,3.5,4.6,8.4,11.4,6.9,22.4,14.8,24.4,27.1,10.8,8.2,18.7,16.9,18.0,23.7,12.5,12.2,12.8,23.4,33.1,9.7,53.5,48.4,69.3,48.1
KAZAKHSTAN,1985,-11.8,-9.5,-7.3,9.0,15.3,21.6,23.1,21.6,15.4,5.1,-2.8,-7.5,5.7,22.1,5.9,-9.4,-16.3,-14.1,-12.4,3.1,8.1,14.4,16.5,14.8,8.1,0.6,-7.1,-11.6,-0.4,15.2,0.5,-13.9,-7.3,-4.9,-2.2,15.0,22.5,28.8,29.8,28.3,22.7,9.8,1.6,-3.5,11.7,29.0,11.3,-4.9,8.7,11.5,7.7,8.1,6.3,4.7,7.6,7.9,3.5,11.7,8.3,11.1,22.2,20.1,23.4,29.4,12.1,26.2,13.2,21.3,18.3,14.5,25.9,27.8,11.8,34.5,16.7,21.1,52.8,68.2,63.0,49.2
KAZAKHSTAN,1986,-8.4,-12.4,-5.0,9.3,15.7,20.6,23.5,21.4,15.8,6.3,-3.0,-9.2,6.7,21.8,6.4,-9.3,-12.5,-17.7,-9.8,3.0,9.3,13.8,16.5,14.4,8.4,0.9,-7.0,-13.7,0.8,14.9,0.8,-14.0,-4.3,-7.1,-0.2,15.8,22.2,27.4,30.5,28.4,23.3,11.7,1.0,-4.6,12.6,28.8,12.0,-4.6,11.3,6.9,7.7,5.0,8.3,6.6,5.2,5.5,5.3,8.9,8.9,14.1,21.0,17.4,23.1,34.2,18.6,9.6,14.1,11.3,26.6,20.9,15.2,17.1,11.8,23.3,18.7,34.0,52.0,53.2,53.8,71.7
KAZAKHSTAN,1987,-10.4,-8.2,-5.9,4.6,17.1,21.3,23.9,22.1,14.5,3.8,-5.6,-6.8,5.3,22.4,4.3,-10.5,-15.4,-12.9,-10.7,-0.5,10.7,14.5,17.4,15.1,8.7,-1.5,-10.2,-11.3,-0.2,15.7,-1.0,-15.1,-5.4,-3.7,-1.0,9.7,23.4,28.1,30.4,29.1,20.4,9.2,-1.1,-2.3,10.7,29.2,9.5,-5.9,11.3,8.8,7.9,9.5,8.0,7.8,7.3,4.5,8.5,6.8,10.2,10.5,25.3,19.6,25.5,28.1,21.1,16.5,17.4,36.7,26.1,28.7,30.1,16.0,31.0,19.3,26.7,21.4,80.2,74.9,77.1,53.3
KAZAKHSTAN,1988,-10.8,-13.8,-3.7,9.5,14.4,23.2,24.4,21.9,16.0,6.6,-0.4,-5.4,6.7,23.2,7.4,-8.4,-15.1,-18.9,-8.6,3.0,8.3,15.9,17.8,15.2,9.4,0.1,-5.0,-9.5,0.9,16.3,1.5,-12.8,-6.6,-8.8,1.2,16.0,20.5,30.5,31.0,28.7,22.6,13.1,4.2,-1.3,12.6,30.1,13.3,-4.2,11.0,6.6,7.5,4.7,9.7,6.5,9.0,7.0,6.5,5.5,7.7,11.0,21.9,22.5,19.6,32.0,20.3,11.6,16.5,12.2,38.9,20.5,45.1,27.8,18.8,11.6,16.8,22.7,67.6,93.4,47.2,59.6
KAZAKHSTAN,1989,-9.9,-10.0,-2.4,6.5,15.4,21.8,25.1,22.0,14.7,8.0,-1.4,-3.9,6.5,23.0,7.1,-7.9,-14.2,-14.6,-7.9,0.6,9.3,14.9,18.2,14.8,7.8,2.1,-5.7,-7.5,0.7,16.0,1.4,-11.9,-5.8,-5.5,3.0,12.4,21.6,28.8,32.1,29.2,21.6,13.9,2.9,-0.3,12.3,30.0,12.8,-3.9,11.9,9.1,6.4,7.3,8.8,5.8,5.3,4.6,5.1,8.0,8.5,12.3,22.5,15.7,21.6,32.2,21.5,15.3,12.0,22.9,30.9,21.9,18.7,13.6,14.2,22.0,18.2,29.4,65.8,54.2,54.5,62.8
KAZAKHSTAN,1990,-11.2,-8.7,0.9,9.4,16.6,22.9,22.9,20.7,16.2,7.0,-0.8,-7.8,8.9,22.2,7.5,-9.8,-15.4,-12.9,-3.3,3.5,9.6,15.9,16.7,14.2,9.0,1.6,-5.0,-11.6,3.3,15.6,1.9,-14.1,-7.0,-4.5,5.1,15.3,23.6,30.0,29.1,27.2,23.5,12.3,3.5,-4.1,14.6,28.8,13.1,-5.6,11.0,8.9,9.9,7.6,6.9,6.3,9.4,6.2,3.3,9.0,10.4,10.2,24.4,21.9,22.7,28.2,18.5,14.9,23.6,25.2,20.7,20.8,46.7,25.8,8.2,25.1,29.1,20.3,69.5,93.4,62.4,53.4
KAZAKHSTAN,1991,-10.1,-11.6,-5.1,10.4,17.0,23.4,24.3,20.6,16.1,10.0,-0.4,-8.4,7.4,22.8,8.5,-8.2,-14.4,-16.3,-10.0,4.2,9.7,16.4,17.6,13.7,9.1,3.3,-4.8,-12.5,1.3,15.9,2.5,-12.4,-6.0,-6.9,-0.3,16.7,24.4,30.4,31.1,27.6,23.0,16.7,3.9,-4.4,13.6,29.7,14.6,-4.0,12.0,6.0,6.3,4.6,5.2,6.7,7.0,4.7,4.5,5.2,8.2,12.4,16.2,18.5,18.0,32.3,24.8,8.2,10.6,10.1,15.3,21.7,25.2,15.1,10.5,9.7,16.7,29.5,36.0,62.0,37.0,66.4
KAZAKHSTAN,1992,-7.7,-8.4,-5.2,8.2,14.6,19.7,22.7,19.6,14.1,6.4,-0.2,-7.5,5.9,20.6,6.8,-8.8,-11.8,-12.9,-10.3,2.6,8.4,13.0,16.0,13.4,7.8,0.6,-4.8,-11.4,0.2,14.1,1.2,-13.0,-3.7,-3.9,-0.2,13.9,20.9,26.4,29.4,25.8,20.4,12.2,4.4,-3.6,11.5,27.2,12.3,-4.7,11.6,8.3,6.1,8.2,7.3,7.8,5.7,7.7,6.2,6.6,7.9,10.4,21.6,21.2,20.8,31.6,20.4,16.5,9.1,26.4,21.7,28.5,22.7,34.6,20.9,17.2,16.2,21.3,57.2,85.8,54.2,61.9
KAZAKHSTAN,1993,-8.9,-10.0,-3.6,7.2,14.4,20.7,23.1,21.3,13.1,6.5,-7.5,-10.7,6.0,21.7,4.0,-12.5,-12.9,-14.6,-8.0,1.6,7.9,14.4,16.9,14.7,6.7,0.3,-11.4,-14.7,0.5,15.3,-1.5,-17.0,-5.0,-5.4,0.7,12.9,20.9,27.0,29.3,27.9,19.5,12.6,-3.7,-6.8,11.5,28.1,9.5,-8.1,11.0,10.1,10.1,8.3,8.3,9.4,8.0,6.6,4.7,6.2,9.3,9.1,26.7,24.1,20.2,29.0,18.3,22.4,25.3,30.0,28.5,40.8,36.1,23.5,13.5,14.4,26.3,16.6,83.8,100.5,54.2,53.0
KAZAKHSTAN,1994,-11.0,-15.8,-5.1,8.1,16.4,22.3,22.0,21.1,14.7,8.1,0.7,-8.6,6.4,21.8,7.9,-8.9,-15.2,-21.0,-10.3,2.1,9.8,15.3,15.8,14.5,7.8,1.5,-3.2,-12.6,0.5,15.2,2.0,-13.1,-6.8,-10.7,0.0,14.1,23.0,29.3,28.2,27.7,21.7,14.8,4.6,-4.7,12.4,28.4,13.7,-4.6,10.3,9.6,8.1,6.5,7.8,6.2,6.7,6.2,4.0,4.9,11.0,11.6,22.5,19.0,19.9,26.3,17.6,18.9,17.3,20.7,24.6,19.1,26.9,23.1,10.1,8.5,35.8,24.3,62.6,69.0,54.5,46.1
KAZAKHSTAN,1995,-11.2,-6.7,-1.3,12.6,16.5,22.3,24.5,22.4,15.7,7.7,1.6,-9.2,9.3,23.1,8.3,-12.3,-15.5,-11.2,-6.3,5.8,10.0,15.0,17.9,15.4,8.9,2.0,-3.4,-14.0,3.2,16.1,2.5,-17.1,-7.0,-2.2,3.7,19.6,23.1,29.6,31.3,29.4,22.6,13.4,6.6,-4.5,15.5,30.1,14.2,-7.5,7.5,7.2,6.6,3.6,8.8,5.4,6.6,5.2,4.9,8.5,6.7,10.4,19.0,17.2,20.1,26.2,10.2,11.5,12.3,8.7,28.4,15.4,27.7,18.4,11.5,24.5,12.4,21.2,49.4,61.5,48.4,46.0
KAZAKHSTAN,1996,-15.5,-12.1,-6.9,5.4,16.8,22.5,24.4,20.5,15.0,6.0,-1.7,-6.8,5.1,22.5,6.4,-8.9,-20.1,-17.3,-12.5,-0.4,9.8,15.7,17.7,13.4,8.4,0.3,-6.0,-11.5,-1.0,15.6,0.9,-13.7,-11.0,-6.9,-1.4,11.2,23.8,29.5,31.2,27.7,21.6,11.8,2.6,-2.2,11.2,29.4,12.0,-4.1,7.9,8.0,4.3,6.6,6.8,6.0,6.2,4.2,5.9,7.1,6.7,10.1,17.7,16.4,19.7,30.5,10.6,14.1,7.2,21.3,21.5,19.7,25.1,14.2,18.0,18.0,15.7,22.1,50.0,58.9,51.7,62.6
KAZAKHSTAN,1997,-10.1,-9.8,-0.0,11.8,16.8,22.7,23.3,21.5,15.8,10.8,-3.6,-10.1,9.6,22.5,7.7,-11.2,-14.9,-14.8,-4.3,5.6,10.7,15.5,16.3,14.4,8.5,4.1,-8.5,-14.6,4.0,15.4,1.4,-15.9,-5.4,-4.8,4.3,18.1,23.0,29.9,30.3,28.8,23.1,17.6,1.3,-5.6,15.1,29.7,14.0,-6.5,13.0,7.4,8.2,6.2,9.5,5.8,5.5,3.5,2.8,5.6,7.3,10.5,23.8,14.7,15.6,29.9,26.8,13.7,17.7,20.0,35.0,18.8,19.9,10.7,6.9,14.0,16.7,22.2,72.6,49.4,37.7,61.6
KAZAKHSTAN,1998,-13.7,-9.8,-4.3,6.8,15.8,24.0,25.9,23.8,15.3,7.9,-3.8,-6.0,6.1,24.6,6.5,-6.4,-18.0,-15.1,-8.8,1.2,9.1,16.9,19.0,16.7,8.3,1.5,-8.7,-9.9,0.5,17.5,0.4,-10.7,-9.4,-4.4,0.2,12.4,22.6,31.0,32.8,31.1,22.5,14.3,1.2,-2.2,11.7,31.6,12.7,-2.1,8.8,10.6,8.3,8.1,6.3,6.5,6.9,5.0,3.5,5.2,8.4,8.0,22.7,18.4,17.1,24.2,15.5,24.0,20.2,29.0,23.8,21.6,26.5,15.9,10.2,11.5,20.1,15.8,72.9,64.0,41.8,46.6
KAZAKHSTAN,1999,-8.6,-4.6,-5.9,9.1,16.3,20.0,23.9,23.7,15.5,9.8,-3.6,-4.5,6.5,22.5,7.2,-6.7,-12.9,-9.4,-11.5,2.6,9.5,13.5,17.3,16.3,8.9,4.0,-7.7,-8.2,0.2,15.7,1.7,-10.9,-4.4,0.2,-0.4,15.7,23.1,26.6,30.5,31.1,22.0,15.7,0.4,-0.9,12.8,29.4,12.7,-2.6,8.8,7.5,7.1,7.3,7.3,8.4,6.9,3.6,5.7,7.0,10.2,7.2,21.7,18.9,23.0,24.7,15.4,15.4,17.2,21.9,22.3,32.7,29.9,12.3,17.0,22.1,31.1,12.4,61.4,74.8,70.2,44.5
KAZAKHSTAN,2000,-9.2,-6.5,-1.5,12.9,14.7,21.5,24.4,23.1,15.0,4.5,-4.2,-6.1,8.7,23.0,5.1,-8.6,-13.4,-11.1,-6.8,6.2,8.6,14.9,17.6,16.2,8.1,-0.1,-8.7,-9.9,2.7,16.2,-0.2,-12.8,-4.9,-1.9,3.8,19.6,20.9,28.2,31.2,30.1,22.0,9.2,0.2,-2.4,14.8,29.8,10.5,-4.5,9.8,7.7,6.5,5.8,9.7,7.3,5.3,5.4,5.3,8.4,8.1,11.9,22.0,17.9,21.9,29.6,18.5,13.5,12.0,15.3,36.7,31.8,22.1,15.8,16.5,26.2,21.2,28.3,63.9,69.7,63.9,61.9
KAZAKHSTAN,2001,-10.4,-9.3,1.3,10.1,19.0,21.6,22.7,21.5,14.5,6.3,1.0,-8.9,10.1,21.9,7.3,-5.7,-14.5,-14.0,-3.8,3.5,11.8,14.8,15.9,14.7,8.0,1.5,-3.0,-13.2,3.8,15.1,2.2,-9.6,-6.4,-4.6,6.4,16.7,26.2,28.4,29.5,28.5,21.1,11.1,4.9,-4.7,16.4,28.8,12.4,-1.9,9.6,8.1,6.7,6.8,7.3,6.5,7.1,5.9,4.4,10.8,7.8,8.3,20.9,19.4,23.0,27.9,18.4,15.1,15.1,22.8,22.3,24.9,29.7,19.0,14.0,39.7,18.4,17.8,60.2,73.7,72.2,58.7
KAZAKHSTAN,2002,-5.0,-3.3,3.3,7.2,14.2,19.9,23.7,22.0,17.0,8.1,0.8,-14.1,8.2,21.9,8.6,-11.2,-8.7,-7.1,-1.2,2.1,8.0,13.5,16.9,14.9,9.4,2.1,-3.5,-18.7,3.0,15.1,2.7,-15.8,-1.4,0.5,7.8,12.4,20.5,26.3,30.4,29.2,24.7,14.0,5.2,-9.5,13.5,28.6,14.6,-6.7,10.7,8.9,10.6,10.3,9.2,10.1,5.4,3.2,2.9,5.8,8.0,9.9,30.1,18.8,16.8,26.5,20.6,20.3,28.6,36.6,33.2,44.5,22.9,11.3,7.5,16.8,21.8,22.4,98.4,78.6,46.1,57.6
KAZAKHSTAN,2003,-9.3,-10.3,-5.0,6.5,16.4,19.7,22.2,23.4,16.4,8.7,-1.8,-6.2,6.0,21.7,7.8,-7.1,-13.9,-14.9,-9.9,0.7,10.1,13.5,16.0,16.2,9.4,2.3,-5.8,-10.0,0.3,15.3,2.0,-11.3,-4.8,-5.7,-0.1,12.4,22.7,25.9,28.4,30.5,23.4,15.2,2.2,-2.4,11.7,28.3,13.6,-2.9,8.8,7.8,8.4,6.7,8.9,9.1,9.1,4.3,4.1,7.0,9.5,6.5,24.0,22.4,20.6,23.3,17.3,18.0,22.4,22.6,33.6,40.4,39.5,13.7,11.4,23.8,29.5,13.3,78.7,93.6,64.7,47.7
KAZAKHSTAN,2004,-9.5,-5.5,-0.6,8.3,17.9,22.2,23.4,21.9,16.6,8.0,1.5,-8.1,8.5,22.5,8.7,-10.8,-13.6,-10.3,-5.4,2.6,10.8,15.2,16.9,14.8,9.4,2.2,-2.3,-11.9,2.7,15.6,3.1,-15.0,-5.4,-0.7,4.2,14.1,25.0,29.3,29.9,29.1,23.9,13.8,5.3,-4.3,14.4,29.4,14.3,-6.7,7.6,9.1,8.0,7.5,6.6,5.4,7.7,5.3,3.4,8.1,9.8,11.2,22.2,18.4,21.3,25.2,13.9,20.5,23.0,25.0,21.1,18.4,31.2,21.2,9.2,23.0,30.1,28.9,69.1,70.9,62.3,53.9
KAZAKHSTAN,2005,-10.4,-14.0,0.0,9.7,17.8,22.6,24.7,21.3,17.0,9.2,0.1,-6.3,9.2,22.9,8.8,-10.6,-14.1,-19.0,-4.7,3.5,11.2,15.8,17.7,14.6,9.6,2.5,-3.8,-10.3,3.3,16.1,2.8,-15.1,-6.8,-9.1,4.8,16.0,24.4,29.4,31.7,28.1,24.4,15.9,4.0,-2.4,15.1,29.7,14.8,-6.0,8.8,5.2,9.3,6.5,7.5,6.9,5.5,6.4,2.5,4.5,6.0,7.5,23.3,18.8,12.9,24.6,15.6,9.4,24.0,20.8,25.1,30.7,23.3,26.1,7.4,13.6,13.6,14.7,69.9,80.2,34.6,51.5
KAZAKHSTAN,2006,-17.5,-7.8,1.2,10.0,16.5,23.6,22.6,22.6,16.0,8.5,-0.3,-5.4,9.3,22.9,8.0,-6.1,-22.3,-12.8,-3.9,3.6,9.8,16.4,15.9,15.1,8.9,2.7,-4.5,-9.2,3.1,15.8,2.4,-10.3,-12.7,-2.9,6.3,16.5,23.4,30.8,29.3,30.2,23.0,14.3,3.9,-1.7,15.4,30.1,13.7,-1.9,8.9,8.3,6.9,8.1,5.9,7.4,6.4,2.4,4.5,9.3,10.7,10.0,20.8,16.3,24.5,27.1,17.5,19.3,15.9,28.4,18.6,26.6,21.3,7.7,13.5,32.7,30.1,19.7,63.0,55.6,76.3,55.6
KAZAKHSTAN,2007,-5.5,-7.4,-3.3,10.2,17.2,21.3,24.0,23.2,16.7,7.8,-1.3,-9.6,8.0,22.8,7.8,-12.6,-9.6,-12.2,-8.6,4.5,10.5,14.4,17.4,15.7,9.3,1.3,-5.9,-13.7,2.2,15.8,1.6,-17.1,-1.5,-2.6,2.0,15.9,23.9,28.2,30.6,30.7,24.1,14.4,3.4,-5.6,13.9,29.9,14.0,-8.1,8.3,8.8,6.7,9.0,9.7,6.3,7.2,3.5,3.3,4.5,8.0,8.3,25.4,17.0,15.8,23.9,14.5,21.3,17.6,30.8,34.4,23.9,30.8,10.5,9.5,9.9,21.5,16.2,82.8,65.2,40.9,44.7
KAZAKHSTAN,2008,-17.4,-10.7,4.0,10.6,17.9,22.1,25.3,23.4,14.4,8.6,1.6,-7.5,10.8,23.6,8.2,-9.3,-22.1,-15.5,-1.2,3.5,10.9,15.2,18.3,15.9,8.1,2.4,-2.8,-11.9,4.4,16.5,2.6,-14.0,-12.7,-5.8,9.2,17.6,24.9,29.0,32.3,30.8,20.8,14.9,6.0,-3.2,17.2,30.7,13.9,-4.6,7.8,7.9,8.2,5.3,7.2,6.6,5.9,3.1,5.2,8.1,5.5,8.3,20.7,15.6,18.8,24.2,12.3,16.2,22.7,14.7,22.9,22.1,24.5,10.8,15.3,24.5,14.3,16.4,60.3,57.4,54.2,47.2
KAZAKHSTAN,2009,-10.8,-9.4,-0.3,7.7,16.1,21.8,23.4,21.1,15.8,8.6,-0.5,-8.4,7.8,22.1,8.0,-11.5,-15.5,-14.4,-5.1,1.7,9.4,14.7,16.3,14.2,9.0,2.1,-4.5,-12.7,2.0,15.1,2.2,-16.1,-6.1,-4.5,4.6,13.8,22.8,29.1,30.5,28.0,22.7,15.2,3.6,-4.2,13.7,29.2,13.8,-6.8,9.4,6.5,7.9,9.2,8.6,5.5,5.4,7.0,6.0,6.1,7.8,8.4,25.7,18.0,19.8,26.6,17.7,13.1,21.5,30.5,31.4,18.6,22.3,28.3,19.2,16.9,22.5,18.9,83.3,69.2,58.6,61.6
KAZAKHSTAN,2010,-12.6,-13.4,-2.2,9.2,17.0,23.9,24.3,24.3,16.5,8.2,2.7,-6.7,8.0,24.2,9.1,-10.9,-17.2,-18.5,-7.1,3.2,10.1,16.6,17.3,16.8,9.2,2.1,-1.8,-11.5,2.1,16.9,3.2,-15.6,-7.9,-8.4,2.8,15.3,23.9,31.2,31.4,31.8,23.7,14.4,7.3,-2.0,14.0,31.5,15.1,-6.3,10.3,7.8,9.9,7.2,7.3,3.2,4.9,3.6,2.1,6.1,7.8,7.5,24.4,11.7,16.0,22.6,24.5,18.2,29.8,24.2,27.9,11.9,19.7,12.1,6.4,21.1,21.2,17.4,81.9,43.7,48.7,49.1
KAZAKHSTAN,2011,-14.1,-12.0,-3.8,10.9,17.0,22.1,24.7,21.9,16.9,8.8,-4.5,-10.7,8.1,22.9,7.0,-13.5,-18.6,-16.8,-8.9,4.7,10.2,15.5,17.5,15.1,9.7,3.1,-8.5,-14.8,2.0,16.0,1.4,-18.0,-9.5,-7.3,1.4,17.1,23.9,28.7,31.9,28.8,24.0,14.6,-0.5,-6.7,14.1,29.8,12.7,-9.1,5.9,9.3,7.8,5.8,8.2,8.5,5.4,5.4,4.5,8.6,9.5,7.5,21.8,19.3,22.6,17.9,9.0,22.7,19.5,18.3,28.8,35.4,21.5,17.7,14.6,24.3,27.2,14.1,66.6,74.7,66.2,33.0
KAZAKHSTAN,2012,-13.7,-16.1,-2.9,14.2,18.4,23.7,25.5,23.9,16.2,9.1,-1.7,-13.3,9.9,24.4,7.9,-10.3,-17.9,-21.3,-7.3,6.8,11.1,17.0,18.6,16.7,9.1,2.9,-6.0,-17.8,3.5,17.4,2.0,-15.3,-9.5,-11.0,1.6,21.5,25.7,30.5,32.5,31.2,23.3,15.4,2.6,-8.9,16.3,31.4,13.8,-5.3,5.4,5.0,9.5,5.2,6.3,7.2,5.8,5.3,4.1,6.3,7.8,9.0,21.0,18.3,18.2,26.0,8.9,10.0,24.3,16.8,18.5,29.1,24.8,23.3,10.0,16.3,22.6,21.0,59.5,77.1,49.0,59.3
KAZAKHSTAN,2013,-9.5,-8.1,1.0,10.7,16.9,21.9,23.4,21.8,16.2,8.0,2.4,-5.3,9.5,22.4,8.8,-10.6,-14.6,-13.5,-4.0,3.7,9.4,14.4,16.5,14.7,8.5,1.7,-2.7,-9.7,3.1,15.2,2.5,-15.0,-4.4,-2.8,6.1,17.6,24.4,29.5,30.5,28.9,23.9,14.3,7.4,-1.0,16.0,29.6,15.2,-6.1,11.2,5.9,9.2,8.2,6.2,6.5,7.6,8.0,4.4,5.9,6.2,11.2,23.5,22.0,16.5,29.8,24.7,13.6,26.9,27.0,20.0,24.2,39.1,35.1,17.4,18.1,13.6,29.3,73.9,98.4,49.0,68.3
KAZAKHSTAN,2014,-11.5,-14.8,-0.6,8.1,18.8,23.0,22.5,24.2,14.6,5.7,-3.2,-6.9,8.7,23.2,5.7,-8.0,-15.9,-19.5,-6.2,1.1,11.0,15.3,15.2,16.0,7.0,0.4,-8.1,-12.1,2.0,15.5,-0.2,-13.0,-7.3,-10.1,4.9,15.2,26.6,30.8,29.9,32.4,22.2,11.1,1.6,-1.8,15.6,31.0,11.6,-3.1,10.1,8.5,6.9,7.3,5.1,4.5,5.6,3.1,5.3,9.5,7.9,8.2,19.3,13.2,22.7,25.6,21.7,17.3,16.8,23.1,17.3,16.0,27.2,11.7,14.8,34.7,22.0,16.7,57.2,54.8,71.6,54.0
KAZAKHSTAN,2015,-9.6,-7.5,-2.5,9.4,17.6,24.2,24.6,21.8,15.9,6.7,-1.2,-3.1,8.2,23.5,7.1,-5.7,-13.8,-13.0,-8.0,3.4,10.6,16.6,16.9,14.7,8.3,0.7,-5.4,-6.5,2.0,16.1,1.2,-10.2,-5.4,-2.1,2.9,15.4,24.7,31.7,32.3,29.0,23.5,12.7,3.1,0.1,14.3,31.0,13.1,-1.1,10.1,7.2,8.0,7.5,9.3,5.4,4.8,4.1,5.0,7.4,11.9,12.6,24.8,14.3,24.4,29.2,20.2,17.0,21.2,24.8,35.2,23.9,19.4,15.6,16.2,23.0,36.5,34.9,81.3,58.9,75.7,70.6
KAZAKHSTAN,2016,-9.4,-4.4,2.4,11.4,16.7,21.7,23.8,23.8,17.0,4.7,-4.6,-6.9,10.2,23.1,5.7,-8.5,-14.5,-9.8,-2.6,4.9,9.5,14.9,16.9,15.9,9.5,-1.2,-8.7,-11.4,3.9,15.9,-0.1,-13.3,-4.4,0.9,7.5,17.9,24.0,28.5,30.7,31.8,24.5,10.6,-0.6,-2.5,16.5,30.4,11.5,-3.9,10.4,6.2,9.2,8.8,9.3,9.0,8.8,2.9,6.0,7.7,8.3,13.2,27.3,20.6,22.1,30.5,23.6,12.1,25.1,30.9,34.4,39.0,42.5,11.7,21.4,24.8,27.4,33.3,90.3,93.1,73.6,68.9
KAZAKHSTAN,2017,-8.9,-9.8,-2.3,9.2,17.2,22.3,24.8,23.4,16.3,7.1,1.3,-7.8,8.1,23.5,8.2,-10.5,-13.9,-14.5,-7.6,3.3,9.7,15.4,17.1,15.4,9.6,0.6,-3.3,-12.7,1.8,16.0,2.3,-15.8,-3.9,-5.2,3.0,15.2,24.8,29.2,32.5,31.4,23.0,13.5,6.0,-2.9,14.4,31.0,14.2,-5.2,8.7,8.6,6.8,7.6,6.3,6.1,4.4,3.8,3.6,8.2,7.4,9.5,20.7,14.3,19.1,22.2,16.3,19.2,17.1,27.7,21.9,22.1,17.2,11.1,11.2,25.1,19.5,22.6,66.7,50.4,55.8,47.5
KAZAKHSTAN,2018,-13.6,-10.0,-1.7,8.7,15.6,21.9,25.4,21.9,15.7,8.3,-3.0,-9.2,7.5,23.1,7.0,-9.1,-18.8,-15.7,-6.7,2.6,7.9,14.9,18.1,14.4,8.8,2.6,-7.7,-13.8,1.3,15.8,1.3,-14.1,-8.5,-4.3,3.2,14.9,23.4,29.0,32.9,29.4,22.6,14.1,1.6,-4.6,13.8,30.4,12.8,-4.1,6.0,6.7,9.9,6.9,5.7,6.6,5.0,6.0,4.0,7.8,8.5,7.8,22.5,17.7,20.3,23.9,11.8,13.1,28.4,25.0,19.1,21.5,20.4,23.6,13.4,23.6,24.7,16.7,72.4,65.4,61.7,46.8
KAZAKHSTAN,2019,-9.1,-9.0,1.3,9.6,17.2,21.9,25.5,22.2,14.9,9.6,-3.6,-5.1,9.4,23.2,7.0,-5.1,-14.3,-14.3,-4.4,2.9,10.3,15.0,17.8,14.5,7.6,2.6,-8.2,-9.8,2.9,15.8,0.7,-9.9,-4.0,-3.9,7.1,16.4,24.2,28.8,33.2,29.9,22.3,16.6,1.0,-0.4,15.9,30.6,13.3,-0.2,7.8,8.4,7.8,7.6,6.0,5.8,5.2,4.3,5.9,5.5,6.9,9.2,21.4,15.3,18.4,29.2,15.3,14.9,21.9,27.7,16.0,24.8,16.4,16.0,17.6,16.4,17.8,20.9,65.6,57.2,51.8,66.7
KAZAKHSTAN,2020,-6.4,-3.7,1.8,11.2,19.1,22.2,25.3,22.1,15.0,7.7,-3.0,-12.0,10.7,23.2,6.6,-10.4,-10.9,-9.0,-3.3,4.2,11.4,14.6,18.5,14.5,7.2,0.8,-7.4,-16.8,4.1,15.9,0.2,-15.4,-1.8,1.5,7.0,18.1,26.8,29.9,32.2,29.8,22.9,14.7,1.3,-7.2,17.3,30.6,13.0,-5.5,11.3,8.8,4.2,7.1,6.5,4.4,5.8,5.1,5.0,4.3,8.1,7.5,17.8,15.4,17.4,22.8,23.1,22.6,9.1,26.1,20.9,19.4,22.3,21.1,16.6,11.0,17.1,9.9,56.1,62.8,44.7,43.8
KAZAKHSTAN,2021,-11.4,-8.0,-2.6,10.3,20.4,23.3,25.5,24.4,15.1,6.6,-1.8,-5.0,9.4,24.4,6.6,-6.1,-16.6,-12.8,-7.4,3.0,12.9,15.6,18.0,16.3,7.5,0.2,-6.4,-10.0,2.8,16.7,0.4,-11.1,-6.3,-3.1,2.2,17.6,28.0,31.0,33.0,32.6,22.8,12.9,2.8,0.1,16.0,32.2,12.8,-1.0,6.5,8.8,10.6,4.8,3.8,5.6,4.6,4.0,4.2,5.3,7.3,8.3,19.2,14.1,16.8,25.5,11.9,22.0,30.2,14.5,11.9,20.0,19.7,12.5,14.1,14.8,20.7,18.1,56.6,52.2,49.6,51.7
KAZAKHSTAN,2022,-7.8,-5.4,-2.4,12.9,17.1,23.0,24.5,22.8,17.5,8.4,-1.0,-10.6,9.2,23.4,8.3,-9.8,-12.7,-10.6,-7.3,6.8,11.0,16.0,16.8,15.2,9.4,1.8,-5.4,-14.9,3.5,16.0,1.9,-14.5,-3.0,-0.2,2.5,19.0,23.3,30.0,32.2,30.4,25.7,14.9,3.5,-6.5,14.9,30.9,14.7,-5.1,9.9,7.2,10.8,5.4,7.7,4.8,6.4,3.7,3.4,6.6,11.3,7.6,23.9,14.9,21.2,27.1,20.1,13.5,35.2,14.8,28.8,17.2,28.0,12.0,9.9,19.7,37.0,13.1,78.9,57.1,66.6,51.2
KAZAKHSTAN,2023,-11.0,-7.7,3.4,10.6,17.7,23.0,26.1,23.2,16.1,9.6,4.1,-5.8,10.6,24.1,9.9,-7.9,-15.6,-13.1,-2.0,3.2,10.0,15.2,18.3,15.8,9.4,3.4,-1.1,-10.8,3.7,16.5,3.9,-13.2,-6.6,-2.4,8.8,18.1,25.4,30.8,33.9,30.6,22.8,15.9,9.3,-0.8,17.4,31.8,16.0,-2.6,9.6,9.8,8.0,7.0,7.2,6.6,6.5,5.7,5.6,8.9,9.5,11.4,22.3,18.9,24.0,34.4,15.5,22.5,16.8,21.6,22.9,22.7,24.6,19.1,15.9,25.0,24.3,23.5,61.3,66.5,65.2,68.9
KAZAKHSTAN,2024,-8.8,-9.1,-0.9,12.7,15.5,24.1,24.5,22.2,15.3,8.5,0.3,-6.4,9.1,23.6,8.0,-999.0,-14.1,-14.7,-6.4,5.7,8.2,16.8,17.6,15.0,7.8,2.1,-4.4,-10.8,2.5,16.5,1.9,-999.0,-3.4,-3.6,4.6,19.7,22.9,31.5,31.4,29.6,22.8,15.0,4.9,-2.1,15.7,30.8,14.2,-999.0,12.8,10.2,9.8,7.2,9.6,7.8,8.5,6.9,4.1,9.8,10.5,10.4,26.6,23.2,24.5,-999.0,24.7,20.8,23.6,21.6,35.2,29.9,37.2,26.7,10.9,29.4,27.2,18.2,80.4,93.8,67.6,-999.0
NEPAL,1901,-1.2,0.7,5.6,10.1,13.3,17.5,17.5,16.3,14.6,11.2,5.4,1.8,9.7,17.1,10.4,1.8,-8.8,-6.8,-2.1,2.7,6.5,11.7,12.8,11.9,9.5,4.7,-2.1,-6.0,2.4,12.2,4.0,-5.9,6.4,8.3,13.4,17.5,20.2,23.4,22.2,20.7,19.8,17.8,13.0,9.7,17.0,22.1,16.9,9.5,5.3,3.9,4.1,2.6,8.9,11.5,17.0,20.2,11.5,2.0,1.5,1.4,15.6,48.8,14.9,5.3,43.2,30.8,36.3,20.5,111.9,137.1,211.8,298.7,119.8,20.1,8.3,10.4,168.8,647.6,148.2,31.3
NEPAL,1902,1.4,2.3,7.5,10.2,13.4,16.1,16.4,16.8,14.4,9.7,4.7,1.1,10.4,16.4,9.6,0.7,-6.3,-5.3,-0.2,2.9,6.6,10.3,11.7,12.4,9.3,3.2,-2.9,-6.8,3.1,11.5,3.2,-7.0,9.0,9.9,15.1,17.6,20.2,22.0,21.0,21.3,19.6,16.3,12.3,9.0,17.7,21.4,16.1,8.4,1.5,2.3,4.5,5.5,7.8,11.9,19.4,17.6,14.9,3.3,0.7,0.7,17.8,48.9,18.9,6.7,7.3,13.6,58.4,60.8,83.1,134.5,304.6,218.2,268.0,36.0,4.8,6.1,202.3,657.2,308.9,35.7
NEPAL,1903,0.3,0.7,4.9,9.6,13.4,17.0,18.0,16.3,14.8,9.8,4.5,1.1,9.3,17.1,9.7,1.0,-7.3,-6.8,-2.8,2.2,6.6,11.1,13.3,11.8,9.6,3.3,-3.0,-6.7,2.0,12.1,3.3,-6.7,7.9,8.3,12.5,17.0,20.3,22.8,22.7,20.7,19.9,16.4,12.1,9.0,16.6,22.1,16.2,8.7,3.4,2.6,3.5,2.9,5.6,12.9,15.4,17.9,11.9,5.2,0.7,0.9,11.9,46.2,17.8,6.1,15.4,14.2,30.3,24.2,40.3,192.9,166.3,234.9,143.1,87.7,4.6,6.8,94.9,594.1,235.4,33.6
NEPAL,1904,0.2,1.8,5.5,10.8,12.9,15.8,15.7,15.9,14.3,10.0,4.4,1.7,9.7,15.8,9.6,0.2,-7.5,-5.8,-2.2,3.5,6.1,10.0,11.0,11.5,9.1,3.4,-3.2,-6.2,2.5,10.8,3.1,-7.5,7.8,9.4,13.2,18.2,19.7,21.7,20.4,20.3,19.6,16.7,12.0,9.6,17.0,20.8,16.1,7.9,2.8,2.3,3.2,2.4,8.8,12.9,18.6,21.6,11.9,4.0,2.9,1.6,14.4,53.1,18.8,10.9,11.4,15.4,30.3,20.3,120.6,178.1,283.2,389.0,117.8,65.1,11.2,12.6,171.2,850.3,194.1,86.8
NEPAL,1905,-1.2,0.2,3.1,7.7,13.5,17.4,16.6,16.5,14.8,10.2,5.7,1.5,8.1,16.8,10.2,0.4,-8.9,-7.4,-4.5,0.3,6.7,11.5,12.0,12.1,9.6,3.7,-2.0,-6.3,0.8,11.9,3.8,-7.3,6.4,7.8,10.8,15.2,20.3,23.2,21.3,20.9,20.0,16.8,13.3,9.4,15.4,21.8,16.7,8.0,4.5,4.8,5.4,4.8,7.9,9.5,19.0,20.9,13.7,1.9,0.7,1.6,18.1,49.5,16.3,10.8,31.3,42.9,77.4,45.4,85.8,82.2,317.2,409.4,221.6,19.0,4.5,11.8,208.6,808.9,245.1,106.0
NEPAL,1906,-0.6,0.1,4.1,10.3,14.8,15.8,16.6,16.0,14.4,10.2,5.8,2.3,9.7,16.1,10.1,1.4,-8.2,-7.4,-3.5,2.9,8.0,10.0,11.9,11.6,9.2,3.6,-1.8,-5.5,2.5,11.1,3.7,-6.3,7.1,7.6,11.8,17.7,21.6,21.6,21.4,20.4,19.6,16.7,13.4,10.2,17.0,21.1,16.6,9.1,3.3,5.9,3.6,2.6,6.5,13.8,18.6,20.5,11.9,2.8,0.7,1.0,12.7,52.9,15.4,8.7,15.9,78.2,29.3,20.5,59.1,180.8,293.0,341.7,126.7,30.2,4.8,7.0,108.9,815.6,161.7,80.2
NEPAL,1907,1.7,0.3,3.4,8.1,12.3,16.0,17.8,16.0,15.2,10.9,5.6,1.0,7.9,16.6,10.6,0.8,-6.0,-7.3,-4.3,0.8,5.5,10.2,13.1,11.5,10.0,4.3,-2.1,-6.9,0.7,11.6,4.1,-6.9,9.3,7.8,11.1,15.5,19.2,21.9,22.5,20.5,20.4,17.6,13.2,8.8,15.3,21.6,17.1,8.5,2.5,5.2,6.1,6.2,5.9,14.1,17.1,16.6,11.0,1.5,0.7,0.8,18.2,47.7,13.2,9.3,10.6,62.6,85.7,83.2,42.6,232.4,208.3,200.9,162.7,17.4,4.5,6.5,211.5,641.6,184.6,72.9
NEPAL,1908,-0.2,1.7,5.8,11.7,13.8,16.9,16.0,15.7,14.6,10.1,4.6,1.0,10.4,16.2,9.8,0.8,-7.8,-5.8,-1.9,4.4,7.0,11.1,11.3,11.2,9.4,3.4,-3.0,-6.9,3.1,11.2,3.3,-6.9,7.5,9.3,13.5,19.1,20.6,22.8,20.7,20.2,19.9,16.8,12.3,8.9,17.7,21.2,16.3,8.5,3.9,4.6,3.1,2.8,6.2,12.1,17.5,17.1,11.8,2.2,0.7,1.1,12.1,46.6,14.7,8.0,20.7,45.6,23.2,21.5,48.2,139.4,241.0,206.6,146.7,20.0,4.9,7.3,92.8,587.0,171.6,46.6
NEPAL,1909,0.6,0.9,6.7,8.6,13.3,14.4,15.8,16.0,14.5,10.3,6.2,1.6,9.5,15.4,10.3,1.0,-7.0,-6.7,-1.0,1.2,6.5,8.6,11.1,11.6,9.2,3.8,-1.3,-6.2,2.2,10.4,3.9,-6.6,8.3,8.5,14.4,16.0,20.2,20.2,20.6,20.4,19.7,16.9,13.8,9.4,16.9,20.4,16.8,8.7,3.4,3.4,1.7,7.8,6.0,17.0,20.2,18.8,11.0,2.9,0.7,2.4,15.5,56.0,14.6,8.4,17.3,22.1,15.3,143.4,45.6,332.4,321.1,265.5,122.6,26.6,4.5,22.3,204.3,918.9,153.7,53.0
NEPAL,1910,0.1,1.4,5.8,9.8,13.4,15.0,16.0,15.9,14.6,9.4,4.3,1.1,9.7,15.7,9.4,1.4,-7.5,-6.2,-1.8,2.4,6.6,9.2,11.4,11.5,9.4,2.9,-3.3,-6.7,2.4,10.7,3.0,-6.3,7.7,9.0,13.5,17.2,20.3,20.9,20.8,20.4,19.8,15.9,11.9,9.0,17.0,20.7,15.9,9.1,2.8,3.2,2.8,4.1,7.2,15.7,20.1,18.2,14.2,4.1,2.4,1.2,14.1,54.0,20.7,7.1,11.1,19.7,21.3,40.0,64.4,247.2,322.2,250.4,217.2,57.6,13.0,7.2,125.7,819.9,287.9,44.4
NEPAL,1911,1.5,1.5,4.0,9.8,14.3,15.2,18.0,16.5,14.0,10.1,3.8,1.0,9.4,16.6,9.3,1.3,-6.1,-6.1,-3.6,2.4,7.5,9.4,13.3,12.1,8.9,3.6,-3.8,-6.9,2.1,11.6,2.9,-6.3,9.2,9.1,11.7,17.2,21.1,21.0,22.7,21.0,19.2,16.7,11.4,8.8,16.7,21.6,15.7,9.0,4.2,1.7,6.1,4.7,6.1,15.6,15.5,19.6,13.6,3.7,2.8,0.7,16.9,50.6,20.1,7.5,25.9,11.4,85.5,47.4,62.6,279.1,193.6,298.7,182.9,55.4,21.6,6.3,195.6,771.4,259.8,42.3
NEPAL,1912,0.6,2.5,5.3,9.4,13.4,16.8,16.5,15.9,14.1,10.0,4.2,1.1,9.4,16.4,9.4,0.9,-7.0,-5.1,-2.4,2.0,6.6,11.0,11.9,11.5,8.9,3.4,-3.4,-6.7,2.1,11.4,3.0,-6.8,8.3,10.0,13.0,16.8,20.2,22.7,21.2,20.4,19.3,16.6,11.8,9.0,16.7,21.4,15.9,8.6,3.3,3.5,4.7,4.8,7.2,12.8,18.7,17.7,12.4,2.0,3.6,1.2,16.7,49.3,18.0,8.4,15.0,21.1,48.6,46.9,67.2,151.1,283.4,223.0,132.8,19.8,40.6,8.1,162.6,657.5,193.2,74.4
NEPAL,1913,0.5,1.2,3.8,10.9,12.0,13.8,16.3,16.4,15.0,10.5,4.5,1.1,8.9,15.5,10.0,1.4,-7.2,-6.4,-3.9,3.5,5.2,8.0,11.6,12.0,9.8,4.0,-3.1,-6.8,1.6,10.5,3.6,-6.3,8.1,8.7,11.5,18.3,18.8,19.6,21.1,20.9,20.3,17.1,12.1,8.9,16.2,20.5,16.5,9.1,2.0,5.2,4.8,3.1,9.2,18.2,16.6,19.3,11.4,3.1,1.4,3.1,17.1,54.1,15.8,9.3,7.6,58.7,55.3,23.4,127.9,378.8,204.5,326.7,156.1,31.7,8.8,43.1,206.5,910.1,196.6,92.5
NEPAL,1914,1.5,1.6,5.0,9.3,13.0,15.4,16.0,16.0,14.5,9.1,5.4,1.5,9.1,15.8,9.7,1.0,-6.1,-5.9,-2.7,1.9,6.2,9.6,11.3,11.6,9.3,2.5,-2.2,-6.4,1.8,10.9,3.2,-6.7,9.2,9.1,12.7,16.7,19.8,21.3,20.8,20.5,19.7,15.8,13.0,9.3,16.4,20.8,16.2,8.7,1.5,4.7,4.4,5.5,8.5,12.4,18.9,17.8,13.5,2.8,2.1,0.7,18.3,49.1,18.4,9.2,7.0,42.4,43.5,65.3,113.0,135.0,281.8,475.4,162.2,24.1,19.3,6.5,221.8,892.2,205.6,87.5
NEPAL,1915,0.8,0.7,5.1,9.9,14.5,16.1,17.1,16.4,14.8,11.5,6.0,1.8,9.9,16.5,10.7,1.3,-6.9,-6.9,-2.5,2.5,7.7,10.3,12.5,12.0,9.6,5.0,-1.6,-6.0,2.6,11.6,4.3,-6.4,8.4,8.3,12.8,17.3,21.3,21.9,21.8,20.8,20.0,18.0,13.5,9.7,17.2,21.5,17.2,8.9,2.9,5.6,5.2,4.9,7.2,14.0,18.8,22.4,13.3,3.3,2.1,1.2,17.3,55.2,18.6,6.5,11.9,69.1,67.3,45.4,72.8,196.4,297.6,412.0,199.8,38.0,18.8,8.5,185.4,906.0,256.5,43.9
NEPAL,1916,0.6,1.3,7.8,11.0,13.9,14.3,16.2,15.8,14.4,10.0,4.4,0.8,10.9,15.5,9.6,0.8,-7.0,-6.3,0.1,3.6,7.0,8.5,11.5,11.4,9.2,3.5,-3.2,-7.1,3.6,10.5,3.2,-6.9,8.3,8.9,15.5,18.4,20.7,20.2,20.9,20.3,19.5,16.5,12.0,8.6,18.2,20.5,16.0,8.4,1.4,3.9,1.7,4.5,6.2,16.0,19.4,19.3,14.4,4.3,0.8,0.7,12.5,54.7,19.6,8.1,6.6,28.8,15.4,41.8,47.9,265.2,287.4,298.6,221.1,69.1,5.3,6.1,105.0,851.2,295.5,55.6
NEPAL,1917,0.2,1.3,4.9,7.9,11.1,14.6,15.9,15.8,13.7,9.4,4.3,1.4,7.9,15.5,9.1,0.9,-7.4,-6.2,-2.8,0.5,4.3,8.8,11.3,11.4,8.6,2.9,-3.3,-6.4,0.7,10.5,2.7,-6.8,7.9,8.8,12.6,15.3,17.9,20.4,20.6,20.3,18.9,16.0,11.8,9.3,15.3,20.5,15.6,8.6,2.8,4.6,3.8,4.4,10.1,15.9,18.8,16.5,14.8,4.7,0.7,1.7,18.3,51.1,20.1,5.3,10.3,39.3,37.3,44.0,166.8,252.6,276.6,193.7,224.6,69.6,4.7,11.5,248.1,722.8,298.9,31.0
NEPAL,1918,-0.7,1.9,5.8,8.6,14.1,14.4,18.0,16.3,15.0,10.5,5.2,0.8,9.5,16.3,10.2,0.6,-8.3,-5.7,-1.9,1.3,7.3,8.7,13.3,12.0,9.8,4.0,-2.4,-7.1,2.2,11.3,3.8,-7.1,7.0,9.4,13.5,16.0,20.9,20.3,22.7,20.8,20.2,17.1,12.8,8.7,16.8,21.3,16.7,8.3,2.1,1.5,3.5,5.5,7.1,15.3,15.6,20.3,11.8,2.5,2.0,1.2,16.2,51.2,16.3,9.6,8.5,11.1,27.0,65.0,69.0,264.1,197.3,391.6,193.9,22.4,15.1,7.1,161.1,853.0,231.4,53.7
NEPAL,1919,0.4,0.6,6.1,9.2,12.9,16.2,15.9,16.0,14.3,9.8,5.0,1.2,9.4,16.0,9.7,1.0,-7.3,-7.0,-1.6,1.9,6.1,10.4,11.3,11.5,9.1,3.2,-2.6,-6.7,2.1,11.1,3.2,-6.7,8.0,8.1,13.8,16.6,19.7,22.1,20.6,20.5,19.5,16.4,12.6,9.0,16.7,21.1,16.2,8.7,5.4,2.9,3.1,5.7,7.1,12.7,18.9,16.6,13.3,3.3,1.4,1.0,16.0,48.3,18.0,7.1,27.9,18.7,23.3,61.1,64.1,152.9,285.2,200.4,178.5,37.6,5.9,7.6,148.5,638.5,222.1,52.5
NEPAL,1920,0.8,1.0,5.3,9.8,11.5,15.7,16.1,16.3,15.1,11.0,6.0,2.4,8.9,16.0,10.7,1.7,-6.8,-6.5,-2.3,2.4,4.7,9.8,11.4,11.8,10.0,4.5,-1.6,-5.5,1.6,11.0,4.3,-6.0,8.4,8.5,12.9,17.2,18.3,21.5,20.8,20.8,20.3,17.6,13.6,10.3,16.1,21.1,17.2,9.4,1.9,4.1,5.2,2.6,6.5,14.0,19.0,15.1,11.7,2.1,0.7,0.9,14.3,48.0,14.4,7.7,8.0,36.9,60.9,20.6,57.1,164.5,293.0,157.0,159.8,18.7,4.5,6.5,138.6,614.5,183.0,47.7
NEPAL,1921,1.0,1.7,7.9,11.6,15.5,15.9,17.2,15.7,13.9,9.1,4.7,2.6,11.7,16.3,9.3,1.8,-6.7,-5.8,0.3,4.2,8.7,10.1,12.6,11.3,8.7,2.6,-2.9,-5.3,4.4,11.3,2.8,-5.9,8.6,9.3,15.6,19.0,22.3,21.8,22.0,20.1,19.2,15.7,12.4,10.5,19.0,21.3,15.7,9.5,4.4,2.3,3.1,3.2,5.1,13.3,17.6,20.6,13.0,4.0,0.7,0.9,11.4,51.6,17.6,8.7,28.4,12.9,28.1,25.1,46.0,169.0,238.1,338.9,162.3,52.1,4.5,6.3,99.3,746.0,219.0,54.8
NEPAL,1922,0.1,2.6,7.0,10.9,14.4,15.2,16.3,15.8,14.0,9.4,5.0,1.2,10.8,15.8,9.4,0.9,-7.6,-5.0,-0.6,3.5,7.5,9.4,11.6,11.4,8.8,2.8,-2.6,-6.7,3.5,10.8,3.0,-6.8,7.7,10.2,14.7,18.3,21.2,21.0,21.0,20.3,19.2,16.0,12.6,9.0,18.1,20.8,15.9,8.5,4.1,3.7,1.6,3.9,5.0,15.6,20.2,20.7,13.8,2.9,1.4,2.9,10.4,56.5,18.1,10.8,24.2,24.2,15.1,29.5,36.6,312.6,329.5,321.2,187.1,27.3,7.0,36.3,81.3,963.4,221.4,112.0
NEPAL,1923,0.5,0.9,6.2,10.9,13.4,17.7,16.4,15.8,14.6,9.4,5.1,1.9,10.2,16.6,9.7,1.2,-7.2,-6.6,-1.5,3.5,6.6,11.9,11.8,11.3,9.4,2.8,-2.5,-6.0,2.9,11.7,3.3,-6.5,8.2,8.4,13.9,18.3,20.3,23.6,21.2,20.3,19.8,16.0,12.7,9.7,17.5,21.7,16.2,8.9,2.3,5.6,2.0,3.2,7.2,12.0,17.4,17.3,13.2,4.4,2.1,1.9,12.4,46.7,19.6,8.5,9.6,66.1,16.3,29.1,78.2,150.4,229.3,219.6,170.6,59.4,13.8,13.3,123.6,599.3,243.8,53.3
NEPAL,1924,0.0,1.7,7.4,11.1,12.3,17.9,16.4,16.1,13.9,10.1,4.8,1.8,10.3,16.8,9.6,0.4,-7.6,-5.8,-0.3,3.8,5.5,12.1,11.7,11.7,8.8,3.6,-2.8,-6.0,3.0,11.8,3.2,-7.2,7.6,9.3,15.1,18.5,19.1,23.7,21.0,20.5,19.1,16.7,12.4,9.6,17.6,21.8,16.0,8.1,2.8,3.8,2.4,3.1,6.3,12.0,19.3,18.5,16.0,4.7,3.5,1.7,11.8,49.8,24.2,7.4,12.8,27.1,19.1,23.6,54.5,146.3,318.9,254.0,268.1,67.5,31.8,14.7,97.1,719.2,367.4,44.7
NEPAL,1925,-1.0,0.5,6.1,10.8,12.9,14.4,15.3,16.4,14.6,10.2,4.4,1.3,9.9,15.4,9.7,1.4,-8.7,-7.1,-1.6,3.4,6.1,8.6,10.7,12.0,9.4,3.6,-3.2,-6.6,2.6,10.4,3.3,-6.3,6.5,8.0,13.8,18.2,19.7,20.2,20.1,20.9,19.8,16.7,12.0,9.1,17.2,20.4,16.2,9.1,3.6,2.0,2.3,5.6,7.5,14.4,19.6,20.8,13.1,2.7,2.2,0.7,15.4,54.8,17.9,6.5,18.2,11.9,18.8,73.5,76.1,189.3,311.6,361.1,203.8,23.3,15.4,6.0,168.4,861.9,242.5,36.0
NEPAL,1926,0.4,2.6,4.5,7.7,12.0,17.6,17.0,16.0,14.2,9.6,3.5,1.4,8.1,16.9,9.1,0.5,-7.3,-5.0,-3.1,0.3,5.2,11.8,12.3,11.6,9.1,3.0,-4.1,-6.5,0.8,11.9,2.7,-7.2,8.0,10.2,12.2,15.1,18.9,23.5,21.7,20.5,19.4,16.1,11.1,9.3,15.4,21.9,15.6,8.1,3.4,2.4,5.0,5.8,8.0,9.7,20.2,18.8,12.4,2.6,1.4,1.7,18.8,48.7,16.3,9.6,15.6,14.4,61.0,66.8,90.8,86.6,334.0,258.5,170.8,25.0,9.9,11.7,218.6,679.0,205.7,70.0
NEPAL,1927,-0.5,0.4,4.6,9.7,12.6,16.2,16.4,15.8,14.7,10.1,4.6,2.4,9.0,16.1,9.8,1.5,-8.1,-7.2,-3.1,2.4,5.8,10.4,11.6,11.4,9.6,3.5,-3.0,-5.5,1.7,11.1,3.4,-6.2,7.2,8.0,12.3,17.1,19.5,22.0,21.1,20.4,19.9,16.8,12.2,10.3,16.3,21.2,16.3,9.2,3.1,4.9,4.5,3.5,8.1,12.3,17.2,19.2,11.5,4.0,3.1,1.0,16.1,48.6,18.6,10.7,16.0,42.4,51.1,26.5,80.9,134.1,250.7,258.7,128.1,64.9,30.8,7.5,158.5,643.5,223.7,88.5
NEPAL,1928,0.1,2.0,6.2,9.8,14.3,15.6,16.4,16.9,15.2,10.8,5.6,1.6,10.1,16.3,10.5,0.8,-7.5,-5.6,-1.5,2.5,7.5,9.8,11.7,12.5,10.1,4.2,-2.1,-6.2,2.8,11.3,4.1,-6.9,7.7,9.5,13.9,17.3,21.1,21.4,21.1,21.4,20.4,17.3,13.2,9.5,17.4,21.3,17.0,8.5,4.7,5.0,2.5,4.4,6.0,13.5,19.3,16.6,9.1,4.0,1.4,2.3,12.8,49.4,14.6,9.0,31.4,49.6,20.6,40.0,53.9,185.2,303.2,203.0,86.5,69.9,10.6,21.8,114.5,691.4,167.0,67.7
NEPAL,1929,0.3,0.6,7.0,10.6,14.5,15.9,16.1,15.7,15.0,9.7,5.3,0.9,10.7,15.9,10.0,0.6,-7.4,-7.0,-0.7,3.2,7.7,10.1,11.4,11.2,9.8,3.1,-2.3,-6.9,3.4,10.9,3.5,-7.1,7.9,8.2,14.7,18.0,21.3,21.8,20.9,20.2,20.2,16.4,12.9,8.8,18.0,20.9,16.5,8.3,4.7,2.0,3.7,5.5,5.7,14.6,18.4,18.9,11.1,5.3,0.7,2.7,14.9,51.9,17.0,9.9,33.7,12.2,31.2,60.1,45.0,206.9,291.0,264.4,125.1,100.9,4.5,30.4,136.3,762.3,230.4,71.9
NEPAL,1930,-0.4,1.2,6.6,9.8,13.5,15.6,15.7,16.1,14.8,10.4,4.6,1.6,10.0,15.8,9.9,1.3,-8.1,-6.3,-1.1,2.5,6.7,9.8,11.0,11.6,9.6,3.8,-2.9,-6.3,2.7,10.8,3.5,-6.4,7.2,8.8,14.3,17.2,20.4,21.5,20.5,20.6,20.0,17.0,12.2,9.4,17.3,20.9,16.4,9.0,3.5,3.7,4.3,4.0,5.5,13.0,18.3,17.2,11.8,3.7,2.6,2.7,13.9,48.4,18.1,9.8,16.9,24.6,46.3,34.1,39.5,147.9,262.0,202.5,148.5,43.5,20.9,28.3,119.9,612.3,212.9,88.4
NEPAL,1931,1.6,0.6,5.4,11.4,13.6,17.1,16.7,16.7,14.3,9.8,4.8,2.1,10.1,16.8,9.6,1.6,-6.0,-6.9,-2.3,4.0,6.8,11.2,12.1,12.2,9.1,3.3,-2.8,-5.7,2.9,11.8,3.2,-6.1,9.3,8.2,13.1,18.7,20.5,22.9,21.4,21.2,19.5,16.4,12.4,10.0,17.4,21.8,16.1,9.3,2.1,5.0,3.5,2.1,6.3,10.3,20.5,16.6,14.7,4.9,2.2,0.9,11.9,47.3,21.9,5.6,8.0,52.0,28.2,18.8,48.7,101.9,366.2,191.0,216.7,82.6,9.4,7.0,95.7,659.1,308.7,34.3
NEPAL,1932,1.9,0.7,6.4,10.2,13.1,17.0,16.9,16.0,14.6,10.3,5.1,1.7,9.9,16.6,10.0,0.9,-5.7,-6.9,-1.3,2.8,6.3,11.2,12.2,11.5,9.4,3.8,-2.5,-6.2,2.6,11.6,3.6,-6.8,9.6,8.2,14.1,17.6,19.9,22.9,21.6,20.4,19.8,16.9,12.7,9.5,17.2,21.6,16.5,8.6,1.4,3.3,2.7,3.2,5.5,12.8,15.2,17.4,14.8,2.8,2.9,2.2,11.3,45.3,20.5,10.5,6.6,20.8,23.9,24.5,39.5,160.9,173.0,214.1,218.9,27.9,33.5,21.4,88.0,548.0,280.3,77.2
NEPAL,1933,-1.0,2.1,6.1,8.5,11.5,15.3,16.0,15.7,14.1,9.7,5.0,2.0,8.7,15.7,9.6,1.3,-8.7,-5.5,-1.6,1.1,4.6,9.5,11.3,11.2,8.8,3.1,-2.6,-5.8,1.4,10.7,3.1,-6.4,6.6,9.7,13.8,15.9,18.3,21.1,20.8,20.2,19.3,16.4,12.6,9.9,16.0,20.7,16.1,9.0,3.8,4.5,2.6,6.3,9.5,14.4,20.0,18.9,12.7,5.0,0.7,0.9,18.4,53.3,18.3,8.3,19.7,36.2,20.8,95.3,132.6,199.9,325.7,280.9,146.0,79.8,4.5,6.2,248.7,806.5,230.3,54.5
NEPAL,1934,-0.5,2.4,5.3,10.3,13.4,15.4,16.2,15.8,14.7,9.4,4.8,1.9,9.6,15.8,9.6,1.0,-8.2,-5.2,-2.4,2.9,6.6,9.5,11.5,11.3,9.5,2.8,-2.8,-6.0,2.4,10.8,3.2,-6.6,7.1,9.9,13.0,17.7,20.2,21.2,21.0,20.3,19.9,16.0,12.4,9.8,16.9,20.8,16.1,8.7,4.3,3.1,3.6,2.5,5.8,13.9,18.8,18.3,11.9,2.9,1.3,1.8,11.8,51.1,16.1,9.8,26.3,22.0,30.7,21.5,44.6,185.7,281.7,232.8,145.5,36.7,6.9,15.7,96.8,700.2,189.2,73.8
NEPAL,1935,-0.7,1.9,6.1,8.0,14.3,17.1,16.3,15.7,14.5,9.9,5.5,1.6,9.5,16.4,9.9,0.8,-8.4,-5.6,-1.6,0.6,7.5,11.2,11.6,11.3,9.3,3.1,-2.2,-6.3,2.2,11.4,3.4,-6.8,6.9,9.5,13.8,15.4,21.2,23.0,21.1,20.2,19.7,16.6,13.2,9.4,16.8,21.4,16.5,8.5,4.1,3.9,2.5,3.4,5.0,11.7,18.0,18.2,12.3,1.6,1.4,1.7,10.9,47.9,15.3,8.0,26.3,31.7,19.4,33.4,40.6,151.4,243.3,267.0,150.9,17.2,9.8,12.9,93.4,661.7,178.0,51.4
NEPAL,1936,-0.4,1.2,5.9,9.9,14.3,14.2,15.9,16.0,14.2,9.7,5.5,1.6,10.0,15.4,9.8,0.9,-8.1,-6.2,-1.8,2.5,7.5,8.3,11.2,11.6,9.0,3.3,-2.1,-6.0,2.8,10.4,3.4,-6.6,7.3,8.7,13.5,17.2,21.2,20.0,20.6,20.5,19.5,16.2,13.2,9.2,17.3,20.4,16.3,8.5,2.5,3.7,3.4,3.5,8.4,15.9,21.7,19.5,14.3,3.1,1.4,3.3,15.3,57.2,18.8,10.9,10.5,28.0,30.7,31.1,102.1,214.3,396.6,280.4,222.7,33.4,7.0,42.7,164.0,891.3,263.1,117.7
NEPAL,1937,-0.3,1.5,4.9,9.1,13.3,16.2,16.5,16.3,14.8,9.6,5.1,1.2,9.1,16.4,9.8,0.6,-7.8,-6.0,-2.7,1.8,6.5,10.4,11.8,12.0,9.7,3.0,-2.4,-6.7,1.9,11.4,3.4,-7.1,7.3,8.9,12.5,16.5,20.0,22.1,21.3,20.7,20.1,16.1,12.6,9.0,16.3,21.4,16.3,8.3,1.8,5.8,1.9,5.6,8.5,12.1,17.0,20.1,13.0,5.1,0.8,1.7,15.9,49.2,18.9,9.7,7.3,67.8,16.8,67.7,107.2,127.0,209.2,354.0,162.5,114.1,5.1,12.9,191.8,690.1,281.6,69.0
NEPAL,1938,0.3,0.2,7.2,11.2,14.2,14.6,16.3,16.6,15.4,10.6,4.2,1.7,10.8,15.8,10.1,1.6,-7.3,-7.4,-0.5,3.8,7.4,8.8,11.6,12.2,10.3,4.0,-3.4,-6.1,3.6,10.8,3.6,-6.1,8.0,7.8,14.8,18.6,21.0,20.4,21.0,21.1,20.7,17.2,11.8,9.6,18.1,20.8,16.6,9.3,4.2,3.9,2.0,2.8,7.2,18.0,18.7,20.3,11.4,3.1,1.4,0.7,12.0,57.1,15.9,8.4,26.5,29.6,16.7,22.6,87.7,381.8,267.7,332.7,150.7,30.6,5.4,6.1,127.0,982.1,186.8,60.8
NEPAL,1939,1.1,1.8,4.2,9.5,14.5,15.1,16.2,16.5,14.5,10.6,5.1,2.1,9.4,15.9,10.0,1.2,-6.5,-5.7,-3.4,2.1,7.7,9.3,11.5,12.0,9.3,4.0,-2.5,-5.8,2.1,10.9,3.6,-6.5,8.8,9.4,11.9,16.9,21.4,20.9,20.9,21.0,19.7,17.1,12.7,9.9,16.7,20.9,16.5,8.9,3.0,4.7,3.0,3.6,4.8,16.1,18.2,18.1,11.9,3.9,0.7,0.7,11.4,52.4,16.5,9.2,12.0,42.7,25.2,31.6,34.9,223.5,276.3,259.3,153.2,47.0,4.5,6.1,91.6,759.1,204.7,82.6
NEPAL,1940,0.3,1.2,4.1,9.4,13.9,16.3,16.7,16.1,14.4,10.4,6.1,1.5,9.1,16.4,10.3,1.3,-7.3,-6.4,-3.5,2.0,7.1,10.5,12.0,11.6,9.1,3.7,-1.5,-6.3,1.9,11.4,3.8,-6.3,8.0,8.8,11.8,16.8,20.7,22.2,21.5,20.6,19.7,17.0,13.7,9.4,16.4,21.4,16.8,8.9,2.9,5.6,4.8,3.7,7.8,12.6,20.5,19.4,10.8,1.3,0.4,2.6,16.3,52.5,12.5,8.7,13.3,63.3,64.3,31.8,83.2,151.7,352.6,289.1,128.2,10.9,2.3,20.6,179.3,793.4,141.4,51.8
NEPAL,1941,0.0,2.3,7.8,11.9,14.3,15.1,17.4,16.8,15.0,11.3,5.5,3.0,11.3,16.4,10.6,1.7,-7.5,-5.2,0.1,4.6,7.6,9.3,12.7,12.3,9.7,4.7,-2.1,-4.9,4.1,11.4,4.1,-6.0,7.5,9.8,15.4,19.3,21.1,20.9,22.2,21.3,20.3,17.8,13.2,10.9,18.6,21.4,17.1,9.4,3.9,2.3,1.5,2.4,8.4,14.8,15.9,19.4,12.3,3.0,2.3,1.0,12.3,50.1,17.5,8.3,18.6,12.5,9.7,23.1,97.6,231.4,209.4,298.1,145.0,30.4,11.5,7.5,130.4,738.9,186.9,69.1
NEPAL,1942,-0.3,2.3,7.1,10.9,14.5,17.0,16.1,15.7,13.9,10.3,6.2,1.6,10.8,16.3,10.1,1.4,-7.9,-5.3,-0.5,3.5,7.6,11.2,11.3,11.2,8.8,3.6,-1.5,-6.4,3.5,11.2,3.6,-6.3,7.4,9.9,14.7,18.3,21.4,22.9,20.9,20.3,19.2,17.0,14.0,9.6,18.1,21.4,16.7,9.1,3.4,3.8,2.5,5.7,5.8,14.5,19.6,20.0,14.9,1.6,0.4,1.4,14.0,54.1,16.8,9.8,24.4,37.1,19.7,81.4,42.9,201.3,298.1,318.2,243.1,12.3,2.3,13.0,144.0,817.6,257.7,77.1
NEPAL,1943,1.0,1.6,6.4,8.8,14.0,15.9,16.2,15.8,15.0,10.3,6.5,2.7,9.7,16.0,10.6,1.2,-6.5,-6.0,-1.2,1.6,7.1,10.1,11.5,11.3,9.7,3.7,-1.5,-5.2,2.5,11.0,4.0,-6.4,8.6,9.2,14.0,16.1,20.9,21.8,21.0,20.3,20.3,17.0,14.4,10.7,17.0,21.0,17.2,8.9,4.2,4.2,2.4,7.0,5.6,13.3,17.3,21.1,12.9,2.7,0.4,0.4,15.0,51.8,16.0,10.3,21.3,42.8,16.2,101.7,49.3,160.9,258.8,335.4,188.8,30.1,2.3,2.9,167.2,755.1,221.2,84.6
NEPAL,1944,-0.0,1.1,5.1,8.9,14.8,16.1,16.3,16.4,14.7,10.0,5.8,3.3,9.6,16.3,10.2,1.1,-7.5,-6.5,-2.6,1.6,8.0,10.1,11.5,11.9,9.5,3.4,-1.9,-4.7,2.3,11.2,3.7,-6.6,7.4,8.6,12.8,16.3,21.7,22.0,21.1,21.0,20.0,16.7,13.6,11.3,16.9,21.4,16.7,8.8,5.0,4.9,5.8,6.3,4.6,14.0,17.5,17.7,14.1,3.0,0.4,0.7,16.7,49.2,17.5,9.7,35.5,46.3,74.6,91.3,38.1,191.6,247.9,262.9,220.4,27.3,2.7,3.8,204.0,702.4,250.4,63.4
NEPAL,1945,-0.9,0.9,6.5,9.1,13.2,16.5,16.6,16.7,14.5,9.6,5.2,0.9,9.6,16.6,9.8,1.9,-8.5,-6.6,-1.2,1.8,6.4,10.7,11.9,12.2,9.4,3.1,-2.4,-6.9,2.3,11.6,3.4,-5.8,6.7,8.3,14.3,16.4,20.0,22.3,21.4,21.2,19.7,16.0,12.9,8.7,16.9,21.6,16.2,9.7,6.1,2.9,2.8,6.8,6.3,11.6,18.8,19.0,16.1,5.7,0.9,0.8,16.0,49.4,22.7,5.9,36.4,23.3,17.4,109.0,59.2,128.2,266.4,283.3,266.3,105.5,3.4,6.6,185.6,677.9,375.2,46.0
NEPAL,1946,1.4,3.4,5.9,10.2,13.3,15.7,16.2,16.6,15.0,10.3,5.5,2.4,9.8,16.2,10.3,1.4,-6.5,-4.1,-1.7,2.9,6.6,9.8,11.5,12.1,9.7,3.9,-2.2,-5.7,2.6,11.1,3.8,-6.4,9.3,11.0,13.6,17.6,20.1,21.6,21.0,21.1,20.4,16.8,13.3,10.4,17.1,21.2,16.8,9.2,0.9,4.2,3.2,7.0,9.6,13.9,20.8,17.1,11.8,5.0,1.9,1.1,19.8,51.8,18.7,8.0,3.5,35.9,23.0,111.1,136.5,188.5,356.7,222.1,147.8,86.8,15.1,7.9,270.6,767.3,249.7,44.9
NEPAL,1947,-0.2,2.1,6.7,11.5,14.3,17.3,16.9,16.6,14.7,9.6,6.1,2.6,10.8,16.9,10.1,1.5,-7.9,-5.5,-1.0,4.1,7.5,11.4,12.2,12.1,9.3,3.1,-1.5,-5.4,3.5,11.9,3.6,-6.2,7.4,9.8,14.4,18.9,21.1,23.2,21.6,21.1,20.1,16.2,13.8,10.6,18.1,22.0,16.7,9.2,3.5,3.3,4.0,4.2,7.3,11.0,20.5,18.4,13.0,3.2,1.0,1.3,15.6,49.8,17.2,6.3,15.8,21.2,35.9,48.6,76.1,112.9,353.8,252.8,169.9,40.5,3.3,6.2,160.5,719.4,213.6,38.4
NEPAL,1948,0.5,1.4,5.2,11.3,14.2,17.0,16.5,15.9,14.7,10.3,5.2,1.6,10.2,16.5,10.1,1.7,-7.1,-6.0,-2.3,3.9,7.5,11.1,11.8,11.5,9.5,4.0,-2.4,-6.1,3.0,11.5,3.7,-5.9,8.2,8.9,12.7,18.7,20.9,22.8,21.2,20.5,19.8,16.7,12.8,9.3,17.4,21.5,16.5,9.4,1.7,3.3,3.7,4.4,7.2,12.6,18.4,19.5,12.7,4.5,3.2,0.9,15.3,50.5,20.4,8.5,7.6,24.5,38.6,54.3,82.1,177.3,282.8,286.9,169.8,63.9,32.7,5.5,175.0,747.0,266.4,75.8
NEPAL,1949,1.8,1.8,6.3,10.5,13.5,16.4,16.3,16.2,14.9,10.5,4.3,0.9,10.1,16.3,9.9,0.9,-5.9,-5.8,-1.3,3.2,6.8,10.5,11.6,11.8,9.7,3.9,-3.3,-7.1,2.9,11.3,3.4,-6.8,9.5,9.3,14.0,17.8,20.3,22.2,21.1,20.7,20.2,17.1,12.0,8.8,17.4,21.3,16.4,8.7,1.9,5.6,2.2,6.4,8.5,12.8,20.2,19.1,13.5,5.1,0.5,1.0,17.1,52.2,19.1,8.3,7.5,62.7,13.5,99.2,113.3,176.0,324.1,274.6,177.8,79.6,4.8,5.6,226.0,774.7,262.2,45.9
NEPAL,1950,1.2,0.8,4.9,9.6,13.9,16.0,16.1,15.9,14.2,9.8,4.8,1.2,9.5,16.0,9.6,0.9,-6.5,-6.8,-2.8,2.2,7.1,10.2,11.4,11.4,9.0,3.2,-2.8,-6.7,2.1,11.0,3.1,-6.9,8.9,8.4,12.6,17.1,20.8,21.8,20.9,20.4,19.5,16.3,12.3,9.1,16.8,21.0,16.1,8.6,4.1,3.2,4.4,2.2,7.1,15.4,19.6,20.5,11.7,1.5,0.3,1.1,13.6,55.4,13.6,7.0,19.6,20.7,46.2,13.4,69.4,248.4,304.0,329.2,130.4,15.4,2.3,6.0,129.1,881.5,148.1,39.3
NEPAL,1951,-0.4,1.8,5.8,8.8,13.7,16.1,17.1,16.6,14.8,12.1,6.4,2.1,9.4,16.6,11.1,2.3,-8.1,-5.9,-1.8,1.4,6.8,10.3,12.4,12.1,9.6,5.5,-1.3,-5.9,2.1,11.6,4.6,-5.5,7.3,9.5,13.6,16.2,20.6,22.0,21.9,21.1,20.1,18.6,14.1,10.1,16.8,21.7,17.6,10.2,2.9,3.0,4.0,3.3,6.3,12.1,18.3,19.4,10.8,3.1,3.0,0.4,13.6,49.8,16.9,6.3,12.9,20.4,35.0,26.1,58.2,148.6,289.9,282.6,112.8,32.8,21.1,2.8,119.3,721.1,166.6,35.4
NEPAL,1952,1.4,3.4,5.3,10.9,14.0,15.5,16.3,15.9,15.0,11.0,5.7,2.2,10.0,15.9,10.6,1.7,-6.4,-4.2,-2.5,3.4,7.2,9.6,11.6,11.4,9.8,4.3,-2.1,-5.7,2.7,10.9,4.0,-6.0,9.3,11.1,13.1,18.4,20.8,21.4,21.0,20.4,20.3,17.7,13.4,10.2,17.4,20.9,17.1,9.5,2.2,3.7,5.0,4.2,7.8,13.2,17.9,18.0,12.9,1.3,1.3,0.7,17.1,49.1,15.4,6.5,8.2,24.5,61.1,40.0,84.6,190.0,260.4,239.8,187.0,12.1,8.8,8.9,185.7,690.2,207.9,45.2
NEPAL,1953,-0.3,3.2,8.6,11.2,14.6,16.4,16.3,16.3,14.7,10.3,5.3,3.4,11.4,16.3,10.1,2.1,-7.9,-4.4,1.0,3.7,7.7,10.6,11.6,11.8,9.4,3.6,-2.5,-4.5,4.1,11.3,3.5,-5.7,7.3,10.9,16.3,18.6,21.4,22.3,21.0,20.9,20.0,17.0,13.0,11.4,18.8,21.4,16.6,9.9,4.1,1.7,3.8,3.9,5.8,12.8,21.0,16.9,13.0,1.9,0.5,0.7,13.6,50.8,15.5,8.2,27.0,9.3,46.3,37.6,52.6,166.0,356.6,207.4,192.2,23.1,4.1,4.0,136.5,730.0,219.4,62.4
NEPAL,1954,-0.4,3.2,6.6,11.4,15.1,16.2,16.6,16.4,14.7,9.2,5.2,1.6,11.0,16.4,9.7,1.3,-8.1,-4.5,-1.3,3.9,8.2,10.4,12.0,12.0,9.6,2.5,-2.6,-6.2,3.6,11.5,3.2,-6.5,7.3,10.9,14.6,18.9,22.0,22.0,21.3,20.8,19.9,15.9,12.9,9.4,18.5,21.4,16.2,9.0,3.0,4.5,2.2,2.3,5.6,13.3,20.4,20.2,11.3,2.3,0.3,1.2,10.1,53.8,14.0,6.4,16.4,42.0,14.9,18.1,58.1,191.0,340.1,309.0,131.4,20.8,2.0,11.3,91.2,840.1,154.2,38.3
NEPAL,1955,0.1,2.1,7.4,9.1,13.4,16.1,16.3,15.8,14.5,9.9,5.3,1.6,9.9,16.1,9.9,1.2,-7.5,-5.7,-0.3,1.7,6.6,10.4,11.7,11.5,9.5,3.4,-2.4,-6.0,2.7,11.2,3.5,-6.6,7.7,9.9,15.1,16.5,20.1,21.9,21.0,20.2,19.6,16.3,12.9,9.2,17.2,21.1,16.3,9.0,3.2,2.0,2.9,4.7,5.6,13.5,20.0,19.3,12.2,3.2,0.5,0.8,13.3,52.7,15.9,8.0,16.5,10.5,22.3,50.7,44.7,180.5,336.2,282.0,146.7,42.5,2.7,5.4,117.7,798.7,191.9,49.0
NEPAL,1956,0.4,1.7,6.3,11.3,15.2,15.5,15.7,15.9,14.6,9.9,5.1,1.8,10.9,15.7,9.9,1.0,-7.2,-6.5,-1.4,3.7,8.2,9.9,10.8,11.4,9.4,3.8,-2.5,-5.5,3.5,10.7,3.6,-6.4,8.0,9.9,13.9,18.9,22.2,21.0,20.6,20.5,19.9,16.0,12.8,9.1,18.3,20.7,16.2,8.3,4.2,2.9,3.5,3.2,9.2,16.5,16.5,17.4,11.8,5.9,2.3,1.2,15.9,50.4,20.1,8.2,24.4,19.2,32.1,26.7,131.5,288.4,200.8,222.2,138.3,107.3,17.1,6.7,190.3,711.3,262.6,63.2
NEPAL,1957,0.3,0.8,4.7,9.6,13.5,15.9,16.8,16.5,14.6,10.0,5.8,2.4,9.3,16.4,10.1,2.0,-7.0,-6.7,-3.1,2.2,6.5,10.0,12.3,12.1,9.0,3.2,-2.4,-5.7,1.9,11.5,3.3,-5.6,7.5,8.4,12.4,17.1,20.6,21.9,21.3,21.0,20.1,16.7,14.0,10.5,16.7,21.4,17.0,9.6,6.3,0.8,3.3,2.4,4.2,9.8,18.3,18.3,9.4,2.4,0.9,2.7,10.0,46.4,12.7,8.8,54.4,2.1,30.6,16.2,28.0,81.3,310.7,245.8,87.1,24.6,5.1,27.6,74.7,637.7,116.8,60.2
NEPAL,1958,1.7,1.8,6.3,11.4,14.0,17.0,16.6,16.2,14.6,10.8,6.2,2.8,10.6,16.6,10.6,1.5,-5.6,-5.6,-1.5,4.0,7.3,10.9,12.0,12.0,9.4,4.0,-2.0,-5.2,3.3,11.7,3.8,-6.2,9.1,9.2,14.1,18.9,20.9,23.0,21.2,20.4,19.9,17.6,14.5,10.9,18.0,21.5,17.3,9.1,4.4,1.7,2.7,4.3,5.2,10.1,17.5,20.2,11.2,4.6,0.5,1.6,12.2,47.8,16.3,9.8,26.1,6.6,17.3,39.6,39.0,85.3,236.9,328.9,112.8,62.7,1.3,10.1,95.9,651.0,176.8,68.1
NEPAL,1959,0.7,1.0,6.3,10.6,13.4,16.0,16.3,16.1,14.3,10.5,5.4,2.6,10.1,16.2,10.1,1.9,-6.7,-6.5,-1.7,3.3,6.9,10.2,11.8,11.9,9.2,5.0,-2.1,-5.4,2.9,11.3,4.0,-6.1,8.0,8.5,14.3,18.0,20.0,21.9,20.9,20.4,19.4,16.0,13.0,10.6,17.4,21.1,16.2,9.9,6.2,2.0,3.9,3.5,7.0,12.2,17.2,17.3,13.0,5.4,1.0,0.1,14.4,46.7,19.4,2.6,43.4,14.5,37.5,28.3,64.0,154.2,218.6,213.8,180.7,86.2,5.5,0.1,129.8,586.6,272.3,11.7
NEPAL,1960,-0.4,3.6,5.1,10.0,14.1,16.5,16.2,16.3,14.8,10.2,5.0,2.4,9.7,16.4,10.0,1.3,-8.3,-4.5,-2.5,2.5,7.1,10.6,11.8,12.3,10.0,3.9,-3.0,-5.8,2.3,11.6,3.6,-6.4,7.4,11.7,12.8,17.6,21.1,22.5,20.6,20.5,19.7,16.5,13.0,10.6,17.2,21.2,16.4,9.1,1.2,1.4,5.4,3.2,7.5,11.8,18.5,16.8,11.5,3.9,0.5,0.2,16.1,47.1,15.9,10.2,5.5,6.1,60.7,28.0,87.0,132.6,275.5,198.3,137.4,54.5,3.1,1.4,175.8,606.4,195.1,85.3
NEPAL,1961,0.9,0.7,6.3,10.3,13.6,15.9,16.4,16.3,14.7,10.2,4.0,-0.4,10.1,16.2,9.6,0.2,-6.4,-6.9,-0.9,2.8,7.0,9.8,11.8,12.2,9.9,3.8,-2.7,-7.9,3.0,11.3,3.6,-7.4,8.3,8.3,13.6,17.7,20.2,22.0,21.1,20.4,19.4,16.7,10.8,7.2,17.2,21.2,15.6,7.7,4.6,5.4,2.8,2.7,5.9,14.3,17.8,20.8,12.1,5.6,1.3,2.5,11.4,53.0,19.0,14.7,29.0,54.9,24.5,19.9,48.4,219.2,229.7,316.8,136.1,103.1,5.0,19.3,92.9,765.7,244.3,123.0
NEPAL,1962,-0.6,1.4,5.3,10.2,13.0,16.2,17.0,16.0,14.1,9.9,5.5,1.8,9.5,16.4,9.8,1.3,-8.5,-5.8,-2.4,2.9,6.7,10.7,12.4,11.9,9.4,3.1,-2.3,-5.6,2.4,11.7,3.4,-6.7,7.3,8.7,13.0,17.5,19.4,21.7,21.7,20.1,18.9,16.6,13.3,9.3,16.6,21.1,16.2,9.3,6.5,5.7,4.6,5.1,7.0,15.1,18.1,20.3,13.6,1.8,0.3,1.5,16.8,53.5,15.7,5.9,47.9,55.9,45.6,62.4,72.0,217.6,307.2,322.5,180.0,13.8,0.5,8.1,179.9,847.4,194.3,27.4
NEPAL,1963,-0.5,2.6,5.2,9.3,12.3,15.5,17.0,16.0,14.4,10.6,5.6,1.7,8.9,16.2,10.2,1.2,-8.9,-5.6,-2.1,2.5,5.9,9.8,12.5,11.9,9.1,4.4,-0.9,-6.4,2.1,11.4,4.2,-6.5,7.9,10.8,12.5,16.1,18.8,21.2,21.5,20.1,19.6,16.8,12.2,9.9,15.8,21.0,16.2,8.9,2.4,2.0,6.0,5.2,7.1,12.9,19.2,18.9,13.3,3.6,3.9,1.4,18.2,51.0,20.8,4.2,6.9,12.4,78.0,59.0,70.8,170.9,290.5,273.1,161.6,41.9,37.4,10.8,207.8,734.5,240.9,22.7
NEPAL,1964,-0.0,1.8,6.8,10.6,12.1,16.5,15.8,16.2,14.4,11.1,5.3,1.9,9.9,16.2,10.2,1.4,-7.7,-5.5,-0.9,3.7,5.3,10.1,11.6,12.0,9.7,4.0,-2.5,-6.1,2.7,11.2,3.7,-6.6,7.7,9.1,14.7,17.6,18.9,22.9,20.2,20.5,19.1,18.2,13.1,9.9,17.0,21.2,16.8,9.3,1.1,1.6,2.0,4.7,7.1,10.9,20.5,16.8,12.9,2.4,0.3,1.0,13.9,48.1,15.6,6.0,4.0,7.9,13.2,54.5,76.6,111.8,380.2,206.0,163.6,23.4,2.1,9.7,144.3,698.0,189.1,42.7
NEPAL,1965,1.1,1.1,4.5,9.0,13.3,16.9,16.3,15.8,14.2,9.8,5.4,1.5,8.9,16.3,9.8,1.6,-7.2,-6.4,-2.8,1.8,6.4,10.7,11.7,11.2,8.6,3.3,-1.9,-6.8,1.8,11.2,3.4,-6.4,9.5,8.6,11.9,16.2,20.2,23.1,21.0,20.4,19.9,16.3,12.8,9.8,16.1,21.5,16.3,9.7,1.7,3.2,4.2,3.9,4.9,12.4,19.0,18.9,9.4,4.0,3.3,0.2,13.0,50.3,16.6,9.0,8.5,24.5,45.6,29.3,33.5,148.0,331.2,282.1,89.6,45.0,29.9,0.5,108.4,761.3,164.5,56.2
NEPAL,1966,-0.1,3.5,6.2,10.4,14.2,15.7,17.2,16.2,14.1,9.7,6.2,1.7,10.3,16.3,10.0,1.6,-8.2,-4.3,-1.8,3.1,6.8,9.8,12.3,12.1,8.9,2.7,-2.1,-6.3,2.7,11.4,3.2,-6.5,8.0,11.3,14.2,17.8,21.6,21.6,22.1,20.3,19.4,16.7,14.6,9.8,17.9,21.4,16.9,9.6,4.6,4.3,0.6,2.1,6.1,11.9,18.1,18.3,10.4,2.3,1.0,1.4,8.8,48.3,13.7,6.3,25.3,30.3,2.5,13.0,54.2,118.4,325.1,270.5,101.2,17.7,4.4,9.0,69.6,714.1,123.2,37.6
NEPAL,1967,0.1,2.9,4.6,9.1,13.1,16.1,16.5,15.9,14.1,9.4,4.3,1.7,9.0,16.2,9.3,0.5,-7.9,-5.3,-2.7,1.9,6.0,10.1,11.4,11.7,8.7,2.5,-2.7,-6.1,1.7,11.1,2.9,-7.0,8.0,11.1,12.0,16.4,20.2,22.2,21.6,20.2,19.6,16.4,11.3,9.5,16.2,21.3,15.8,7.9,2.9,2.0,5.0,4.2,5.5,11.3,17.8,18.9,13.0,2.1,1.1,0.6,14.6,48.0,16.2,9.1,15.9,12.7,46.4,40.0,49.8,126.9,237.7,262.1,172.6,16.7,2.1,4.7,136.3,626.7,191.4,57.6
NEPAL,1968,-0.9,0.5,5.6,9.5,13.2,15.3,15.9,16.2,15.6,9.4,5.6,2.2,9.4,15.8,10.2,1.8,-8.0,-7.0,-2.1,2.3,6.3,10.0,11.5,11.5,9.9,3.1,-2.2,-5.7,2.2,11.0,3.6,-6.0,6.2,8.0,13.3,16.8,20.1,20.7,20.4,20.9,21.3,15.7,13.5,10.1,16.7,20.7,16.8,9.7,5.8,2.7,4.9,3.6,4.6,14.4,18.1,17.2,11.5,5.3,0.6,0.7,13.0,49.7,17.4,3.4,38.8,14.1,51.9,32.3,35.9,208.5,263.7,236.1,150.3,102.1,4.5,5.3,120.0,708.3,256.9,18.4
NEPAL,1969,0.6,2.6,7.5,10.3,12.9,16.6,16.4,16.1,14.5,10.4,6.6,2.5,10.3,16.3,10.5,1.4,-7.0,-5.4,-0.6,3.1,6.1,10.6,11.9,11.3,9.4,3.9,-1.4,-5.8,2.9,11.2,4.0,-6.4,8.3,10.6,15.7,17.6,19.8,22.6,20.9,20.9,19.5,16.9,14.6,10.9,17.7,21.5,17.0,9.3,1.3,1.4,4.7,5.5,5.6,11.2,19.8,16.8,12.0,1.6,1.6,0.7,15.8,47.8,15.1,8.9,7.4,5.7,48.3,66.7,40.5,135.0,309.1,197.2,146.3,9.5,7.4,4.9,155.5,641.3,163.2,63.2
NEPAL,1970,0.6,1.2,5.8,10.9,14.3,15.2,16.8,16.2,14.7,10.8,5.2,2.5,10.3,16.1,10.2,1.3,-7.0,-6.5,-1.9,3.1,7.3,9.2,12.1,11.8,9.4,4.0,-2.5,-6.3,2.8,11.0,3.6,-6.8,8.1,8.8,13.6,18.8,21.2,21.2,21.5,20.7,20.0,17.6,13.0,11.2,17.9,21.1,16.9,9.5,4.1,4.0,3.2,2.9,7.7,14.5,18.9,17.9,11.6,3.5,0.9,0.4,13.8,51.3,16.0,5.6,22.3,36.1,29.8,22.1,94.8,205.7,306.3,232.3,152.8,36.3,3.8,2.6,146.6,744.3,192.9,36.6
NEPAL,1971,0.1,1.5,5.8,9.8,11.7,14.4,15.6,15.3,14.7,10.2,5.0,2.0,9.1,15.1,9.9,1.2,-7.7,-6.5,-2.1,2.5,5.4,9.3,11.0,10.7,8.6,3.9,-2.6,-6.5,1.9,10.3,3.3,-7.0,7.8,9.4,13.8,17.1,18.0,19.5,20.3,20.0,20.8,16.6,12.6,10.5,16.3,19.9,16.7,9.4,1.8,3.4,3.5,7.5,9.0,17.5,17.7,18.1,10.7,6.2,2.3,0.2,20.0,53.2,19.2,7.3,8.2,25.8,27.6,139.7,113.5,290.2,239.6,244.3,127.0,116.3,15.3,0.3,280.9,774.1,258.6,47.6
NEPAL,1972,1.2,0.4,6.5,9.3,14.4,16.5,17.4,16.0,13.9,9.9,5.2,2.4,10.0,16.7,9.6,2.0,-6.9,-7.5,-1.6,1.6,6.8,10.0,11.9,11.1,8.4,3.1,-2.2,-5.6,2.3,11.0,3.1,-5.5,9.3,8.3,14.5,17.0,21.9,23.0,22.9,21.0,19.4,16.6,12.5,10.4,17.8,22.3,16.2,9.5,2.1,5.0,3.6,4.1,5.7,12.0,17.2,15.1,14.3,4.4,3.1,0.5,13.5,44.3,21.7,11.3,5.8,41.6,31.2,34.9,50.8,178.3,247.5,164.1,199.0,49.4,20.1,2.0,116.9,589.8,268.5,90.9
NEPAL,1973,1.1,2.6,5.5,11.5,13.7,15.5,16.8,15.8,14.7,10.0,5.0,1.1,10.2,16.0,9.9,0.9,-6.1,-4.7,-2.8,3.5,6.8,10.2,11.4,11.5,9.7,4.4,-2.2,-6.9,2.5,11.0,4.0,-7.0,8.3,9.9,13.7,19.5,20.7,20.8,22.1,20.2,19.6,15.6,12.2,9.1,18.0,21.1,15.8,8.8,5.6,5.2,4.2,2.7,7.8,16.5,16.3,17.4,14.3,7.0,2.1,0.1,14.7,50.2,23.4,6.5,40.4,48.5,40.5,18.4,92.3,265.0,203.5,235.5,200.9,161.7,13.7,0.1,151.2,704.1,376.3,30.5
NEPAL,1974,-0.1,1.7,6.6,11.2,13.1,15.7,15.9,16.2,14.8,11.7,5.5,1.4,10.3,15.9,10.6,0.7,-7.7,-6.2,-0.8,3.4,6.4,9.8,11.5,11.9,9.3,4.8,-2.8,-6.2,3.0,11.1,3.8,-6.7,7.5,9.7,14.1,19.0,19.8,21.6,20.4,20.5,20.3,18.5,13.8,9.1,17.6,20.8,17.6,8.2,3.7,2.7,3.6,4.1,7.2,12.2,20.0,19.1,12.4,3.3,0.3,2.3,14.8,51.4,16.0,12.1,16.5,14.0,32.3,38.0,78.5,142.1,329.9,276.5,160.8,41.6,1.3,13.7,148.9,748.5,203.7,80.9
NEPAL,1975,-0.4,1.2,5.5,10.6,13.8,15.7,15.8,16.0,14.0,11.4,5.2,1.8,10.0,15.8,10.2,1.5,-7.7,-6.2,-2.3,2.7,6.6,9.6,11.0,11.2,9.6,4.7,-3.1,-6.3,2.3,10.6,3.7,-6.2,7.0,8.5,13.3,18.6,21.0,21.7,20.6,20.8,18.4,18.1,13.6,10.0,17.6,21.0,16.7,9.3,5.3,4.6,3.5,2.8,7.0,15.6,18.6,17.0,15.4,3.6,0.0,0.1,13.3,51.2,19.1,7.6,33.1,34.0,28.2,24.7,75.0,270.8,274.5,215.3,238.7,51.9,0.1,0.4,127.9,760.6,290.7,43.6
NEPAL,1976,0.5,2.3,6.0,9.7,12.7,14.8,16.2,15.4,14.1,10.1,7.4,2.3,9.5,15.5,10.5,1.7,-7.3,-5.0,-1.7,2.3,6.1,9.3,11.2,11.0,8.9,2.9,-0.8,-6.0,2.2,10.5,3.7,-6.3,8.3,9.6,13.6,17.2,19.4,20.3,21.2,19.9,19.4,17.2,15.7,10.7,16.7,20.5,17.4,9.7,4.2,3.3,1.1,4.7,8.3,14.9,17.6,19.0,11.7,2.2,0.2,0.2,14.1,51.6,14.2,6.1,16.4,26.8,5.0,43.7,103.8,201.5,235.5,262.6,140.5,23.9,0.3,0.8,152.6,699.6,164.7,27.4
NEPAL,1977,0.4,2.4,7.2,9.7,11.3,14.7,15.9,16.2,14.2,9.8,6.8,2.2,9.4,15.6,10.3,0.7,-7.0,-6.0,-1.0,2.7,4.8,9.2,11.4,11.8,9.1,3.8,-0.8,-4.9,2.1,10.8,4.0,-6.6,7.9,10.7,15.5,16.6,17.8,20.3,20.4,20.6,19.3,15.9,14.4,9.3,16.7,20.4,16.5,7.9,3.2,2.6,2.2,6.3,8.9,11.7,18.2,17.7,10.2,3.9,2.7,3.4,17.4,47.7,16.9,10.8,13.8,12.8,14.1,88.0,108.9,107.6,243.4,238.9,96.9,54.5,18.5,37.1,211.0,589.8,169.9,86.2
NEPAL,1978,-1.0,0.8,4.0,9.6,14.4,15.4,15.8,15.9,14.1,10.5,6.2,2.2,9.3,15.7,10.3,1.3,-8.5,-6.5,-3.6,2.0,7.7,9.7,11.0,11.7,9.4,4.2,-0.8,-5.6,2.0,10.8,4.3,-6.3,6.5,8.0,11.5,17.1,21.2,21.2,20.7,20.1,18.8,16.7,13.3,10.1,16.6,20.6,16.3,9.0,2.7,4.6,5.8,5.5,8.7,14.7,18.4,17.6,12.7,3.5,2.4,1.5,20.0,50.6,18.7,9.8,9.8,39.2,73.9,67.2,117.3,225.0,274.1,213.7,156.5,43.1,26.9,8.4,258.4,712.9,226.5,69.6
NEPAL,1979,1.0,0.8,4.8,10.8,13.5,16.0,16.6,16.5,14.6,10.6,7.6,2.4,9.7,16.4,11.0,1.7,-6.9,-6.3,-2.6,3.4,5.9,10.1,11.8,12.0,9.0,4.4,0.3,-4.2,2.2,11.3,4.6,-5.5,8.9,7.9,12.2,18.1,21.1,21.9,21.5,21.1,20.3,16.9,15.0,8.9,17.1,21.5,17.4,8.8,3.1,5.3,1.8,4.9,6.1,12.5,18.8,18.0,9.1,3.8,3.6,3.8,12.8,49.3,16.6,9.0,11.8,49.4,10.8,55.5,61.9,148.4,283.0,244.0,92.6,53.8,25.6,50.4,128.2,675.4,172.1,80.6
NEPAL,1980,0.2,2.4,5.4,11.5,14.0,15.3,16.1,16.2,14.9,10.2,5.8,2.8,10.3,15.9,10.3,1.7,-7.3,-5.0,-2.1,3.8,8.0,9.8,11.6,11.8,9.9,4.2,-2.2,-5.4,3.2,11.1,4.0,-6.0,7.6,9.9,12.8,19.2,20.1,20.8,20.6,20.7,20.0,16.2,13.9,11.0,17.4,20.7,16.7,9.3,1.5,3.7,4.7,2.3,7.9,14.1,19.9,18.0,13.4,3.2,0.5,1.1,14.9,52.1,17.0,8.0,5.5,24.6,50.3,15.3,97.0,182.9,292.1,230.1,166.8,28.6,1.4,4.4,162.6,705.0,196.8,41.3
NEPAL,1981,-0.3,2.5,5.0,9.9,12.7,16.2,16.0,16.7,14.9,10.4,5.0,1.3,9.2,16.3,10.1,1.0,-7.1,-5.4,-2.4,2.5,6.3,10.3,11.8,12.1,9.5,2.6,-2.5,-6.9,2.1,11.4,3.2,-6.6,6.5,10.5,12.3,17.3,19.2,22.1,20.3,21.4,20.4,18.2,12.5,9.4,16.3,21.3,17.1,8.6,4.7,2.1,5.2,5.2,8.1,12.0,19.6,17.7,12.8,0.5,4.2,0.7,18.6,49.3,17.4,9.4,25.4,11.4,64.1,65.6,99.8,130.5,287.9,234.5,172.7,1.9,39.4,5.6,229.5,653.0,214.0,64.7
NEPAL,1982,0.9,0.8,4.1,9.3,12.0,15.6,17.6,16.4,15.0,10.3,5.5,2.6,8.5,16.5,10.3,0.9,-6.9,-6.2,-3.5,2.0,5.0,9.9,12.4,11.3,9.0,4.0,-1.7,-5.0,1.2,11.2,3.8,-6.5,8.8,7.8,11.8,16.5,19.0,21.3,22.8,21.5,21.1,16.6,12.7,10.1,15.8,21.9,16.8,8.3,4.5,4.2,5.7,5.2,6.7,11.7,16.6,16.7,11.8,2.7,3.6,1.5,17.7,45.1,18.1,9.1,27.2,31.9,75.9,56.9,64.8,136.4,216.7,209.3,141.7,21.1,25.9,10.1,197.6,562.4,188.6,54.2
NEPAL,1983,-0.5,0.7,5.1,8.1,11.8,15.7,16.9,16.6,14.8,10.2,5.0,2.0,8.3,16.4,10.0,1.1,-7.8,-6.7,-2.6,1.0,5.4,9.5,11.4,11.2,9.8,3.6,-3.2,-6.2,1.2,10.7,3.4,-6.9,6.8,8.0,12.8,15.3,18.3,22.0,22.5,22.0,19.9,16.9,13.2,10.2,15.5,22.1,16.7,9.0,4.8,2.8,3.1,5.4,9.6,10.8,19.2,16.9,15.1,5.3,0.7,3.0,18.1,46.9,21.0,11.3,28.2,15.9,24.1,68.6,133.2,94.5,293.1,213.4,221.8,103.9,8.6,26.0,225.8,601.0,334.3,74.7
NEPAL,1984,-0.0,1.2,7.2,10.5,14.5,15.7,15.9,15.8,13.8,10.8,4.6,2.9,10.7,15.8,9.8,1.8,-7.9,-6.6,-1.1,3.1,7.4,10.2,11.8,11.0,8.5,3.7,-3.1,-4.8,3.2,11.0,3.0,-5.8,7.8,9.1,15.5,17.8,21.6,21.2,19.9,20.7,19.2,18.0,12.4,10.7,18.3,20.6,16.5,9.5,4.5,3.8,2.5,4.9,7.7,14.5,19.6,16.2,14.5,2.3,0.4,1.6,15.0,50.3,17.1,6.5,22.4,26.2,13.6,48.3,98.1,207.8,307.1,186.0,234.1,16.4,0.9,10.0,160.0,700.9,251.3,31.2
NEPAL,1985,0.4,2.2,8.1,10.9,13.6,16.0,15.7,16.5,14.4,9.5,5.6,3.0,10.9,16.1,9.9,1.8,-6.6,-6.1,0.2,3.3,6.8,10.3,11.4,12.0,9.6,3.3,-1.9,-4.6,3.4,11.2,3.6,-5.9,7.3,10.5,16.1,18.5,20.4,21.8,20.0,21.0,19.2,15.8,13.2,10.6,18.3,20.9,16.1,9.6,3.3,1.7,2.1,4.0,7.8,12.0,20.2,17.3,15.1,6.8,0.8,4.3,13.9,49.4,22.6,9.3,13.6,7.5,10.4,35.6,97.4,128.1,329.5,220.4,239.4,130.2,3.0,59.7,143.4,678.0,372.6,89.9
NEPAL,1986,0.9,1.6,5.6,9.5,11.7,16.0,16.1,16.3,14.5,9.3,6.0,1.6,8.9,16.1,10.0,1.6,-7.0,-6.1,-2.0,2.3,4.9,9.6,11.2,11.5,9.1,3.2,-1.6,-5.9,1.7,10.8,3.5,-6.1,8.9,9.4,13.3,16.8,18.5,22.4,20.9,21.2,19.9,15.5,13.7,9.1,16.2,21.5,16.4,9.2,0.7,4.3,3.3,5.6,8.4,12.6,18.0,16.9,13.6,4.4,1.9,4.0,17.2,47.5,19.9,10.6,1.4,28.8,27.0,70.4,100.5,155.1,237.6,214.2,172.7,55.9,9.0,54.8,198.0,606.9,237.6,96.9
NEPAL,1987,0.4,2.7,6.1,10.3,11.7,16.7,17.4,16.2,15.3,10.6,6.3,2.5,9.4,16.8,10.7,2.4,-7.4,-4.9,-1.6,3.0,4.6,10.6,12.6,12.1,10.2,4.2,-1.7,-5.5,2.0,11.8,4.3,-5.4,8.3,10.4,13.8,17.5,18.9,22.7,22.2,20.4,20.4,17.0,14.3,10.5,16.7,21.8,17.2,10.2,1.9,4.7,4.2,5.1,7.0,10.1,19.7,18.1,11.9,5.1,0.3,2.4,16.3,47.9,17.3,8.4,6.7,35.4,44.2,63.0,68.3,114.8,325.2,272.3,150.8,89.3,0.8,18.0,175.4,712.3,241.0,59.0
NEPAL,1988,1.6,3.2,6.1,10.9,14.3,15.5,16.3,16.0,15.1,10.6,5.7,3.1,10.5,15.9,10.4,1.6,-6.1,-4.5,-1.4,3.5,7.4,9.6,12.2,12.0,9.8,3.3,-1.9,-4.4,3.2,11.3,3.7,-5.8,9.4,10.8,13.7,18.4,21.2,21.4,20.4,20.0,20.3,17.8,13.3,10.5,17.8,20.6,17.1,8.9,1.6,4.4,5.8,5.1,7.9,12.0,20.8,19.4,11.0,1.2,1.9,4.0,18.8,52.2,14.1,13.3,4.8,36.3,73.8,62.0,89.0,136.3,330.1,289.2,110.8,6.7,8.7,61.1,224.9,755.7,126.3,130.6
NEPAL,1989,-0.1,1.8,5.8,10.0,13.6,15.4,16.7,15.9,15.1,10.6,5.6,1.2,9.8,16.0,10.4,1.8,-7.7,-5.2,-1.5,2.5,6.6,9.8,11.7,11.7,10.2,4.2,-1.7,-6.3,2.5,11.1,4.3,-5.7,7.5,8.7,13.1,17.6,20.7,21.0,21.7,20.2,20.0,17.1,12.8,8.7,17.1,21.0,16.6,9.3,5.9,3.3,3.4,1.4,8.3,11.7,18.7,16.6,13.7,2.4,2.7,1.1,13.1,46.9,18.7,7.4,49.1,20.4,26.1,7.2,104.8,133.6,285.5,212.1,190.5,18.7,17.4,4.7,138.1,631.2,226.7,80.5
NEPAL,1990,2.4,1.9,4.6,9.6,12.8,16.1,15.9,16.1,14.3,9.9,6.3,2.4,9.0,16.0,10.2,1.7,-5.9,-4.9,-2.6,2.5,6.4,10.3,11.7,11.8,9.6,3.4,-1.7,-5.2,2.1,11.3,3.8,-5.8,10.7,8.6,11.9,16.8,19.1,21.9,20.2,20.5,19.0,16.4,14.4,10.1,16.0,20.9,16.6,9.1,0.5,5.8,5.4,5.2,9.2,13.3,18.7,16.8,12.7,3.8,0.5,1.7,19.7,48.7,17.0,9.0,2.1,73.7,79.7,53.3,126.4,165.3,285.7,224.3,152.2,40.1,1.8,16.9,259.3,675.2,194.1,61.0
NEPAL,1991,-0.4,3.0,6.5,9.7,13.7,15.2,17.4,15.9,14.5,10.5,5.5,1.7,10.0,16.2,10.2,0.8,-7.6,-4.5,-1.4,2.3,6.6,10.1,12.8,11.7,9.4,3.3,-2.4,-5.7,2.5,11.6,3.4,-6.6,6.8,10.5,14.4,17.2,20.8,20.3,22.0,20.1,19.6,17.7,13.4,9.1,17.5,20.8,16.9,8.2,4.5,2.7,4.5,4.6,6.4,13.5,14.6,18.3,12.5,1.1,2.4,2.9,15.5,46.5,16.0,9.9,24.2,19.9,42.6,52.4,65.7,191.1,156.1,259.1,151.7,7.9,13.6,19.3,160.7,606.3,173.2,58.4
NEPAL,1992,0.3,0.4,7.1,10.3,12.2,16.0,16.5,16.0,14.3,10.1,5.3,1.8,9.9,16.2,9.9,2.0,-7.1,-6.9,-0.5,2.8,5.7,10.0,11.8,11.7,8.7,3.5,-2.3,-5.6,2.7,11.2,3.3,-5.5,7.7,7.8,14.7,17.8,18.7,22.2,21.1,20.4,20.0,16.8,12.9,9.4,17.1,21.2,16.6,9.4,3.5,3.5,2.6,3.9,7.2,10.3,17.4,17.3,11.2,3.0,2.0,1.4,13.7,45.0,16.2,8.5,17.8,21.3,20.0,38.7,74.8,97.7,226.7,217.9,125.0,37.1,14.7,5.4,133.5,542.4,176.7,46.2
NEPAL,1993,0.9,3.1,4.4,9.3,13.4,15.8,16.7,16.5,14.1,10.8,6.3,2.8,9.0,16.3,10.4,2.1,-6.2,-4.6,-3.1,2.2,6.5,10.0,11.6,12.2,9.4,4.1,-1.9,-5.4,1.9,11.3,3.9,-5.5,8.1,10.9,11.9,16.5,20.2,21.6,21.8,20.9,18.8,17.5,14.5,10.9,16.2,21.4,16.9,9.7,4.1,3.0,5.1,4.6,8.5,12.2,14.8,15.1,14.6,1.5,0.7,0.3,18.2,42.1,16.8,9.8,22.0,18.8,46.2,56.0,105.1,128.9,195.9,178.6,184.1,10.3,3.5,2.6,207.3,503.4,198.0,80.4
NEPAL,1994,1.9,1.6,7.1,9.5,13.8,16.0,16.3,16.3,14.9,10.1,5.3,2.2,10.1,16.2,10.1,1.2,-5.6,-5.5,-0.7,2.4,7.0,10.2,11.0,11.8,9.7,2.8,-1.5,-5.5,2.9,11.0,3.7,-6.2,9.3,8.7,14.9,16.6,20.7,21.8,21.7,20.9,20.3,17.4,12.1,9.8,17.4,21.4,16.6,8.6,4.6,4.8,2.4,3.5,7.7,12.3,16.7,17.9,11.9,0.7,2.6,0.8,13.6,47.0,15.3,9.8,30.7,47.1,14.9,37.3,74.2,158.6,222.7,240.0,135.4,8.5,13.7,3.6,126.3,621.4,157.6,78.8
NEPAL,1995,-0.4,1.9,5.9,9.7,14.6,17.0,16.8,16.0,14.9,11.2,6.1,2.9,10.1,16.6,10.7,2.2,-7.7,-5.3,-1.8,2.1,7.4,11.2,12.1,11.9,9.8,4.2,-1.5,-4.2,2.6,11.7,4.2,-5.0,6.9,9.1,13.6,17.3,21.8,22.9,21.4,20.2,20.1,18.2,13.6,10.1,17.6,21.5,17.3,9.4,3.9,5.1,3.9,3.0,5.3,12.9,16.7,19.6,11.4,1.5,2.6,2.6,12.3,49.2,15.5,13.0,34.6,40.6,29.0,26.9,45.3,167.4,217.8,267.9,150.8,13.3,22.6,18.5,101.2,653.1,186.6,107.5
NEPAL,1996,1.2,2.4,7.4,10.3,13.8,15.6,16.6,15.7,14.7,10.4,6.1,2.3,10.5,16.0,10.4,1.1,-6.0,-4.8,-0.2,2.7,6.9,10.1,12.2,11.3,10.0,4.2,-1.8,-6.4,3.1,11.2,4.1,-6.9,8.4,9.7,15.0,18.0,20.8,21.3,21.0,20.2,19.4,16.7,14.1,10.9,18.0,20.8,16.7,9.1,5.4,5.0,3.7,3.6,5.0,14.6,17.8,18.2,11.8,3.2,0.3,0.3,12.2,50.7,15.3,7.9,50.4,38.7,22.8,35.6,38.6,199.8,247.0,248.4,125.7,49.2,1.9,2.6,97.1,695.2,176.8,39.7
NEPAL,1997,-0.2,1.2,6.2,8.5,12.0,14.8,16.6,16.2,14.2,8.4,5.2,1.0,8.9,15.9,9.3,1.2,-7.9,-6.2,-1.3,1.8,5.6,9.3,11.9,11.4,9.6,2.5,-1.7,-5.8,2.0,10.9,3.5,-6.2,7.6,8.6,13.8,15.2,18.4,20.4,21.3,21.0,18.9,14.4,12.0,7.8,15.8,20.9,15.1,8.6,5.0,2.5,4.0,6.9,8.9,12.7,18.6,16.6,13.5,2.9,1.2,4.9,19.8,47.8,17.5,9.7,25.3,11.8,27.8,123.3,89.5,155.9,280.3,212.0,203.3,23.2,11.1,97.6,240.6,648.2,237.6,124.0
NEPAL,1998,0.3,2.2,4.5,10.0,14.3,17.0,16.6,16.3,14.8,11.4,7.1,2.8,9.6,16.6,11.1,2.2,-7.4,-5.5,-2.8,2.7,7.1,11.0,12.3,12.4,9.9,5.2,-0.2,-5.0,2.4,11.9,5.0,-5.5,8.0,9.9,11.9,17.4,21.4,23.0,20.9,20.2,19.7,17.6,14.5,10.6,16.9,21.4,17.3,10.0,1.3,3.5,5.3,4.7,5.8,12.2,19.3,20.7,12.6,4.1,2.1,0.4,15.8,52.2,18.7,6.1,3.4,23.1,66.5,62.1,68.3,164.9,321.4,319.7,158.5,38.5,13.1,2.8,197.0,806.0,210.2,29.8
NEPAL,1999,0.3,3.6,7.7,11.5,13.6,15.7,16.3,16.3,14.7,10.9,7.1,2.9,10.9,16.1,10.9,1.8,-7.5,-4.1,-0.4,3.5,7.3,10.3,11.8,12.3,9.8,5.2,-0.2,-4.6,3.5,11.5,4.9,-5.5,8.1,11.3,15.8,19.5,20.0,21.1,20.8,20.4,19.6,16.7,14.5,10.4,18.4,20.8,17.0,9.0,3.7,2.0,1.0,2.0,9.7,13.5,19.5,18.3,15.5,5.4,0.4,1.3,12.7,51.3,21.3,6.1,13.7,13.3,7.8,19.2,124.0,164.1,384.2,267.6,208.1,78.6,2.6,6.8,151.0,816.0,289.3,40.6
NEPAL,2000,1.3,1.1,5.4,11.4,13.6,15.3,16.3,16.6,14.6,11.5,7.2,3.1,10.1,16.1,11.1,2.5,-5.9,-6.0,-2.1,4.2,7.2,10.4,12.2,12.5,9.7,4.8,-0.3,-5.2,3.1,11.7,4.7,-5.5,8.5,8.3,13.0,18.7,20.0,20.3,20.5,20.8,19.5,18.2,14.8,11.5,17.2,20.5,17.5,10.6,1.8,3.0,2.8,4.7,11.2,15.4,18.4,17.3,13.4,0.9,0.4,0.5,18.7,51.1,14.7,7.3,7.0,26.8,22.0,51.6,182.3,202.6,257.7,276.3,183.9,7.6,4.1,3.3,256.0,736.6,195.6,35.6
NEPAL,2001,1.1,3.3,6.1,9.9,13.2,14.6,16.5,16.9,15.5,11.6,7.0,3.3,9.7,16.0,11.4,2.3,-7.0,-4.4,-1.4,2.7,6.9,9.4,11.8,12.7,10.3,5.2,-1.0,-4.6,2.7,11.3,4.8,-5.5,9.2,11.1,13.6,17.3,19.4,19.8,21.2,21.1,20.8,17.9,15.2,11.2,16.8,20.7,18.0,10.0,3.1,3.6,2.5,4.9,11.9,14.5,19.9,16.1,9.5,2.8,0.4,0.8,19.4,50.5,12.7,10.1,11.2,21.1,16.0,51.1,201.5,178.2,329.1,230.8,103.5,32.1,3.8,5.6,268.5,738.2,139.4,73.1
NEPAL,2002,0.7,2.8,6.9,11.2,14.1,16.3,17.6,16.6,14.1,10.7,6.7,3.5,10.7,16.8,10.5,2.2,-6.8,-5.1,-0.9,3.8,7.5,10.6,13.3,12.3,9.4,4.2,-0.9,-4.2,3.5,12.1,4.2,-5.5,8.2,10.7,14.8,18.6,20.6,22.0,22.0,21.0,18.9,17.3,14.3,11.2,18.0,21.6,16.9,9.9,4.7,4.5,5.0,4.2,7.7,11.9,16.6,19.0,12.4,4.0,2.6,0.8,16.9,47.4,19.0,10.4,25.5,42.0,64.7,59.8,84.8,115.0,298.9,300.4,146.4,49.0,20.2,5.9,209.4,714.3,215.6,109.6
NEPAL,2003,0.8,2.2,5.9,11.3,13.1,16.4,16.4,16.9,14.7,11.3,6.8,2.9,10.1,16.6,10.9,2.0,-7.5,-4.9,-1.7,3.8,6.5,11.2,12.0,12.4,10.0,4.5,-1.0,-4.8,2.9,11.9,4.5,-5.7,9.1,9.4,13.4,18.8,19.7,21.6,20.9,21.4,19.4,18.0,14.7,10.5,17.3,21.3,17.4,9.7,4.0,5.7,3.3,3.3,4.4,11.5,18.7,15.6,15.1,2.5,1.3,2.6,11.0,45.9,18.9,7.4,24.3,79.3,50.1,32.8,37.4,146.6,330.6,193.9,238.2,27.4,8.0,23.4,120.3,671.2,273.7,51.1
NEPAL,2004,0.6,2.6,8.9,11.6,14.0,15.0,16.8,16.5,15.7,10.0,6.0,3.7,11.5,16.1,10.6,2.6,-6.5,-5.7,0.4,4.5,7.2,9.8,12.7,12.1,10.0,3.9,-1.3,-4.4,4.0,11.5,4.2,-4.7,7.8,10.8,17.4,18.7,20.8,20.2,20.9,21.0,21.4,16.1,13.2,11.8,19.0,20.7,16.9,9.8,3.2,1.6,3.0,4.5,8.4,13.7,17.7,14.8,11.8,3.9,2.5,0.8,15.9,46.2,18.2,9.6,16.9,10.8,25.8,63.5,127.6,151.4,355.1,162.0,162.3,61.0,29.1,6.7,216.9,668.5,252.4,65.9
NEPAL,2005,1.3,2.7,7.4,10.2,12.3,17.1,16.5,17.1,15.2,10.6,6.4,2.4,10.0,16.9,10.7,3.3,-5.4,-4.2,0.0,3.0,5.9,11.4,12.1,12.8,10.1,4.4,-1.5,-5.9,3.0,12.1,4.3,-4.9,8.1,9.7,14.7,17.5,18.8,22.9,20.9,21.5,20.3,16.8,14.4,10.6,17.0,21.8,17.2,11.4,5.1,3.7,5.1,2.9,6.2,10.4,17.5,16.0,12.0,4.4,0.5,1.0,14.2,43.9,16.9,3.5,31.5,27.6,50.3,27.3,51.5,112.2,238.1,194.1,139.3,55.8,3.7,8.3,129.1,544.4,198.8,23.7
NEPAL,2006,2.5,4.9,6.2,10.0,13.7,15.9,16.7,16.7,15.0,11.1,6.9,3.4,10.0,16.5,11.0,2.4,-5.5,-3.3,-1.2,3.2,7.3,10.4,11.8,12.4,9.7,5.0,0.3,-4.6,3.1,11.5,5.0,-5.4,10.5,13.1,13.7,16.8,20.1,21.4,21.7,21.1,20.2,17.3,13.6,11.5,16.9,21.4,17.0,10.1,1.2,1.3,3.6,5.5,9.9,12.2,18.0,15.0,11.1,3.1,1.1,2.1,18.9,45.2,15.3,9.1,5.9,9.5,33.3,89.5,119.7,157.5,254.0,165.1,140.8,30.4,20.0,14.2,242.5,576.6,191.2,97.4
NEPAL,2007,1.7,2.0,6.5,11.7,14.0,16.0,16.9,17.0,15.4,11.6,6.6,2.8,10.7,16.6,11.2,2.0,-6.6,-5.0,-1.6,4.3,7.3,9.9,12.5,12.6,10.7,5.0,-1.1,-5.0,3.4,11.7,4.9,-5.3,10.0,8.9,14.6,19.1,20.7,22.0,21.5,21.4,20.1,18.2,14.4,10.6,18.1,21.7,17.6,9.2,0.8,6.1,4.5,4.4,8.1,11.8,15.0,15.6,13.0,1.7,1.3,1.1,17.0,42.3,16.0,4.6,4.0,79.2,49.4,50.9,93.4,148.1,207.8,204.9,215.7,13.5,7.2,3.6,193.7,560.8,236.3,21.8
NEPAL,2008,1.6,1.5,7.9,10.5,13.2,14.8,16.4,16.3,14.9,11.1,7.0,3.7,10.5,15.8,11.0,3.3,-4.6,-6.3,0.3,3.2,7.3,10.2,12.1,12.0,9.7,4.5,-1.1,-4.5,3.6,11.4,4.4,-4.6,7.8,9.3,15.4,17.7,19.1,19.4,20.7,20.5,20.1,17.8,15.1,12.0,17.4,20.2,17.7,11.3,2.1,1.5,2.7,3.5,9.3,16.6,16.8,16.0,11.2,2.4,0.5,1.0,15.5,49.5,14.0,4.5,9.3,8.9,28.9,31.2,137.7,286.9,265.4,215.6,138.2,22.1,2.1,8.2,197.7,768.0,162.4,28.1
NEPAL,2009,2.3,4.0,7.4,11.6,13.9,17.1,17.4,17.3,15.1,11.2,6.9,3.5,11.0,17.2,11.0,2.4,-5.7,-3.7,-0.1,3.7,7.5,11.2,12.4,12.5,9.7,4.2,-0.8,-4.0,3.7,12.0,4.4,-5.6,10.3,11.6,14.9,19.5,20.4,23.0,22.5,22.1,20.4,18.2,14.6,11.1,18.3,22.5,17.8,10.5,0.8,2.7,3.4,2.5,10.8,8.4,14.3,15.5,11.3,3.3,2.1,1.9,16.7,38.1,16.6,7.2,4.1,15.8,29.5,21.7,168.4,74.7,199.9,213.5,128.5,64.0,11.8,8.7,219.6,488.0,204.2,43.3
NEPAL,2010,0.6,3.1,8.6,12.9,14.5,17.1,17.6,17.0,15.0,11.5,7.6,2.3,12.0,17.2,11.4,1.8,-7.7,-5.0,0.7,5.3,8.0,11.2,12.8,13.0,10.4,5.6,0.2,-5.6,4.7,12.3,5.4,-5.8,9.0,11.3,16.6,20.4,21.1,23.0,22.3,21.1,19.6,17.6,15.1,10.2,19.4,22.2,17.4,9.5,2.3,3.0,2.9,3.7,8.1,7.8,16.5,18.9,15.2,3.8,0.6,0.6,14.7,43.2,19.6,9.1,7.3,27.3,27.8,31.7,109.9,79.5,242.7,289.6,260.7,47.2,5.1,5.4,169.5,611.8,312.9,77.8
NEPAL,2011,0.5,2.8,7.2,10.1,13.9,15.2,16.7,16.5,15.0,10.7,6.8,3.2,10.4,16.1,10.9,1.8,-6.8,-4.9,-0.0,3.1,7.9,10.1,12.6,12.0,10.0,4.1,-1.1,-5.2,3.6,11.6,4.3,-5.6,7.8,10.5,14.5,17.1,20.0,20.4,20.9,21.0,20.0,17.4,14.8,11.6,17.2,20.7,17.4,9.3,2.0,6.4,3.8,4.1,11.9,16.0,21.0,18.1,15.8,2.3,1.7,0.8,19.7,55.1,19.8,10.1,9.2,63.2,24.3,40.2,180.1,222.9,345.5,254.7,254.5,14.6,5.5,5.6,244.6,823.1,274.5,69.6
NEPAL,2012,-0.2,2.6,6.8,10.5,14.5,17.9,17.0,16.5,15.0,10.3,5.6,2.8,10.6,17.1,10.3,1.8,-7.2,-4.5,-0.8,3.5,7.7,12.1,12.6,11.9,9.7,3.5,-2.4,-5.3,3.4,12.2,3.6,-6.0,6.8,9.6,14.5,17.5,21.3,23.7,21.4,21.1,20.4,17.1,13.6,11.0,17.7,22.1,17.0,9.7,5.4,4.0,3.9,4.6,4.3,10.8,18.9,18.0,14.7,1.6,0.8,1.3,12.8,47.7,17.2,10.1,23.7,40.3,31.7,52.6,36.7,117.4,303.4,234.2,252.2,19.3,3.4,9.6,121.0,654.9,274.9,88.3
NEPAL,2013,0.3,2.3,6.9,10.4,14.5,15.6,16.6,16.4,15.1,10.4,5.6,2.6,10.6,16.2,10.4,1.7,-7.6,-5.2,-0.8,3.4,7.9,10.4,12.5,11.6,10.0,4.8,-2.2,-5.2,3.5,11.5,4.2,-5.8,8.2,9.8,14.7,17.4,21.0,20.9,20.7,21.1,20.3,16.0,13.5,10.5,17.7,20.9,16.6,9.2,4.0,4.7,2.9,4.5,6.3,15.3,19.4,17.6,11.9,6.2,0.8,0.9,13.8,52.2,18.8,7.8,19.8,58.9,26.4,48.8,53.7,239.6,273.6,216.7,105.1,104.8,2.2,7.4,128.9,729.9,212.1,51.4
NEPAL,2014,0.8,1.7,5.8,10.4,13.5,17.3,17.1,17.1,15.0,10.7,6.8,2.4,9.9,17.1,10.9,1.8,-6.6,-5.6,-1.6,3.1,7.2,11.5,12.9,12.8,10.1,4.3,-0.9,-5.2,2.9,12.4,4.5,-5.7,8.1,9.0,13.3,17.8,19.9,23.1,21.3,21.5,20.0,17.2,14.6,10.1,17.0,22.0,17.3,9.2,3.2,3.7,2.9,2.7,9.1,7.5,12.3,11.2,8.0,3.4,0.4,1.6,14.7,31.0,11.7,10.3,11.1,33.0,23.7,15.6,135.4,60.0,104.2,108.3,79.0,34.9,2.2,9.1,174.7,272.6,116.1,74.2
NEPAL,2015,-0.1,3.0,5.7,9.6,14.4,16.4,16.6,16.9,15.8,11.4,7.1,2.9,9.9,16.6,11.5,2.7,-7.2,-4.8,-1.8,2.8,7.9,10.9,11.8,12.6,10.3,4.7,-0.5,-4.7,2.9,11.8,4.8,-4.9,6.9,10.8,13.3,16.4,21.0,21.8,21.4,21.3,21.4,18.2,14.8,10.4,16.9,21.5,18.1,10.3,3.7,5.0,4.7,4.8,6.0,11.5,18.4,19.5,9.7,3.8,2.3,1.3,15.6,49.3,15.8,5.7,23.6,41.5,60.3,72.4,55.6,142.0,260.8,306.8,104.7,41.8,9.0,11.0,188.3,709.6,155.6,41.6
NEPAL,2016,1.3,3.9,7.8,11.9,13.8,16.5,16.6,17.0,15.4,11.6,6.9,4.0,11.2,16.7,11.3,2.8,-6.2,-3.8,0.4,4.6,7.2,11.1,12.3,12.7,10.4,5.2,-0.6,-3.9,4.1,12.0,5.0,-4.7,8.8,11.6,15.3,19.3,20.5,21.9,21.0,21.3,20.4,18.2,14.5,11.9,18.4,21.4,17.7,10.3,1.1,3.3,3.1,3.4,8.2,15.4,19.7,13.9,13.4,3.9,1.1,1.1,14.7,48.9,18.3,6.1,5.0,25.7,26.1,19.8,96.0,205.5,341.1,125.7,208.4,60.4,7.2,11.0,141.9,672.3,276.0,36.2
NEPAL,2017,1.0,3.4,6.7,11.6,13.8,16.0,16.8,17.2,15.7,11.8,6.5,3.8,10.7,16.6,11.3,3.1,-6.0,-4.1,-0.8,4.6,7.5,10.7,12.5,12.9,10.6,5.2,-1.0,-3.6,3.8,12.0,4.9,-4.4,8.0,10.9,14.2,18.6,20.2,21.2,21.2,21.5,20.9,18.3,13.9,11.2,17.7,21.3,17.7,10.6,2.8,2.3,4.9,6.2,9.8,12.4,18.8,18.3,10.2,2.8,1.1,1.2,20.9,49.6,14.1,5.3,15.4,9.8,74.8,70.8,121.9,118.3,261.0,254.0,120.8,44.0,7.5,11.1,267.5,633.4,172.2,28.3
NEPAL,2018,1.7,3.9,7.6,10.7,13.8,16.3,16.9,16.8,14.9,11.2,6.5,1.8,10.7,16.6,10.9,1.5,-6.1,-3.3,0.2,3.7,7.3,10.8,12.6,12.6,9.9,5.1,-0.7,-5.6,3.7,12.0,4.8,-5.6,9.4,11.1,15.0,17.7,20.4,21.8,21.2,21.0,19.9,17.3,13.8,9.2,17.7,21.3,17.0,8.7,2.1,2.0,3.6,5.5,8.3,14.0,19.1,18.9,12.4,2.9,1.8,1.4,17.4,52.0,17.1,10.5,8.2,9.0,33.6,58.2,112.6,178.9,255.3,243.8,141.8,37.2,20.3,12.7,204.5,678.1,199.4,80.1
NEPAL,2019,0.5,2.2,5.5,11.2,13.9,17.4,17.2,16.8,15.2,10.8,7.4,1.0,10.2,17.1,11.1,1.0,-6.5,-4.7,-1.9,4.0,7.4,11.5,13.0,12.5,10.2,4.7,0.6,-6.2,3.2,12.4,5.2,-6.2,7.6,9.2,12.9,18.4,20.5,23.2,21.4,21.2,20.2,16.9,14.2,8.2,17.3,21.9,17.1,8.2,4.5,4.6,3.5,6.2,6.5,11.0,21.0,15.4,7.4,2.3,0.9,2.0,16.3,47.3,10.6,9.5,23.2,44.3,33.5,77.3,61.5,130.7,344.6,173.8,71.4,18.6,15.6,22.6,172.2,649.2,105.6,73.7
NEPAL,2020,-0.4,2.3,5.4,9.8,13.0,15.5,17.4,17.0,15.7,11.8,5.9,2.7,9.4,16.7,11.1,2.6,-7.1,-5.4,-1.8,2.9,6.7,10.1,12.9,12.5,10.2,4.9,-1.2,-4.6,2.6,11.8,4.6,-4.9,6.3,9.9,12.6,16.6,19.3,21.0,22.0,21.6,21.2,18.7,13.0,10.0,16.2,21.5,17.6,10.0,4.3,3.3,5.0,6.0,7.9,12.4,18.7,16.7,9.7,2.7,1.1,1.3,18.9,47.8,13.5,7.0,28.7,22.4,53.1,65.7,96.7,168.8,285.5,213.6,136.9,42.6,7.2,11.1,215.5,667.8,186.7,48.1
NEPAL,2021,1.3,3.7,8.1,10.5,12.5,15.5,17.4,17.1,15.1,11.4,6.1,1.7,10.3,16.6,10.8,0.9,-6.0,-4.0,0.7,3.6,6.3,10.2,12.9,12.7,10.1,5.2,-1.4,-5.4,3.5,11.9,4.6,-6.2,8.6,11.5,15.5,17.4,18.7,20.8,21.9,21.5,20.1,17.6,13.5,8.9,17.2,21.4,17.1,7.9,2.9,2.8,3.2,5.4,9.4,14.5,18.0,16.5,12.7,4.0,1.1,2.4,17.9,49.0,17.7,10.3,16.3,20.7,29.7,53.9,122.1,205.9,259.6,231.1,137.2,64.3,7.2,14.9,205.7,696.6,208.7,75.8
NEPAL,2022,-0.4,1.3,8.2,12.4,14.0,16.6,17.0,16.9,15.1,10.4,6.4,3.2,11.5,16.8,10.7,2.8,-7.5,-5.7,0.3,5.4,7.6,10.9,12.3,12.3,10.5,4.4,-0.8,-4.3,4.5,11.8,4.7,-4.5,6.6,8.3,16.1,19.3,20.3,22.3,21.8,21.5,19.9,16.5,13.6,10.7,18.6,21.9,16.7,10.2,4.1,3.8,2.4,3.3,8.0,11.9,18.8,16.1,13.6,4.5,1.1,1.1,13.7,46.8,19.2,7.0,26.9,34.0,24.3,45.6,84.2,164.3,240.4,211.8,162.2,47.9,7.4,10.5,154.1,616.5,217.5,44.4
NEPAL,2023,1.0,4.3,6.4,9.9,12.1,15.8,16.9,17.1,15.7,11.0,6.5,2.8,9.5,16.6,11.1,1.7,-6.2,-3.1,-0.6,2.9,5.6,10.3,12.6,12.6,10.6,4.8,-0.5,-4.5,2.7,11.8,5.0,-5.4,8.1,11.7,13.5,17.0,18.5,21.3,21.2,21.7,20.9,17.1,13.7,10.2,16.3,21.4,17.2,8.8,3.4,2.6,4.4,5.3,7.7,13.5,18.2,17.7,12.2,3.1,2.7,1.4,17.3,49.4,18.0,7.6,14.5,19.4,39.5,54.5,90.4,166.7,252.7,227.7,159.2,50.9,15.1,12.4,184.4,647.1,225.2,50.5
NEPAL,2024,-0.0,2.2,6.6,11.1,14.3,17.5,17.4,16.9,15.4,12.1,7.1,2.7,10.7,17.2,11.5,-999.0,-7.1,-4.7,-0.5,4.3,7.9,12.1,12.9,12.8,10.7,5.8,-0.2,-4.7,3.9,12.6,5.4,-999.0,7.0,9.1,13.7,18.0,20.8,22.8,21.9,21.1,20.2,18.3,14.4,10.1,17.5,21.9,17.7,-999.0,2.1,4.1,3.5,3.8,7.2,12.7,17.1,17.3,13.8,3.3,1.1,1.9,14.5,47.1,18.2,-999.0,11.0,27.1,35.2,41.9,75.3,159.7,277.5,215.4,175.8,45.0,8.5,16.8,152.3,652.6,229.4,-999.0
PAKISTAN,1901,8.2,9.8,17.0,21.7,26.4,29.8,29.5,28.1,25.9,21.6,16.0,11.2,21.7,29.1,21.2,10.9,1.0,2.9,10.1,14.5,19.1,22.9,23.7,22.5,19.2,13.7,8.0,3.7,14.5,23.0,13.6,3.7,15.3,16.7,24.0,28.9,33.8,36.6,35.4,33.9,32.6,29.6,24.0,18.6,28.9,35.3,28.7,18.0,3.3,1.8,3.6,3.1,4.6,2.3,5.5,2.4,2.2,0.8,0.2,1.2,11.4,10.3,3.3,3.4,32.8,13.8,23.1,14.5,31.0,13.6,67.5,23.8,14.5,3.1,1.1,5.3,68.6,104.9,18.8,17.9
PAKISTAN,1902,9.9,11.5,17.5,22.3,26.9,29.2,29.4,28.6,25.6,21.3,15.5,10.2,22.2,29.1,20.8,9.6,2.8,4.6,10.5,15.1,19.6,22.4,23.6,22.9,18.9,13.4,7.5,2.8,15.1,23.0,13.3,2.4,17.1,18.4,24.4,29.5,34.3,36.1,35.2,34.3,32.3,29.2,23.5,17.6,29.4,35.2,28.3,16.8,0.8,1.4,2.9,3.4,3.6,3.2,3.9,3.5,2.3,1.4,1.5,0.8,9.8,10.6,5.2,5.0,5.6,7.0,16.2,16.4,15.7,19.3,33.8,38.6,20.4,6.0,12.8,7.6,48.3,91.7,39.2,42.1
PAKISTAN,1903,8.3,10.3,14.2,20.5,25.9,30.1,29.2,27.9,26.1,21.4,14.5,9.7,20.2,29.1,20.7,9.6,1.2,3.4,7.2,13.3,18.6,23.3,23.5,22.3,19.4,13.5,6.5,2.3,13.0,23.0,13.1,2.4,15.5,17.2,21.2,27.7,33.3,37.0,35.1,33.6,32.8,29.4,22.6,17.2,27.4,35.2,28.2,16.8,2.5,1.6,4.2,3.1,5.2,2.1,5.7,3.9,2.9,0.8,0.6,1.7,12.5,11.7,4.3,7.0,21.3,13.3,32.2,13.9,28.0,9.9,78.4,40.5,25.1,2.5,1.9,10.9,74.2,128.8,29.5,60.8
PAKISTAN,1904,7.6,11.5,15.8,22.1,26.5,29.5,28.8,27.9,25.5,20.9,15.4,10.8,21.5,28.8,20.6,8.7,0.5,4.6,8.9,14.9,19.1,22.7,23.0,22.3,18.9,13.0,7.4,3.3,14.3,22.7,13.1,1.6,14.8,18.4,22.8,29.4,33.8,36.4,34.6,33.7,32.2,28.8,23.4,18.2,28.7,34.9,28.2,15.9,3.6,1.7,5.2,2.9,2.6,1.8,3.7,3.2,2.2,1.5,1.7,1.2,10.6,8.7,5.5,8.3,38.2,11.7,48.9,12.3,11.8,8.8,32.1,32.7,18.2,7.6,11.2,8.5,72.9,73.5,37.0,78.6
PAKISTAN,1905,7.4,8.0,13.5,20.4,27.3,29.7,29.3,28.5,25.9,21.9,16.2,10.4,20.4,29.2,21.3,9.1,0.3,1.1,6.5,13.3,20.0,22.9,23.5,22.9,19.2,14.0,8.2,2.9,13.3,23.1,13.8,1.9,14.6,14.9,20.5,27.7,34.7,36.6,35.1,34.2,32.6,29.8,24.3,17.8,27.6,35.3,28.9,16.3,3.7,3.3,4.3,3.2,2.9,1.9,3.3,1.8,3.5,0.9,0.3,2.5,10.4,7.0,4.7,8.5,41.6,28.4,33.3,13.7,13.1,10.1,27.7,18.0,34.4,2.6,1.0,23.3,60.1,55.8,38.0,88.1
PAKISTAN,1906,7.6,9.3,15.0,21.0,27.3,29.2,29.4,28.2,25.2,21.6,16.1,11.4,21.1,29.0,21.0,10.5,0.5,2.4,8.0,13.8,20.0,22.4,23.6,22.6,18.6,13.7,8.1,4.0,13.9,22.9,13.4,3.4,14.8,16.2,22.0,28.2,34.7,36.1,35.2,34.0,31.9,29.5,24.1,18.9,28.3,35.1,28.5,17.7,1.4,4.5,4.5,3.0,2.9,2.7,3.9,4.7,3.0,1.0,0.3,1.8,10.4,11.4,4.2,7.6,9.4,55.3,31.1,12.3,23.3,14.3,32.2,49.3,29.4,3.0,1.1,11.1,66.8,95.7,33.4,59.9
PAKISTAN,1907,10.2,9.9,14.8,21.1,25.3,28.7,29.9,27.3,25.3,20.8,15.6,9.9,20.4,28.6,20.6,10.0,3.1,3.0,7.9,13.9,17.9,21.9,24.1,21.6,18.7,12.9,7.7,2.5,13.2,22.5,13.1,2.8,17.4,16.8,21.8,28.3,32.6,35.6,35.7,33.0,32.0,28.7,23.6,17.3,27.6,34.8,28.1,17.1,2.3,3.5,3.8,4.3,2.2,3.5,4.2,4.3,0.8,1.0,0.4,0.7,10.3,12.0,2.2,6.4,18.5,30.2,24.9,30.2,6.4,31.7,39.7,58.8,6.4,3.1,1.6,5.4,61.5,130.2,11.2,56.4
PAKISTAN,1908,9.2,10.8,15.5,22.1,26.1,29.7,28.6,27.0,24.8,20.4,14.9,9.9,21.3,28.4,20.0,9.2,2.1,3.9,8.6,14.9,18.8,22.8,22.8,21.3,18.2,12.5,6.9,2.4,14.1,22.3,12.5,2.0,16.4,17.7,22.5,29.3,33.5,36.6,34.4,32.7,31.5,28.3,22.9,17.3,28.5,34.6,27.6,16.4,3.4,2.3,2.8,5.5,2.7,2.5,6.1,5.0,3.7,1.0,0.2,2.5,11.0,13.7,4.9,8.5,32.8,18.3,14.6,46.5,17.2,12.7,84.3,84.2,26.4,2.9,1.1,17.9,78.3,181.2,30.4,66.4
PAKISTAN,1909,7.7,10.1,16.3,21.4,26.0,29.1,28.1,27.6,24.5,20.7,16.2,10.0,21.3,28.3,20.5,10.0,0.5,3.2,9.4,14.3,18.7,22.3,22.3,21.9,17.9,12.8,8.2,2.6,14.1,22.2,13.0,2.8,14.8,17.0,23.3,28.7,33.4,36.0,33.9,33.3,31.2,28.7,24.2,17.5,28.5,34.4,28.0,17.1,2.8,3.2,3.1,5.1,2.2,3.9,7.8,3.0,3.4,1.0,0.3,3.2,10.4,14.8,4.7,9.1,20.8,27.7,17.7,36.4,7.8,24.0,104.2,31.8,36.9,3.9,3.0,31.1,62.0,160.1,43.8,82.0
PAKISTAN,1910,8.7,11.1,15.6,20.8,26.6,29.1,28.5,27.6,25.5,20.5,14.4,9.3,21.0,28.4,20.1,9.8,1.6,4.2,8.7,13.6,19.3,22.3,22.8,21.9,18.8,12.6,6.4,1.9,13.9,22.3,12.6,2.7,15.9,18.0,22.6,28.0,34.0,36.0,34.4,33.3,32.2,28.5,22.5,16.7,28.2,34.6,27.7,17.0,3.8,2.2,2.9,4.2,2.3,4.1,6.0,5.7,1.2,0.5,0.2,1.4,9.4,15.8,1.9,7.9,38.9,12.0,15.6,26.6,9.4,30.8,73.2,77.5,7.6,2.4,1.0,9.3,51.6,181.4,11.0,72.5
PAKISTAN,1911,9.1,11.1,14.7,21.4,27.0,29.4,29.7,28.3,25.6,21.2,13.8,10.3,21.0,29.1,20.2,10.5,2.0,4.2,7.8,14.2,19.7,22.6,23.9,22.6,19.0,13.3,5.8,2.9,13.9,23.0,12.7,3.3,16.2,18.0,21.7,28.6,34.4,36.3,35.5,34.0,32.3,29.1,21.9,17.8,28.2,35.3,27.8,17.7,4.0,2.5,5.4,3.0,3.3,2.1,2.4,2.1,1.7,1.2,1.7,1.8,11.7,6.6,4.6,7.4,48.6,14.6,46.8,13.4,10.8,9.9,18.0,21.9,12.6,5.0,9.5,11.3,70.9,49.8,27.0,67.7
PAKISTAN,1912,9.5,11.7,15.8,22.1,26.7,30.1,29.4,27.7,24.7,21.3,14.6,10.3,21.5,29.0,20.2,10.1,2.3,4.8,8.8,14.9,19.4,23.3,23.6,22.0,18.0,13.4,6.6,2.9,14.4,22.9,12.7,3.0,16.6,18.6,22.8,29.3,34.1,37.0,35.2,33.4,31.4,29.3,22.6,17.8,28.7,35.2,27.8,17.3,3.6,2.0,2.4,3.8,3.9,2.2,4.8,4.5,1.2,0.8,0.8,1.9,10.0,11.6,2.8,7.1,39.5,16.9,11.7,21.2,19.1,13.5,51.7,50.2,10.8,2.6,2.6,19.2,51.9,115.3,16.0,59.0
PAKISTAN,1913,9.6,10.4,14.2,21.9,26.1,28.7,28.8,27.8,25.4,21.5,15.0,10.3,20.7,28.4,20.6,10.4,2.5,3.5,7.3,14.7,18.7,21.9,23.1,22.1,18.7,13.6,7.0,2.8,13.6,22.3,13.1,3.1,16.7,17.4,21.2,29.1,33.5,35.6,34.7,33.5,32.1,29.4,23.0,17.7,27.9,34.6,28.2,17.6,1.9,3.2,3.8,3.0,2.8,3.4,4.0,4.8,2.8,1.1,1.0,2.3,9.5,12.3,4.9,8.6,13.9,25.9,24.9,19.8,13.2,25.1,48.3,55.2,29.5,3.1,4.5,20.7,58.0,128.6,37.2,76.0
PAKISTAN,1914,10.5,10.3,15.5,21.7,26.8,29.6,28.8,27.9,25.9,20.6,15.8,9.5,21.3,28.8,20.8,9.3,3.3,3.3,8.5,14.4,19.4,22.7,22.9,22.2,18.9,12.7,8.1,2.1,14.1,22.6,13.2,2.2,17.7,17.4,22.6,28.9,34.1,36.6,34.8,33.6,33.0,28.6,23.6,17.0,28.6,35.0,28.4,16.5,2.6,3.8,3.7,4.7,3.5,3.8,7.0,3.0,3.1,2.4,1.6,1.5,11.8,13.8,7.0,5.5,20.4,34.8,20.1,33.4,12.1,29.7,98.1,31.8,34.2,20.5,10.1,11.1,65.6,159.7,64.8,48.3
PAKISTAN,1915,8.7,9.7,16.9,21.8,28.0,30.0,29.6,28.6,26.7,22.0,15.9,10.8,22.2,29.4,21.5,10.1,1.6,2.8,9.9,14.5,20.5,23.1,23.9,23.0,20.0,14.0,7.7,3.2,15.0,23.3,13.9,3.0,15.9,16.6,23.9,29.2,35.4,36.8,35.3,34.4,33.4,30.1,24.1,18.4,29.5,35.5,29.2,17.4,1.1,2.8,4.0,5.3,1.9,2.6,5.0,2.0,2.3,1.3,0.4,1.3,11.2,9.6,4.0,6.1,7.9,29.3,23.6,40.0,6.1,13.5,41.5,21.3,17.4,10.5,1.6,7.5,69.7,76.2,29.5,45.5
PAKISTAN,1916,9.9,9.8,17.9,22.6,26.0,29.0,29.2,28.0,25.4,20.8,13.5,9.8,22.2,28.7,19.9,10.5,2.8,2.9,10.8,15.3,18.6,22.2,23.3,22.3,18.7,12.8,5.4,2.4,14.9,22.6,12.3,3.4,17.0,16.6,24.9,29.9,33.5,35.8,35.1,33.7,32.1,28.8,21.7,17.3,29.4,34.9,27.5,17.7,2.2,2.7,2.4,4.3,4.3,2.4,4.6,7.2,3.0,0.7,0.2,0.6,10.9,14.3,3.9,3.9,17.5,20.5,12.1,28.1,21.2,13.6,54.1,131.3,26.7,7.7,0.9,3.5,61.4,198.9,35.3,24.7
PAKISTAN,1917,9.7,12.0,16.1,20.2,25.2,28.8,28.5,27.2,24.6,20.0,13.7,10.1,20.5,28.2,19.4,9.8,2.6,5.2,9.0,12.9,17.8,22.0,22.8,21.6,17.9,12.1,5.7,2.6,13.2,22.1,11.9,2.6,16.9,18.9,23.3,27.6,32.5,35.6,34.3,32.9,31.3,28.0,21.8,17.5,27.8,34.3,27.0,16.9,2.1,1.2,3.7,3.1,3.7,2.7,3.1,6.1,4.3,1.5,0.2,2.2,10.6,12.0,6.1,5.2,14.6,6.7,28.3,15.7,15.2,20.9,31.9,99.3,64.8,10.0,0.9,16.3,59.2,152.1,75.6,30.0
PAKISTAN,1918,8.2,11.0,15.7,20.1,27.5,29.1,29.7,28.5,25.4,21.1,15.1,9.4,21.1,29.1,20.6,9.2,1.0,4.1,8.7,12.9,20.1,22.3,23.8,22.8,18.7,13.2,7.1,2.0,13.9,23.0,13.0,2.0,15.3,18.0,22.7,27.3,34.9,36.0,35.5,34.3,32.2,29.1,23.2,16.8,28.3,35.3,28.2,16.4,1.4,1.7,5.1,4.5,1.8,2.6,2.7,3.1,2.1,0.9,1.1,2.7,11.4,8.4,4.2,9.0,6.4,7.3,42.3,27.7,4.3,15.4,21.3,29.6,13.1,2.4,7.3,29.3,74.3,66.3,22.8,78.9
PAKISTAN,1919,8.2,10.0,15.9,21.2,26.1,30.0,29.1,27.5,24.8,21.0,14.9,9.9,21.1,28.9,20.2,9.7,1.0,3.1,8.9,14.0,18.8,23.2,23.3,21.8,18.1,13.0,6.9,2.5,13.9,22.8,12.6,2.5,15.4,17.0,22.9,28.5,33.5,36.9,34.9,33.3,31.5,29.0,23.1,17.4,28.3,35.0,27.8,16.8,3.5,2.8,3.6,3.8,3.5,1.5,5.4,5.5,2.2,0.6,0.4,3.4,10.9,12.4,3.1,9.8,32.3,17.3,26.1,17.3,10.0,4.8,68.1,67.8,17.2,1.8,1.4,31.3,53.4,140.6,20.4,81.4
PAKISTAN,1920,9.2,9.9,15.9,20.9,24.2,28.2,28.8,27.6,26.1,21.9,15.7,9.9,20.4,28.2,21.2,9.9,2.1,3.0,9.0,13.8,16.9,21.3,23.0,21.9,19.5,14.0,7.8,2.5,13.2,22.1,13.7,2.8,16.3,16.8,22.9,28.1,31.6,35.0,34.6,33.3,32.8,29.9,23.7,17.3,27.6,34.3,28.8,17.1,3.4,3.0,4.3,3.0,3.9,2.1,3.3,2.8,2.0,0.6,0.5,1.2,11.3,8.2,3.1,4.5,30.0,20.1,31.6,21.1,14.1,14.0,28.1,23.4,14.8,1.8,4.9,5.2,66.8,65.6,21.4,24.8
PAKISTAN,1921,9.2,10.6,17.7,23.3,27.2,29.6,29.5,27.5,25.1,20.7,15.4,11.5,22.8,28.9,20.4,10.6,2.1,3.8,10.7,16.2,19.9,22.7,23.7,21.8,18.4,12.8,7.3,4.1,15.6,22.8,12.9,3.5,16.4,17.6,24.7,30.5,34.6,36.4,35.4,33.3,31.8,28.7,23.4,18.9,29.9,35.0,28.0,17.8,1.8,1.5,2.5,3.0,1.5,2.1,5.9,6.1,2.2,1.5,0.7,2.8,7.0,14.0,4.4,8.7,11.8,7.8,16.9,16.2,11.9,15.2,70.7,82.6,21.1,8.5,2.6,29.3,45.1,168.6,32.2,79.9
PAKISTAN,1922,8.7,11.6,16.9,22.4,26.3,29.1,29.3,27.9,25.1,20.7,15.2,10.5,21.9,28.8,20.3,9.9,1.6,4.7,9.9,15.2,18.9,22.3,23.5,22.2,18.4,12.8,7.2,3.0,14.7,22.7,12.8,2.7,15.9,18.6,23.9,29.7,33.6,36.0,35.2,33.6,31.8,28.6,23.3,17.9,29.1,34.9,27.9,17.1,2.5,3.4,3.2,2.5,3.5,2.7,4.2,3.6,3.5,1.2,0.3,2.1,9.2,10.4,4.9,9.1,17.8,32.8,17.4,10.2,19.1,13.5,35.7,35.5,42.8,4.2,0.9,15.5,46.7,84.7,47.9,79.5
PAKISTAN,1923,8.9,10.3,16.7,22.1,25.7,29.9,28.6,27.3,24.9,20.5,14.5,9.9,21.5,28.6,20.0,9.7,1.8,3.4,9.8,14.9,18.4,23.1,22.8,21.7,18.3,12.6,6.4,2.4,14.4,22.5,12.4,2.5,16.1,17.2,23.7,29.3,33.1,36.7,34.4,33.1,31.6,28.5,22.6,17.4,28.7,34.7,27.6,17.0,3.3,3.6,3.8,3.6,4.6,1.2,3.6,6.0,1.5,1.7,0.3,1.3,12.0,10.8,3.5,8.1,30.6,33.4,22.3,16.4,21.9,6.4,45.3,78.4,9.4,8.0,1.3,10.6,60.5,130.1,18.7,76.8
PAKISTAN,1924,8.3,11.0,17.2,22.1,24.4,29.8,29.7,28.0,24.6,20.7,14.6,10.5,21.3,29.2,20.0,9.0,1.2,4.0,10.3,14.9,17.1,23.0,23.9,22.3,17.9,12.8,6.5,3.1,14.1,23.1,12.4,1.9,15.6,17.9,24.2,29.4,31.8,36.7,35.5,33.7,31.3,28.7,22.6,18.0,28.5,35.3,27.5,16.2,2.7,4.1,3.4,4.5,5.6,0.8,4.9,3.4,3.3,0.4,0.9,3.1,13.4,9.1,4.7,7.9,24.7,41.5,19.2,31.0,33.5,3.3,50.4,27.5,40.9,1.3,4.3,34.2,83.8,81.3,46.5,64.2
PAKISTAN,1925,7.5,9.0,17.1,23.3,26.4,28.4,28.4,28.1,26.0,21.8,14.7,10.7,22.3,28.3,20.8,10.9,0.4,2.0,10.1,16.1,19.0,21.6,22.6,22.4,19.2,13.9,6.6,3.3,15.1,22.2,13.2,3.7,14.7,16.0,24.2,30.5,33.8,35.4,34.3,33.8,32.7,29.8,22.8,18.2,29.5,34.5,28.4,18.1,2.4,2.5,2.7,2.5,5.0,2.0,5.5,4.2,2.2,1.6,1.6,0.5,10.2,11.8,5.4,5.4,15.0,15.0,11.9,9.9,26.8,15.8,56.0,40.2,16.2,9.2,8.7,3.3,48.6,112.0,34.1,37.9
PAKISTAN,1926,9.5,12.4,15.8,20.0,25.1,29.9,29.4,28.0,25.2,20.6,13.3,10.1,20.3,29.1,19.7,9.1,2.3,5.5,8.9,12.9,17.8,23.0,23.6,22.3,18.5,12.6,5.3,2.7,13.2,23.0,12.1,2.0,16.6,19.4,22.8,27.2,32.5,36.7,35.2,33.7,31.9,28.6,21.4,17.5,27.5,35.2,27.3,16.2,2.7,2.2,5.5,4.4,3.6,2.3,3.5,5.1,3.7,0.5,0.4,2.1,13.6,10.9,4.6,7.5,21.2,13.4,47.8,25.8,17.1,11.6,42.7,69.6,41.7,1.3,1.3,16.3,90.7,123.9,44.3,55.6
PAKISTAN,1927,7.5,9.6,15.2,21.3,25.7,29.2,28.9,27.6,25.3,21.5,14.9,10.8,20.7,28.6,20.5,10.1,0.4,2.8,8.3,14.1,18.4,22.3,23.1,21.9,18.6,13.6,6.9,3.4,13.6,22.4,13.0,2.9,14.6,16.5,22.2,28.5,33.1,36.1,34.7,33.3,32.0,29.5,22.9,18.3,27.9,34.7,28.1,17.2,2.2,3.3,3.4,3.2,2.9,1.7,6.0,3.2,2.5,0.6,0.5,3.0,9.5,10.9,3.6,8.5,13.8,25.5,21.8,14.1,10.3,11.2,90.6,34.6,16.4,2.4,1.8,34.4,46.2,136.3,20.6,76.7
PAKISTAN,1928,8.3,11.1,15.9,21.9,27.2,29.3,29.0,27.7,24.8,21.3,15.5,9.8,21.6,28.7,20.5,9.1,1.2,4.2,8.9,14.7,19.8,22.5,23.2,22.1,18.1,13.3,7.5,2.5,14.5,22.6,13.0,2.0,15.4,18.0,22.9,29.1,34.6,36.2,34.8,33.4,31.5,29.3,23.6,17.2,28.8,34.8,28.1,16.3,2.1,3.4,3.8,3.5,2.2,1.9,3.7,4.3,2.9,0.4,2.3,2.4,9.4,9.8,5.6,7.7,13.4,29.0,24.3,14.9,5.0,8.5,33.9,40.7,31.8,3.6,15.8,18.5,44.2,83.1,51.2,57.2
PAKISTAN,1929,7.8,9.6,17.6,22.7,26.7,29.3,28.6,27.4,25.9,20.7,15.7,8.5,22.3,28.5,20.8,8.6,0.7,2.7,10.6,15.6,19.4,22.5,22.9,21.7,19.2,12.8,7.6,1.1,15.2,22.4,13.2,1.5,15.0,16.6,24.6,29.9,34.1,36.2,34.4,33.1,32.6,28.7,23.7,15.8,29.5,34.6,28.3,15.8,2.7,2.6,2.2,3.2,3.1,2.5,7.7,5.6,1.3,1.3,1.0,2.3,8.5,15.8,3.6,8.4,21.4,17.3,11.3,12.5,10.4,14.1,120.5,85.2,6.1,6.6,7.8,19.1,34.2,219.8,20.5,63.8
PAKISTAN,1930,7.3,10.1,16.3,21.1,26.2,29.0,28.4,27.6,25.5,21.3,15.1,10.1,21.2,28.3,20.6,9.4,0.1,3.2,9.3,13.9,18.9,21.9,22.5,21.9,18.9,13.4,7.1,2.5,14.0,22.1,13.1,2.3,14.4,17.0,23.3,28.3,33.6,36.1,34.4,33.4,32.1,29.2,23.2,17.8,28.4,34.6,28.2,16.6,3.4,2.7,3.2,5.7,3.4,2.8,7.0,2.7,2.6,1.1,0.5,0.9,12.2,12.5,4.2,7.5,27.9,16.8,17.5,42.1,12.5,16.0,88.5,22.2,20.5,4.6,1.5,5.8,72.1,126.7,26.6,70.7
PAKISTAN,1931,9.7,8.5,16.0,23.0,25.9,28.9,28.5,28.5,25.5,21.0,15.1,10.6,21.6,28.6,20.5,10.6,2.7,1.7,9.1,15.8,18.7,22.2,22.8,22.8,18.8,13.1,7.3,3.2,14.5,22.6,13.1,3.5,16.7,15.3,23.0,30.2,33.1,35.7,34.2,34.1,32.2,29.0,23.0,18.0,28.8,34.7,28.1,17.7,3.1,3.5,3.1,3.5,4.5,3.3,5.4,3.5,2.1,1.7,0.9,1.2,11.1,12.2,4.7,6.1,26.4,38.4,14.8,22.7,25.5,23.4,62.7,44.2,13.3,12.0,4.7,6.7,63.1,130.3,29.9,43.0
PAKISTAN,1932,10.3,10.8,16.9,22.8,25.5,29.5,29.1,27.2,25.8,20.9,15.3,9.4,21.7,28.6,20.7,9.3,3.3,3.9,9.9,15.5,18.1,22.7,23.3,21.5,19.2,13.1,7.4,2.0,14.5,22.5,13.2,2.1,17.2,17.8,24.0,30.1,32.9,36.4,35.0,32.9,32.5,28.7,23.2,16.8,29.0,34.8,28.1,16.5,2.9,2.0,4.3,2.7,3.3,3.0,7.3,5.1,1.2,0.9,0.3,1.9,10.3,15.3,2.4,7.3,24.1,12.3,35.7,10.2,11.1,18.5,97.6,54.8,8.3,4.0,1.3,13.2,57.0,171.0,13.6,53.6
PAKISTAN,1933,7.2,11.2,15.7,20.5,25.8,29.4,29.2,26.8,24.7,20.8,15.6,11.5,20.6,28.5,20.4,10.4,0.1,4.3,8.7,13.3,18.3,22.6,23.4,21.1,18.0,12.9,7.6,4.3,13.4,22.4,12.8,3.3,14.4,18.2,22.7,27.7,33.3,36.3,35.1,32.5,31.4,28.8,23.6,18.8,27.9,34.6,27.9,17.5,2.7,2.8,4.5,4.4,3.5,2.9,6.1,6.1,2.7,1.0,0.6,1.5,12.3,15.1,4.3,6.2,21.5,18.9,33.8,24.9,12.5,16.8,70.9,90.0,25.2,4.1,3.6,13.3,71.2,177.7,32.9,48.7
PAKISTAN,1934,6.7,12.9,15.4,21.8,25.1,29.3,29.0,27.9,25.6,20.3,15.0,11.4,20.8,28.7,20.3,9.8,-0.4,6.0,8.3,14.6,17.9,22.5,23.2,22.2,19.0,12.4,7.0,4.0,13.6,22.6,12.8,2.6,13.8,19.8,22.6,28.9,32.3,36.1,34.8,33.6,32.3,28.3,23.1,18.8,27.9,34.8,27.9,17.0,2.5,2.2,3.9,4.1,3.6,2.4,3.5,4.9,1.9,0.6,0.8,1.8,11.7,10.8,3.3,9.4,18.8,16.6,26.7,25.2,16.0,16.0,36.9,71.3,12.3,2.9,2.8,15.2,67.9,124.2,18.0,95.8
PAKISTAN,1935,6.9,11.2,16.4,19.4,25.7,28.9,28.6,27.4,24.9,20.4,15.3,10.2,20.5,28.3,20.2,9.8,-0.2,4.2,9.3,12.2,18.4,22.1,22.8,21.7,18.3,12.5,7.3,2.8,13.3,22.2,12.7,2.6,14.1,18.3,23.5,26.6,33.1,35.7,34.4,33.2,31.6,28.3,23.2,17.6,27.8,34.4,27.7,17.0,3.8,3.8,3.6,5.6,3.1,2.6,5.0,3.8,2.1,1.5,1.3,0.8,12.3,11.3,4.9,7.1,39.6,41.0,22.9,39.1,12.0,13.3,49.1,45.9,17.0,6.9,9.3,5.6,74.0,108.3,33.2,64.0
PAKISTAN,1936,7.5,11.6,14.8,21.1,28.3,28.7,28.6,27.8,25.8,21.6,14.8,10.0,21.4,28.4,20.7,9.7,0.3,4.6,7.8,13.9,20.9,21.8,22.8,22.1,19.1,13.5,6.7,2.7,14.2,22.2,13.1,2.6,14.7,18.6,21.8,28.4,35.7,35.6,34.5,33.5,32.6,29.7,22.9,17.3,28.6,34.6,28.4,16.8,2.2,4.1,4.4,3.4,3.9,3.3,3.8,3.0,2.1,1.1,1.5,2.0,11.7,10.1,4.8,8.5,15.8,42.7,33.0,17.7,20.3,24.7,36.7,28.3,17.9,5.2,11.4,15.8,71.1,89.6,34.5,76.8
PAKISTAN,1937,7.9,11.2,14.8,20.4,26.5,29.8,28.7,28.3,25.5,20.0,14.7,8.8,20.6,28.9,20.1,8.9,0.9,4.3,7.9,13.2,19.2,23.0,22.9,22.5,18.9,12.2,6.6,1.3,13.4,22.8,12.6,1.7,14.9,18.1,21.8,27.6,33.8,36.7,34.6,34.1,32.2,27.9,22.9,16.4,27.8,35.1,27.6,16.1,2.4,4.0,4.0,4.9,2.8,1.3,6.9,1.5,2.5,1.7,0.5,2.1,11.6,9.7,4.7,8.8,18.4,42.6,27.8,37.4,9.4,8.3,86.3,14.6,19.2,7.4,3.1,15.7,74.6,109.2,29.8,79.0
PAKISTAN,1938,8.1,9.8,16.3,22.4,28.3,28.6,29.0,28.2,25.6,21.2,13.8,10.3,22.3,28.6,20.2,10.1,1.0,2.9,9.3,15.1,20.8,21.8,23.3,22.5,18.8,13.3,5.9,3.0,15.1,22.5,12.7,3.1,15.1,16.8,23.3,29.7,35.7,35.4,34.8,34.0,32.3,29.2,21.8,17.6,29.6,34.8,27.8,17.3,3.5,3.1,3.4,3.6,1.8,4.1,5.2,4.2,1.8,0.9,0.7,2.1,8.8,13.4,3.4,9.1,41.9,21.4,21.0,21.4,5.5,29.2,51.1,42.2,6.8,4.1,2.7,14.9,47.9,122.5,13.6,88.7
PAKISTAN,1939,9.4,10.7,13.8,19.6,26.3,29.3,29.0,28.3,26.3,21.6,15.6,11.9,19.9,28.8,21.1,11.2,2.4,3.8,6.8,12.4,18.9,22.4,23.2,22.6,19.6,13.8,7.6,4.5,12.7,22.7,13.7,4.1,16.5,17.7,20.8,26.9,33.8,36.2,34.8,34.0,33.0,29.4,23.6,19.4,27.1,35.0,28.7,18.4,2.5,4.5,5.2,3.9,2.5,1.5,3.5,2.7,1.4,1.6,0.4,1.2,11.7,7.8,3.4,7.7,19.6,54.2,49.3,25.0,7.7,9.7,32.2,25.6,9.4,7.1,2.6,8.5,82.0,67.6,19.1,66.9
PAKISTAN,1940,10.0,11.7,14.9,20.9,26.9,29.5,29.6,27.2,25.1,21.9,16.4,10.7,20.9,28.8,21.1,10.6,3.0,5.0,8.0,13.6,19.5,22.7,23.9,21.6,18.6,14.1,8.4,3.3,13.7,22.7,13.7,3.5,17.1,18.6,21.9,28.2,34.3,36.4,35.4,32.9,31.7,29.7,24.4,18.1,28.1,34.9,28.6,17.8,3.4,3.1,3.7,3.5,3.6,4.3,3.4,3.6,2.0,0.9,0.9,1.2,10.8,11.3,3.8,6.0,33.9,24.4,24.2,18.0,18.4,32.9,30.4,41.7,13.3,3.7,4.1,8.7,60.7,104.9,21.0,40.3
PAKISTAN,1941,8.6,12.6,18.2,23.4,27.6,29.5,29.1,28.7,25.3,23.5,15.9,11.5,23.1,29.1,21.6,10.3,1.5,5.7,11.2,16.3,20.2,22.6,23.3,23.0,18.6,15.5,8.0,4.1,15.9,22.9,14.0,3.2,15.7,19.5,25.2,30.6,35.1,36.5,35.0,34.4,32.1,31.4,23.9,18.8,30.3,35.3,29.1,17.3,2.6,2.3,3.6,3.9,2.6,1.5,4.4,3.1,2.8,0.7,0.7,2.2,10.0,9.0,4.3,10.2,18.0,13.7,23.6,26.8,10.5,10.2,51.8,28.8,22.5,2.9,4.0,16.1,60.9,90.9,29.4,99.1
PAKISTAN,1942,8.4,10.9,17.6,23.1,26.7,29.5,28.6,27.2,25.0,21.3,16.7,9.5,22.4,28.4,21.0,9.7,1.4,4.1,10.6,15.9,19.4,22.8,22.8,21.5,18.3,13.4,8.8,2.1,15.3,22.4,13.5,2.6,15.5,17.6,24.6,30.4,34.0,36.2,34.5,32.9,31.7,29.2,24.6,16.9,29.7,34.6,28.5,16.8,4.1,3.9,3.3,3.8,5.3,3.6,6.7,3.7,2.6,1.1,1.0,2.2,12.4,14.0,4.6,7.4,41.9,41.2,19.9,18.6,30.0,28.3,87.2,43.3,22.0,4.7,4.9,21.4,68.5,158.9,31.6,73.5
PAKISTAN,1943,8.1,11.3,16.6,20.8,26.0,28.8,28.7,27.6,25.7,20.9,15.7,12.1,21.1,28.4,20.8,10.4,1.1,4.5,9.7,13.7,18.8,22.0,22.8,22.0,19.1,13.0,7.8,4.8,14.1,22.3,13.3,3.3,15.2,18.2,23.4,28.1,33.3,35.7,34.7,33.4,32.4,28.8,23.6,19.5,28.3,34.6,28.3,17.6,3.4,1.7,3.6,4.5,4.5,2.2,4.6,3.6,2.1,0.5,0.6,1.1,12.7,10.3,3.2,8.7,43.4,8.7,25.0,26.5,20.6,11.0,49.4,38.1,17.9,3.9,3.0,6.4,72.2,98.5,24.8,91.8
PAKISTAN,1944,8.8,10.3,16.4,21.5,27.0,29.4,29.3,27.6,24.7,20.6,15.8,9.6,21.6,28.8,20.3,8.9,1.7,3.3,9.2,14.3,19.7,22.6,23.4,21.8,18.0,12.7,7.9,2.3,14.4,22.6,12.9,1.8,16.0,17.4,23.6,28.8,34.4,36.2,35.3,33.3,31.4,28.5,23.7,16.9,28.9,35.0,27.9,16.0,3.5,4.2,4.2,4.3,2.4,2.2,6.3,6.8,2.9,1.1,1.3,2.5,10.9,15.3,5.3,7.7,37.0,48.3,31.4,27.6,9.4,11.7,84.5,110.8,17.9,5.0,8.1,24.7,68.4,207.0,31.0,71.3
PAKISTAN,1945,7.1,9.9,16.4,20.5,25.8,29.2,28.5,28.0,25.6,20.9,15.5,9.4,20.9,28.6,20.7,10.3,-0.0,3.0,9.4,13.3,18.5,22.4,22.7,22.2,18.9,12.7,7.7,2.0,13.8,22.4,13.1,3.1,14.2,16.8,23.3,27.8,33.2,36.1,34.4,33.7,32.3,29.0,23.4,16.9,28.1,34.7,28.3,17.5,3.4,1.8,3.4,4.5,2.6,3.2,6.0,3.7,2.4,1.0,1.1,1.6,10.5,12.9,4.5,6.8,32.9,13.7,25.6,26.6,13.0,24.8,89.0,42.3,24.5,5.4,5.5,11.7,65.1,156.0,35.4,49.3
PAKISTAN,1946,9.0,12.4,16.0,24.5,27.6,29.8,29.2,27.9,25.5,22.4,14.1,8.6,22.7,29.0,20.6,9.4,1.9,5.4,9.0,17.2,20.2,22.9,23.4,22.2,18.7,14.4,6.0,1.2,15.5,22.8,13.0,2.2,16.2,19.4,23.0,31.9,35.1,36.6,35.1,33.6,32.3,30.4,22.2,16.1,30.0,35.1,28.3,16.6,2.2,2.9,3.1,2.1,2.1,2.3,3.3,5.1,1.4,1.4,1.0,1.9,7.3,10.7,3.8,7.6,14.9,22.7,16.3,8.6,7.4,13.3,36.3,65.1,8.3,7.7,5.7,12.5,32.3,114.8,21.7,62.9
PAKISTAN,1947,8.4,11.2,17.4,22.9,27.2,29.9,29.4,28.8,25.9,20.5,17.1,10.4,22.5,29.4,21.2,10.0,1.2,4.2,10.2,15.5,19.9,23.1,23.6,23.0,19.2,12.6,9.0,2.8,15.2,23.2,13.6,2.7,15.6,18.2,24.6,30.3,34.6,36.7,35.3,34.6,32.6,28.5,25.2,18.0,29.8,35.5,28.8,17.4,2.6,3.0,3.2,1.4,3.2,2.0,4.0,4.1,1.6,0.8,0.8,1.8,7.8,10.0,3.2,7.4,25.2,25.3,19.3,7.0,16.1,11.2,33.7,47.9,23.4,3.9,5.7,14.6,42.3,92.8,32.9,64.2
PAKISTAN,1948,9.0,10.6,15.9,22.8,27.7,28.9,29.4,27.5,25.8,21.6,14.2,10.5,22.1,28.6,20.5,10.1,1.6,3.6,8.9,15.7,20.4,22.1,23.5,21.9,19.1,13.6,6.1,3.2,15.0,22.5,12.9,2.9,16.5,17.7,22.9,29.9,35.1,35.8,35.2,33.2,32.5,29.7,22.4,17.9,29.3,34.7,28.2,17.3,1.7,3.9,4.2,3.9,2.1,4.1,6.0,3.6,1.5,0.5,0.6,2.6,10.2,13.8,2.5,7.3,11.0,38.6,44.1,22.4,9.5,21.0,74.6,45.0,12.4,2.4,3.9,25.2,75.9,140.7,18.8,56.2
PAKISTAN,1949,9.1,10.6,16.5,22.9,28.0,28.1,29.1,27.4,26.5,20.1,13.5,10.0,22.5,28.2,20.0,9.0,2.0,3.6,9.6,15.8,20.7,21.4,23.3,21.8,19.8,12.2,5.4,2.5,15.4,22.2,12.4,1.8,16.3,17.6,23.4,30.2,35.4,34.8,35.0,33.1,33.2,28.0,21.5,17.5,29.7,34.3,27.6,16.2,2.0,2.8,4.4,2.3,1.9,2.6,3.9,4.5,2.0,0.5,0.3,1.3,8.7,11.0,2.9,8.1,12.5,18.5,32.4,11.2,9.3,18.8,54.6,58.9,17.3,2.4,2.4,7.3,52.9,132.2,22.1,80.0
PAKISTAN,1950,8.8,8.2,15.0,19.9,26.4,29.3,28.8,27.5,24.5,20.6,13.8,8.0,20.5,28.5,19.6,8.8,1.7,1.2,8.0,12.7,19.0,22.4,23.0,21.8,17.8,12.6,5.8,0.4,13.3,22.4,12.0,1.5,15.9,15.3,22.0,27.2,33.9,36.1,34.7,33.2,31.2,28.7,21.8,15.6,27.7,34.7,27.2,16.1,4.4,2.4,3.2,4.1,2.7,1.3,5.3,3.8,3.3,0.4,0.4,0.4,10.1,10.5,4.0,4.8,53.2,19.5,28.6,22.9,12.9,7.1,67.5,49.3,30.8,2.3,3.3,1.4,64.4,123.9,36.4,39.6
PAKISTAN,1951,8.5,9.9,15.6,19.7,25.8,28.3,29.2,27.6,26.2,23.5,16.2,11.6,20.4,28.4,22.0,11.1,1.3,2.9,8.7,12.5,18.5,21.5,23.4,21.8,19.5,15.8,8.1,4.1,13.2,22.2,14.5,3.9,15.7,16.9,22.5,27.0,33.2,35.2,35.0,33.5,33.0,31.2,24.4,19.2,27.5,34.6,29.5,18.3,2.0,2.5,4.2,4.1,4.5,2.1,3.9,4.1,1.0,1.2,1.5,1.1,12.7,10.0,3.8,6.0,15.9,22.3,39.4,22.6,23.7,11.6,26.5,46.6,4.7,5.2,9.7,5.7,85.7,84.7,19.6,49.7
PAKISTAN,1952,9.2,12.4,16.0,23.1,26.7,29.4,28.7,27.2,25.0,20.7,15.1,10.2,21.9,28.4,20.3,10.6,2.1,5.4,9.0,15.9,19.4,22.5,22.9,21.5,18.3,12.4,7.0,2.7,14.7,22.3,12.6,3.2,16.3,19.4,23.0,30.3,34.2,36.3,34.6,32.9,31.8,29.0,23.2,17.8,29.2,34.6,28.0,17.9,2.2,2.7,2.9,2.7,2.1,1.5,4.7,2.8,1.3,0.5,0.5,1.8,7.7,9.1,2.3,7.1,19.6,24.4,21.6,13.5,7.8,13.6,58.0,28.1,6.7,1.2,2.3,15.9,42.9,99.7,10.3,60.3
PAKISTAN,1953,8.6,12.9,18.5,22.2,26.5,29.4,29.4,27.6,25.3,20.7,15.6,12.7,22.4,28.8,20.5,10.7,1.2,5.8,11.7,15.0,19.3,22.6,23.5,21.9,18.5,12.7,7.7,5.5,15.3,22.6,13.0,3.6,16.1,20.0,25.4,29.4,33.7,36.2,35.4,33.4,32.1,28.7,23.5,19.9,29.5,35.0,28.1,17.7,2.6,2.6,2.0,3.5,3.1,3.0,4.6,5.0,2.2,1.1,0.8,1.9,8.7,12.6,4.1,10.7,23.5,20.9,18.6,17.9,15.1,23.3,46.6,81.8,20.4,8.2,4.7,14.7,51.5,151.7,33.3,115.0
PAKISTAN,1954,8.3,11.0,16.5,22.0,27.1,29.4,28.9,28.2,25.7,19.5,15.5,10.2,21.9,28.8,20.2,10.2,1.2,4.2,9.6,14.8,19.6,22.6,23.2,22.6,19.1,11.6,7.6,2.5,14.7,22.8,12.8,2.9,15.5,17.8,23.5,29.3,34.6,36.2,34.6,33.8,32.4,27.5,23.4,17.9,29.1,34.9,27.8,17.6,3.8,5.1,2.8,3.2,2.4,2.3,3.7,1.9,3.4,1.5,1.0,0.6,8.4,7.9,5.8,4.3,43.1,57.2,19.8,16.7,10.6,11.5,32.2,26.6,47.7,7.2,4.1,3.8,47.2,70.3,59.1,39.3
PAKISTAN,1955,8.6,12.0,18.0,20.3,24.6,29.0,29.0,27.6,25.6,20.4,15.1,11.2,21.0,28.5,20.4,10.3,1.5,4.7,11.3,13.0,17.5,22.4,23.1,22.0,19.0,12.6,6.8,3.8,13.9,22.5,12.8,3.1,15.7,19.3,24.8,27.6,31.8,35.7,34.9,33.2,32.2,28.3,23.3,18.6,28.0,34.6,27.9,17.5,2.4,1.3,4.1,2.2,4.5,1.8,3.3,5.5,2.9,1.2,0.2,2.1,10.8,10.6,4.3,7.4,27.6,7.9,42.5,7.9,25.1,8.0,27.9,78.1,38.7,6.8,1.2,16.2,75.5,114.0,46.8,65.9
PAKISTAN,1956,8.4,11.3,16.3,22.0,28.0,28.8,27.4,26.6,25.9,20.2,14.7,10.5,22.1,27.6,20.3,9.3,1.4,4.1,9.6,14.9,20.6,22.0,21.6,21.1,19.4,12.4,6.3,3.2,15.0,21.6,12.7,2.5,15.4,18.6,23.1,29.2,35.6,35.5,33.1,32.2,32.4,28.1,23.1,17.8,29.3,33.6,27.9,16.2,3.0,2.3,5.3,3.9,0.8,4.0,8.5,4.6,1.7,2.8,0.2,1.5,10.0,17.1,4.7,7.3,32.5,17.1,49.9,30.2,2.1,37.4,117.5,75.5,11.3,18.6,1.6,13.7,82.2,230.3,31.5,82.3
PAKISTAN,1957,7.8,9.6,15.4,19.6,23.9,28.3,29.0,27.6,24.6,20.7,15.6,10.6,19.7,28.3,20.3,10.8,1.3,2.8,8.6,12.8,16.8,21.6,23.3,21.9,17.9,12.9,7.9,3.4,12.7,22.3,12.9,3.7,14.4,16.5,22.3,26.5,31.0,35.0,34.8,33.2,31.3,28.5,23.3,17.8,26.6,34.3,27.7,18.0,4.0,1.8,4.1,5.6,4.6,2.7,3.3,3.7,1.1,1.8,3.1,3.0,14.3,9.7,6.0,7.1,55.7,12.9,31.3,45.2,23.5,18.3,26.7,45.6,8.3,12.8,21.8,32.1,100.0,90.6,43.0,64.7
PAKISTAN,1958,10.6,11.4,17.5,23.6,25.9,29.5,29.3,28.1,25.6,21.0,15.1,11.7,22.3,29.0,20.6,10.1,3.6,4.1,10.3,16.5,18.6,22.6,23.6,22.5,19.0,13.1,7.3,4.7,15.2,22.9,13.2,3.2,17.6,18.7,24.7,30.8,33.1,36.5,35.0,33.8,32.1,28.9,23.0,18.8,29.5,35.1,28.0,17.1,2.6,1.4,2.3,2.3,2.3,2.2,4.5,2.6,3.0,0.8,1.0,4.2,6.9,9.2,4.8,11.2,23.9,8.7,13.9,13.1,12.5,11.6,60.7,25.2,34.2,4.0,7.9,53.0,39.5,97.5,46.1,117.3
PAKISTAN,1959,8.5,10.1,17.5,22.5,26.0,29.6,28.2,28.1,26.2,22.4,14.9,10.0,22.0,28.6,21.2,10.7,1.4,3.4,10.4,15.1,18.8,22.8,22.5,22.5,19.5,14.5,7.1,2.7,14.8,22.6,13.7,3.3,15.6,16.9,24.5,29.9,33.1,36.4,34.0,33.7,32.9,30.4,22.6,17.4,29.2,34.7,28.6,18.0,3.5,3.5,3.3,3.4,4.9,1.5,6.6,4.1,3.2,1.5,3.6,1.6,11.7,12.2,8.3,4.9,33.3,31.0,22.9,21.3,32.1,7.1,113.7,46.1,34.4,7.5,22.3,16.4,76.4,166.9,64.1,41.7
PAKISTAN,1960,8.7,13.3,14.8,20.1,25.7,29.5,28.8,28.3,26.0,21.0,14.9,9.9,20.2,28.9,20.6,9.5,1.3,5.9,8.0,13.2,18.4,22.6,23.0,22.5,19.4,13.0,6.9,2.2,13.2,22.7,13.1,2.3,16.0,20.6,21.7,27.2,33.0,36.5,34.6,34.1,32.6,29.1,22.8,17.6,27.3,35.0,28.2,16.7,1.8,1.5,4.1,4.3,2.7,1.6,5.0,3.2,1.8,0.2,0.9,2.6,11.1,9.7,2.9,8.5,11.6,13.7,39.0,27.6,14.3,9.4,59.4,35.4,15.3,1.0,5.2,25.5,80.9,104.2,21.5,84.5
PAKISTAN,1961,9.2,9.3,17.1,20.5,26.4,28.8,28.9,27.9,26.5,20.4,14.0,9.8,21.3,28.5,20.3,10.1,2.2,2.4,10.0,13.3,19.0,22.0,23.1,22.2,19.9,12.4,6.0,2.2,14.1,22.4,12.8,2.7,16.3,16.2,24.1,27.7,33.9,35.7,34.7,33.7,33.1,28.4,22.1,17.5,28.6,34.7,27.9,17.6,3.1,2.8,2.8,5.2,2.5,4.1,6.7,4.1,3.0,1.3,1.4,1.5,10.6,14.9,5.8,5.6,30.8,28.1,13.8,34.6,13.9,23.7,94.1,48.5,41.7,8.6,8.9,11.8,62.3,166.3,59.1,35.1
PAKISTAN,1962,8.1,12.3,16.7,22.3,26.1,28.9,29.0,27.8,24.3,20.3,14.2,9.8,21.7,28.6,19.6,10.8,0.7,5.1,9.5,15.0,18.8,21.9,23.3,22.2,17.8,12.4,6.3,2.1,14.4,22.5,12.2,3.3,15.6,19.6,24.0,29.5,33.5,36.0,34.8,33.5,30.8,28.3,22.2,17.4,29.0,34.8,27.1,18.3,1.6,2.5,3.8,3.0,3.3,2.2,4.4,4.1,4.2,0.8,1.5,2.8,10.2,10.8,6.5,5.2,7.0,16.4,23.3,20.9,13.4,11.1,46.4,46.9,46.1,3.3,10.3,22.4,57.6,104.4,59.8,37.6
PAKISTAN,1963,9.2,13.4,16.6,21.6,24.9,29.7,29.6,28.0,25.3,22.4,16.2,10.8,21.0,29.1,21.3,9.3,1.4,6.4,9.5,14.5,17.8,23.0,23.9,22.5,18.7,14.6,8.6,3.3,13.9,23.1,13.9,2.3,17.0,20.5,23.7,28.7,32.1,36.6,35.4,33.6,32.1,30.2,23.9,18.3,28.2,35.2,28.7,16.4,0.2,2.3,4.3,4.6,5.1,1.8,3.1,2.9,1.3,1.2,1.9,1.8,14.0,7.7,4.3,7.9,1.3,13.9,36.2,28.7,31.3,5.6,21.2,28.3,13.8,3.6,14.7,12.3,96.1,55.0,32.2,64.2
PAKISTAN,1964,6.1,11.0,18.0,22.4,25.9,28.4,28.4,28.3,25.1,19.7,14.0,8.8,22.1,28.4,19.6,10.2,-0.7,4.2,11.0,15.5,18.5,21.6,22.8,22.6,18.6,11.6,5.7,1.4,15.0,22.3,12.0,3.2,13.0,17.8,25.0,29.4,33.3,35.2,34.1,34.0,31.6,27.8,22.3,16.3,29.2,34.5,27.3,17.3,3.7,2.4,3.1,3.2,2.3,2.2,6.7,4.1,2.0,0.3,0.4,1.9,8.5,13.0,2.7,7.0,34.0,17.9,17.6,21.2,11.3,19.9,79.6,55.4,16.4,1.7,1.3,13.4,50.1,154.9,19.4,59.0
PAKISTAN,1965,10.7,11.2,16.0,19.1,24.9,29.0,28.6,27.0,25.1,22.4,16.5,9.6,20.0,28.2,21.4,11.2,3.8,4.4,9.0,12.1,17.5,22.1,22.9,21.3,18.4,14.7,8.7,1.8,12.9,22.1,13.9,3.9,17.6,18.0,23.1,26.2,32.3,35.9,34.3,32.7,31.9,30.3,24.4,17.4,27.2,34.3,28.9,18.6,2.6,2.5,3.0,6.2,4.2,1.2,5.5,3.5,1.0,1.3,1.8,1.4,13.4,10.1,4.1,5.9,23.8,21.8,19.1,50.8,23.9,5.3,63.7,34.1,5.2,7.1,10.4,10.3,93.8,103.2,22.7,51.0
PAKISTAN,1966,10.5,13.5,16.0,20.7,25.9,29.1,28.7,27.6,24.9,21.4,13.6,9.5,20.9,28.5,20.0,9.8,2.9,6.8,9.2,13.6,18.5,22.2,22.9,22.0,18.4,13.8,5.4,1.8,13.8,22.4,12.5,2.5,18.1,20.3,23.0,27.9,33.3,36.0,34.5,33.2,31.4,29.1,21.9,17.2,28.0,34.6,27.5,17.2,0.5,4.0,3.8,5.0,3.0,1.9,5.5,3.8,3.6,2.6,0.2,0.8,11.8,11.2,6.4,4.4,1.5,39.3,35.4,28.3,13.8,13.7,47.5,34.9,24.2,14.5,0.7,3.6,77.5,96.1,39.4,33.6
PAKISTAN,1967,7.4,12.6,15.6,20.7,25.1,28.9,29.2,27.3,25.6,20.8,16.0,9.9,20.4,28.5,20.8,9.0,-0.1,5.8,8.6,13.6,17.9,22.1,23.4,21.7,19.1,13.0,8.3,2.6,13.3,22.4,13.5,1.8,14.9,19.4,22.5,27.9,32.4,35.8,35.0,33.0,32.1,28.7,23.7,17.4,27.6,34.6,28.2,16.1,0.6,3.0,5.6,3.9,2.8,1.9,4.8,4.9,2.8,1.6,1.3,3.9,12.4,11.7,5.7,10.2,4.0,26.0,53.9,21.4,24.6,9.5,69.7,71.7,17.9,10.2,7.1,47.2,100.0,150.9,35.1,97.2
PAKISTAN,1968,7.9,9.0,16.6,21.5,24.3,29.4,28.9,27.7,25.6,20.8,15.7,10.6,20.8,28.7,20.7,9.9,0.8,2.2,9.7,14.5,17.2,22.6,23.1,21.9,18.7,13.0,7.8,3.5,13.8,22.5,13.2,3.0,15.1,15.9,23.5,28.6,31.5,36.2,34.9,33.6,32.5,28.7,23.7,17.7,27.9,34.9,28.3,16.8,3.0,3.4,3.3,2.5,3.6,2.3,3.5,3.6,0.4,1.3,0.8,1.9,9.3,9.4,2.5,6.5,24.9,25.1,18.9,15.2,19.0,7.8,30.2,36.4,1.6,7.8,6.4,13.8,53.1,74.4,15.7,47.6
PAKISTAN,1969,8.7,10.3,19.0,22.1,25.3,29.4,29.4,27.8,25.2,22.1,15.9,11.8,22.1,28.9,21.1,10.9,1.8,3.6,12.2,15.1,18.0,22.5,23.6,22.1,18.6,14.3,8.1,4.2,15.1,22.8,13.7,3.7,15.6,17.0,26.0,29.1,32.6,36.3,35.2,33.5,32.0,29.9,23.8,19.5,29.2,35.0,28.6,18.2,1.8,2.8,3.2,4.5,3.8,2.2,5.9,2.3,1.8,2.2,0.6,0.4,11.5,10.4,4.6,6.0,12.5,21.3,18.3,28.9,18.1,10.8,54.4,19.6,12.1,10.4,2.9,1.9,65.3,84.8,25.4,54.4
PAKISTAN,1970,9.3,11.6,15.7,23.1,27.3,29.2,28.9,28.7,25.6,21.9,15.1,10.7,22.1,28.9,20.9,10.0,2.3,4.5,8.8,15.9,19.8,22.4,23.1,22.9,19.0,14.0,6.7,3.1,14.8,22.8,13.2,2.7,16.3,18.7,22.7,30.5,34.9,36.1,34.8,34.4,32.2,29.9,23.6,18.3,29.3,35.1,28.6,17.4,2.7,2.9,4.1,2.3,2.1,2.4,5.9,5.4,4.3,1.2,0.1,0.8,8.4,13.6,5.6,4.0,28.6,23.9,30.6,14.3,9.3,16.8,46.6,80.2,42.2,7.2,0.6,4.1,54.2,143.6,49.9,29.5
PAKISTAN,1971,7.9,11.4,17.1,23.5,26.8,29.1,28.2,27.5,24.7,20.3,15.8,11.3,22.4,28.3,20.3,9.3,0.5,4.3,9.8,16.2,19.4,22.3,22.5,21.8,18.0,12.2,7.8,3.6,15.1,22.2,12.6,2.1,15.2,18.5,24.4,30.8,34.2,35.9,34.1,33.3,31.4,28.6,23.9,19.0,29.8,34.4,28.0,16.5,1.2,2.0,1.6,2.4,1.8,2.6,3.4,3.4,2.5,0.3,0.5,0.7,5.8,9.4,3.3,5.8,6.4,19.0,9.7,13.9,10.9,20.4,45.2,41.5,20.0,1.5,2.2,6.5,34.5,107.1,23.7,55.9
PAKISTAN,1972,8.7,7.7,16.3,20.8,26.1,29.4,28.5,27.1,24.7,20.6,16.1,10.1,21.1,28.3,20.5,9.9,1.7,0.8,9.4,13.6,18.8,22.4,22.6,21.4,17.9,12.5,8.0,2.9,13.9,22.2,12.8,2.6,15.8,14.7,23.2,28.2,33.5,36.4,34.4,32.7,31.5,28.8,24.3,17.5,28.3,34.5,28.2,17.1,2.4,2.6,2.9,2.4,2.5,3.2,4.3,3.0,2.5,1.1,1.3,2.5,7.8,10.4,4.9,7.0,31.7,17.7,33.9,19.3,22.3,23.3,37.4,30.6,15.5,4.8,6.4,22.2,75.5,91.3,26.7,65.5
PAKISTAN,1973,7.3,12.1,16.2,22.9,27.1,30.3,28.7,27.6,25.7,20.7,15.2,9.7,22.1,28.9,20.5,8.9,0.2,4.9,9.2,15.5,19.7,23.4,22.9,21.9,19.1,12.5,6.7,2.0,14.8,22.8,12.8,1.7,14.5,19.4,23.3,30.3,34.6,37.2,34.5,33.4,32.4,29.0,23.7,17.5,29.4,35.0,28.4,16.0,2.1,2.5,3.2,2.8,3.7,1.2,6.7,4.6,2.7,0.6,0.1,2.3,9.7,12.5,3.4,8.0,24.4,18.9,31.1,16.5,18.7,7.1,87.7,64.8,19.3,2.8,0.7,13.9,66.4,159.6,22.8,60.4
PAKISTAN,1974,8.3,8.6,18.0,23.1,26.1,28.4,29.1,28.0,25.9,19.9,14.8,9.4,22.4,28.5,20.2,9.0,1.3,1.9,11.0,15.8,18.8,21.7,23.3,22.3,19.3,11.7,6.5,2.2,15.2,22.4,12.5,1.9,15.3,15.3,25.0,30.4,33.5,35.3,34.9,33.8,32.6,28.1,23.2,16.6,29.6,34.7,28.0,16.1,2.3,3.4,2.5,3.0,2.9,2.9,4.1,2.4,1.3,0.5,0.3,2.2,8.5,9.5,2.1,7.9,17.5,29.0,11.3,12.9,15.0,22.1,39.0,24.5,11.1,1.8,1.1,15.9,39.2,85.6,14.0,65.8
PAKISTAN,1975,7.7,9.9,15.2,21.4,26.4,28.4,28.2,27.6,25.3,21.0,14.1,10.6,21.0,28.1,20.1,10.3,0.5,3.0,8.2,14.3,19.0,21.6,22.3,22.0,18.8,13.0,6.0,3.1,13.8,22.0,12.6,3.2,14.9,16.8,22.2,28.6,33.8,35.2,34.2,33.3,31.8,29.1,22.2,18.2,28.2,34.2,27.7,17.5,2.3,3.4,3.9,3.5,2.9,2.8,5.8,7.2,3.5,0.3,0.5,1.3,10.3,15.7,4.3,8.1,25.4,24.5,27.8,19.7,18.9,23.6,60.3,100.2,39.5,4.1,3.1,7.8,66.5,184.1,46.6,73.6
PAKISTAN,1976,9.7,10.6,15.0,20.9,26.3,28.2,29.0,27.0,25.4,22.0,14.9,10.4,20.7,28.1,20.8,9.8,2.5,4.0,8.3,13.8,18.8,21.3,23.0,21.2,18.7,14.4,7.0,2.9,13.6,21.8,13.3,2.6,16.9,17.3,21.7,28.1,33.8,35.2,35.1,32.9,32.0,29.7,22.9,17.9,27.9,34.4,28.2,17.0,2.7,4.1,4.9,3.8,2.3,3.4,5.6,5.5,3.7,1.7,0.3,0.8,11.0,14.5,5.7,5.4,24.3,41.6,45.6,20.0,8.1,19.9,71.5,94.4,46.4,6.8,1.4,3.6,73.8,185.8,54.6,47.4
PAKISTAN,1977,7.8,11.3,18.7,22.4,25.8,29.0,28.9,27.7,25.0,22.5,17.1,11.8,22.3,28.5,21.6,10.3,1.1,3.9,11.2,15.0,18.3,22.1,23.1,22.0,18.3,14.8,9.3,4.5,14.8,22.4,14.2,3.0,14.5,18.7,26.3,29.9,33.2,35.9,34.7,33.4,31.8,30.3,24.9,19.3,29.8,34.7,29.0,17.5,3.6,1.0,1.5,4.2,3.2,3.8,5.9,4.2,3.7,1.3,2.2,1.8,8.9,13.9,7.2,6.8,40.2,3.7,4.9,23.7,14.0,30.9,76.3,38.0,30.0,7.7,10.0,11.5,42.6,145.2,47.7,44.9
PAKISTAN,1978,8.2,10.7,14.9,22.5,27.8,29.9,27.9,27.7,25.4,21.3,15.6,11.5,21.7,28.5,20.8,10.6,0.9,3.7,7.9,15.1,20.3,23.0,22.1,22.0,18.7,13.3,8.0,4.0,14.4,22.4,13.3,3.4,15.6,17.7,22.0,29.9,35.3,36.8,33.7,33.4,32.2,29.3,23.3,19.2,29.1,34.7,28.3,17.9,2.5,2.5,4.7,3.6,1.5,2.4,8.7,4.4,1.6,0.4,1.9,0.7,9.8,15.5,3.9,8.0,18.1,15.3,39.8,14.4,9.4,20.8,147.7,60.6,14.2,1.5,19.2,4.1,63.6,229.1,34.8,68.4
PAKISTAN,1979,9.4,10.8,14.5,22.9,24.4,29.6,29.5,27.3,25.0,21.6,15.5,11.3,20.6,28.8,20.7,10.7,2.3,3.8,7.8,15.8,17.3,22.8,23.6,21.7,18.3,13.6,7.5,4.1,13.6,22.7,13.1,3.7,16.6,17.8,21.4,30.1,31.5,36.5,35.4,32.9,31.8,29.7,23.5,18.7,27.7,34.9,28.3,17.8,3.4,4.0,4.9,3.6,3.6,2.1,2.5,5.0,2.4,1.1,1.4,2.2,12.1,9.6,4.8,7.7,26.7,37.7,40.9,26.4,19.7,12.8,24.7,70.8,16.5,4.5,10.5,22.9,87.0,108.3,31.4,65.8
PAKISTAN,1980,9.1,11.8,15.6,23.7,27.0,29.4,29.0,28.0,25.5,22.0,15.9,11.1,22.1,28.8,21.1,10.9,2.1,5.1,8.8,16.5,19.6,22.6,23.1,22.3,18.7,14.2,7.9,3.7,15.0,22.7,13.6,3.7,16.1,18.5,22.4,31.0,34.4,36.3,34.9,33.8,32.3,29.8,23.8,18.6,29.3,35.0,28.6,18.1,2.5,3.0,4.6,2.5,2.1,4.0,4.8,4.2,2.2,1.8,1.6,1.7,9.3,13.1,5.6,8.2,17.0,25.9,37.8,8.6,13.0,30.0,61.8,35.8,18.9,9.8,10.6,15.4,59.3,127.6,39.3,71.3
PAKISTAN,1981,9.6,11.9,16.4,22.9,26.9,29.4,28.7,27.6,25.7,20.5,14.9,11.2,22.0,28.5,20.4,10.0,2.5,4.9,9.4,15.5,19.4,22.5,23.1,21.9,18.7,12.6,6.7,3.6,14.8,22.5,12.7,2.8,16.7,19.0,23.4,30.4,34.4,36.3,34.3,33.3,32.7,28.5,23.2,18.9,29.4,34.7,28.1,17.1,3.1,3.3,5.6,2.7,3.8,2.1,6.6,4.0,0.9,2.1,1.4,0.5,12.2,12.8,4.4,7.2,28.1,27.8,59.5,25.7,16.4,10.3,82.8,39.7,6.6,7.9,6.2,3.3,101.6,132.7,20.7,66.4
PAKISTAN,1982,9.3,9.4,14.1,21.3,24.7,29.0,29.3,27.8,25.1,21.8,15.4,10.3,20.1,28.7,20.8,9.8,2.2,2.7,7.3,14.0,17.4,22.1,23.3,22.2,18.4,14.0,7.8,3.0,12.9,22.5,13.4,2.6,16.4,16.1,20.9,28.7,32.2,36.0,35.3,33.5,32.0,29.6,23.1,17.6,27.3,35.0,28.2,17.1,3.0,3.6,5.7,3.9,4.9,1.7,3.1,4.6,1.2,2.4,2.3,2.4,14.5,9.4,5.9,7.7,25.0,38.1,60.8,24.8,25.7,7.1,31.0,59.0,5.6,16.2,23.3,26.2,111.3,97.1,45.1,67.6
PAKISTAN,1983,8.9,10.3,14.5,19.3,25.9,29.0,28.9,28.1,26.5,20.7,15.4,10.4,19.9,28.7,20.9,9.1,1.7,3.1,7.6,12.1,18.4,22.0,23.1,22.5,19.8,12.5,6.9,2.8,12.7,22.5,13.1,1.9,16.1,17.5,21.5,26.5,33.5,36.0,34.9,33.8,33.2,28.9,24.0,17.9,27.2,34.9,28.7,16.3,2.2,3.2,4.1,6.9,4.2,2.6,6.1,6.5,2.3,0.9,0.4,1.3,15.2,15.2,3.6,4.8,17.8,23.6,35.5,47.9,23.9,14.3,58.4,103.6,16.5,5.8,1.0,8.4,107.3,176.3,23.3,31.4
PAKISTAN,1984,8.3,8.6,18.2,22.6,27.5,30.0,28.5,28.0,24.6,19.8,15.6,10.2,22.8,28.8,20.0,10.5,1.2,1.7,11.2,15.3,20.1,23.1,22.7,22.1,17.9,11.7,7.8,3.1,15.5,22.6,12.5,3.5,15.5,15.5,25.3,29.8,34.9,37.0,34.4,33.8,31.3,28.0,23.6,17.3,30.0,35.1,27.6,17.6,1.3,2.2,3.4,4.2,2.0,2.2,4.5,4.9,3.5,0.3,1.0,2.2,9.7,11.6,4.7,5.6,7.5,15.5,23.4,20.3,14.7,11.4,51.5,80.3,30.9,1.5,6.6,12.7,58.4,143.3,38.9,31.6
PAKISTAN,1985,9.1,12.3,18.0,22.0,26.5,29.3,28.7,27.3,25.3,20.4,15.8,10.9,22.2,28.4,20.5,9.9,2.2,5.2,11.1,14.8,19.3,22.5,23.0,21.9,18.6,12.8,7.8,3.8,15.1,22.4,13.1,2.8,16.1,19.6,25.0,29.3,33.8,36.1,34.4,32.8,32.1,28.2,23.7,18.0,29.4,34.5,28.0,17.0,2.1,1.3,2.6,4.8,2.2,1.6,5.1,4.1,0.7,2.2,0.5,3.0,9.6,10.8,3.4,7.4,14.3,4.7,11.1,31.2,13.6,8.3,58.9,54.5,5.2,7.9,1.7,33.0,55.9,121.6,14.8,70.8
PAKISTAN,1986,8.3,10.5,15.3,21.9,26.0,29.2,28.2,26.9,25.0,21.8,15.9,9.2,21.1,28.1,20.9,10.3,1.0,3.7,8.6,14.9,18.8,22.7,22.6,21.4,18.3,14.0,8.3,2.2,14.1,22.2,13.5,3.2,15.6,17.3,22.0,29.1,33.3,35.8,33.9,32.5,31.7,29.6,23.6,16.4,28.1,34.1,28.3,17.5,1.1,3.4,4.6,3.9,3.4,3.1,4.8,6.5,1.9,0.7,2.5,1.8,11.8,14.4,5.0,6.1,5.0,32.7,37.1,20.9,14.3,24.3,45.8,98.2,9.8,4.1,24.9,18.0,72.2,168.3,38.8,50.7
PAKISTAN,1987,9.7,12.1,16.8,22.2,24.4,28.7,29.2,28.9,26.8,21.3,16.2,11.2,21.1,28.9,21.4,11.4,2.3,5.1,10.2,15.1,17.3,22.1,23.6,23.2,20.3,13.8,8.1,3.6,14.2,22.9,14.1,4.2,17.1,19.1,23.5,29.3,31.6,35.4,34.9,34.7,33.4,28.8,24.3,18.8,28.1,35.0,28.9,18.5,1.1,3.3,6.2,3.0,4.9,4.1,2.9,2.4,1.1,2.4,0.2,0.8,14.1,9.4,3.7,5.8,7.2,25.5,44.6,19.8,28.2,27.5,20.7,23.3,4.1,18.9,0.4,4.6,92.6,71.5,23.4,37.3
PAKISTAN,1988,10.4,12.5,16.4,23.5,28.1,29.7,29.0,27.8,26.1,21.3,16.0,11.8,22.7,28.8,21.1,9.9,3.4,5.7,9.7,16.3,20.8,22.9,23.4,22.3,19.6,13.4,7.8,4.5,15.6,22.8,13.6,2.7,17.5,19.3,23.1,30.7,35.5,36.5,34.8,33.4,32.7,29.1,24.1,19.2,29.8,34.9,28.7,17.1,2.5,2.5,4.4,1.9,1.5,3.4,7.4,6.8,2.8,1.0,0.3,2.1,7.8,17.6,4.1,6.5,17.2,15.6,44.8,8.1,3.6,19.2,104.2,58.6,26.4,4.1,0.8,17.8,56.5,182.1,31.3,44.2
PAKISTAN,1989,7.9,9.9,15.7,20.7,25.4,28.6,28.4,27.2,25.5,21.5,16.2,11.2,20.6,28.1,21.0,11.1,0.7,3.0,8.8,13.5,18.2,21.9,22.8,21.6,18.7,13.5,8.4,4.1,13.5,22.1,13.5,4.3,15.2,16.8,22.6,27.9,32.7,35.3,34.0,32.9,32.3,29.5,24.0,18.4,27.7,34.1,28.6,18.0,2.3,2.1,5.9,2.6,2.6,4.4,8.1,5.8,1.5,0.6,2.0,2.9,11.1,18.4,4.1,11.6,15.4,10.9,35.4,9.1,18.0,15.4,108.8,47.0,12.4,2.6,9.0,22.3,62.5,171.2,24.0,104.7
PAKISTAN,1990,10.9,11.3,15.4,21.9,27.6,29.4,28.9,28.0,26.1,20.7,16.2,10.7,21.6,28.8,21.0,10.0,4.1,4.7,8.4,14.9,20.4,22.7,23.1,22.4,19.5,12.8,8.0,3.4,14.6,22.7,13.4,3.1,17.7,17.9,22.4,29.0,34.8,36.3,34.7,33.7,32.8,28.6,24.3,18.1,28.7,34.9,28.6,17.0,3.8,4.8,4.2,3.4,2.7,2.6,2.9,6.0,4.4,1.0,1.6,3.6,10.2,11.5,7.0,9.2,34.3,48.1,29.9,15.9,11.6,10.4,28.2,83.5,39.7,4.5,4.2,32.9,57.4,122.1,48.4,88.9
PAKISTAN,1991,8.9,10.4,16.2,21.2,25.7,29.3,29.6,27.9,25.5,20.5,15.7,11.9,21.0,28.9,20.6,10.7,2.0,3.8,9.6,14.2,18.6,22.6,23.8,22.2,19.0,12.7,7.7,5.0,14.1,22.9,13.1,3.8,15.8,17.1,22.9,28.2,32.8,36.0,35.4,33.6,32.1,28.4,23.6,18.9,28.0,35.0,28.1,17.6,2.1,3.5,5.1,4.4,5.1,2.4,2.9,3.0,3.2,1.0,0.8,1.8,14.7,8.4,5.0,9.4,18.1,37.9,34.5,31.5,26.9,10.7,20.9,21.3,25.2,2.7,4.4,10.7,92.9,52.9,32.3,83.3
PAKISTAN,1992,9.3,10.9,15.2,20.5,25.4,29.8,28.6,27.2,24.5,21.0,15.9,12.5,20.4,28.5,20.5,11.6,2.5,4.0,8.7,13.5,18.3,23.0,22.9,21.7,17.9,13.3,7.9,5.3,13.5,22.5,13.1,4.7,16.0,17.8,21.8,27.5,32.5,36.6,34.4,32.7,31.0,28.7,23.9,19.7,27.3,34.6,27.9,18.5,4.2,3.4,4.6,5.3,5.0,2.1,5.8,6.5,4.2,1.8,1.5,1.6,15.0,14.4,7.5,7.5,45.1,27.5,33.3,36.0,21.1,6.2,45.4,65.4,32.8,8.8,7.2,12.4,90.5,117.0,48.8,51.7
PAKISTAN,1993,8.8,13.5,15.4,22.2,27.3,29.3,28.6,28.1,26.0,21.0,16.7,11.9,21.6,28.7,21.2,10.9,1.9,6.8,8.7,15.0,20.2,22.6,22.9,22.5,19.4,13.2,9.0,4.4,14.6,22.7,13.9,3.9,15.7,20.2,22.1,29.4,34.5,36.1,34.2,33.8,32.6,28.9,24.4,19.4,28.7,34.7,28.7,18.0,3.6,2.2,3.3,2.8,2.1,4.0,6.2,1.8,3.6,0.7,1.4,0.3,8.2,12.0,5.7,6.6,26.1,13.2,26.8,15.9,12.4,21.1,74.4,11.0,16.9,2.3,9.8,1.2,55.0,106.5,29.0,41.0
PAKISTAN,1994,10.0,11.0,18.2,21.0,27.0,29.8,28.3,27.8,24.1,20.5,17.1,10.9,22.1,28.6,20.6,10.5,3.0,4.2,11.3,13.9,19.9,23.1,22.7,22.2,17.6,12.9,9.2,3.7,15.0,22.6,13.2,3.5,16.9,17.9,25.1,28.0,34.2,36.6,34.0,33.4,30.6,28.2,25.0,18.1,29.1,34.7,28.0,17.5,2.6,3.6,3.1,3.8,3.8,4.1,7.7,6.6,4.5,1.3,0.7,3.5,10.6,18.4,6.5,9.0,16.5,23.4,19.7,22.9,18.4,21.7,102.9,75.6,43.1,9.7,1.6,24.4,61.0,200.2,54.4,62.2
PAKISTAN,1995,8.9,11.8,15.2,20.5,26.4,30.0,28.9,27.9,25.6,22.1,15.6,10.7,20.7,29.0,21.1,10.5,1.9,5.0,8.5,13.5,19.3,23.3,23.3,22.4,19.1,14.5,7.5,3.7,13.8,23.0,13.7,3.7,15.9,18.6,21.9,27.5,33.7,36.8,34.6,33.5,32.2,29.8,23.8,17.6,27.7,35.0,28.6,17.4,2.2,3.4,4.0,5.7,2.9,2.5,8.8,4.9,2.5,2.6,0.9,2.3,12.6,16.2,6.0,9.2,11.4,26.4,23.1,38.0,12.0,15.0,103.9,56.7,18.1,11.1,5.4,18.2,73.1,175.5,34.6,81.3
PAKISTAN,1996,8.7,12.2,17.6,22.3,25.4,28.6,28.7,27.2,26.0,20.8,14.6,10.3,21.7,28.2,20.5,10.3,1.8,5.4,11.1,15.3,18.3,22.1,23.0,21.7,19.5,12.9,6.6,2.5,14.9,22.3,13.0,2.8,15.7,19.0,24.0,29.3,32.5,35.3,34.4,32.8,32.6,28.6,22.7,18.2,28.6,34.2,28.0,17.7,3.4,3.6,5.4,3.4,4.3,5.3,4.1,3.6,1.4,3.0,0.6,0.6,13.0,13.0,5.0,4.0,26.6,36.5,40.1,22.7,32.4,48.2,33.9,57.2,12.7,11.3,3.6,5.4,95.2,139.4,27.7,28.5
PAKISTAN,1997,8.8,11.6,16.1,20.4,24.4,27.8,29.3,27.4,25.9,20.1,15.5,9.9,20.3,28.2,20.5,10.2,1.6,4.4,9.4,13.4,17.3,21.2,23.5,21.7,19.3,12.5,7.9,2.9,13.4,22.2,13.2,3.4,16.1,18.8,22.8,27.5,31.6,34.5,35.2,33.2,32.5,27.7,23.2,17.0,27.3,34.3,27.8,17.1,2.0,1.4,4.4,7.2,5.6,4.4,4.3,4.6,2.2,2.4,1.9,2.2,17.3,13.3,6.6,8.9,17.5,5.5,35.0,34.4,16.8,33.7,57.1,85.1,12.4,21.5,7.0,12.8,86.3,175.9,40.9,74.2
PAKISTAN,1998,9.3,11.4,16.0,23.2,27.0,28.9,29.2,28.6,26.1,22.1,16.0,11.9,22.1,28.9,21.4,11.1,2.5,4.7,9.4,16.2,20.0,22.3,23.6,23.2,19.6,14.4,7.8,4.2,15.2,23.0,14.0,4.0,16.2,18.1,22.7,30.3,34.1,35.5,34.9,34.0,32.6,29.8,24.1,19.6,29.0,34.8,28.9,18.3,2.8,3.9,3.6,4.0,3.8,3.5,3.9,3.5,3.1,1.1,0.1,0.4,11.4,10.9,4.3,7.3,29.0,32.3,27.7,28.2,20.8,23.8,52.2,29.9,22.8,6.1,0.3,1.7,76.6,105.9,29.2,59.4
PAKISTAN,1999,9.1,12.4,17.1,23.5,27.1,29.4,29.3,27.9,26.8,22.4,17.2,11.6,22.6,28.9,22.1,10.7,2.2,5.7,10.3,16.3,19.9,22.7,23.7,22.3,20.3,14.6,9.4,3.8,15.5,22.9,14.8,3.4,16.1,19.2,23.9,30.8,34.3,36.2,34.9,33.6,33.4,30.2,24.9,19.4,29.7,34.9,29.5,17.9,3.5,3.4,3.5,1.5,2.4,1.8,4.2,4.4,2.9,1.0,1.5,0.2,7.5,10.4,5.4,4.5,27.7,30.0,19.4,17.3,11.2,8.7,31.3,36.1,22.8,5.6,12.2,0.6,48.0,76.0,40.6,35.0
PAKISTAN,2000,9.8,10.7,16.4,24.4,28.8,29.2,28.5,28.0,25.8,22.4,16.1,11.9,23.2,28.5,21.4,11.0,2.8,3.7,9.4,17.2,21.6,22.5,22.8,22.3,19.2,14.5,8.3,4.5,16.1,22.6,14.0,3.8,16.7,17.7,23.5,31.7,36.1,35.8,34.2,33.7,32.4,30.3,23.9,19.2,30.4,34.6,28.9,18.2,2.4,1.9,1.6,1.1,1.9,3.3,4.9,4.0,3.0,2.1,0.6,1.6,4.7,12.2,5.7,3.6,20.5,13.9,9.0,4.2,8.2,19.4,62.5,34.1,21.8,3.2,4.9,6.0,21.4,116.0,29.9,23.1
PAKISTAN,2001,8.9,12.2,17.4,23.0,28.5,29.1,28.7,28.0,25.8,22.5,16.7,12.8,23.0,28.6,21.6,11.3,1.6,5.1,10.3,15.8,21.3,22.4,23.2,22.5,19.3,14.6,8.8,5.6,15.8,22.7,14.2,4.2,16.2,19.2,24.5,30.3,35.9,35.8,34.3,33.6,32.3,30.4,24.6,20.0,30.2,34.6,29.1,18.4,0.5,1.5,2.6,3.8,2.0,5.9,6.2,3.0,2.7,0.7,1.2,1.7,8.5,15.1,4.6,5.6,4.4,12.7,14.4,18.2,10.3,44.3,67.6,27.7,12.5,2.7,12.0,8.9,43.0,139.6,27.2,39.4
PAKISTAN,2002,9.6,11.4,18.0,23.6,28.3,29.9,29.4,28.5,25.2,22.4,16.5,11.5,23.3,29.3,21.4,11.2,2.6,4.5,10.9,16.5,21.0,23.3,23.8,22.9,18.8,14.6,8.7,4.4,16.2,23.3,14.0,4.3,16.7,18.4,25.0,30.8,35.5,36.6,35.1,34.0,31.8,30.3,24.4,18.7,30.4,35.2,28.8,18.2,1.0,2.9,3.8,3.1,2.6,4.0,2.0,4.0,3.0,0.7,2.2,2.4,9.5,10.0,5.8,8.2,7.5,23.0,20.2,18.1,10.5,25.4,15.8,37.1,23.5,2.2,10.2,13.5,48.9,78.3,35.9,74.5
PAKISTAN,2003,9.8,12.3,16.9,23.2,25.9,29.9,28.6,27.9,25.6,21.6,15.2,11.2,22.0,28.8,20.8,11.5,2.8,5.6,10.1,16.1,18.8,23.3,23.0,22.4,19.2,13.8,7.4,3.9,15.0,22.9,13.5,4.5,16.8,19.0,23.7,30.2,33.0,36.6,34.3,33.4,32.1,29.5,23.1,18.4,29.0,34.8,28.2,18.5,1.7,4.0,4.1,2.9,3.2,2.1,7.1,4.7,4.0,0.9,1.0,1.5,10.3,13.8,5.9,6.6,12.0,49.0,28.4,19.3,20.2,14.7,112.1,64.3,25.1,3.8,8.6,7.6,68.0,191.1,37.5,57.5
PAKISTAN,2004,10.2,13.1,19.7,24.2,27.2,29.1,29.4,27.9,26.1,20.5,17.0,12.0,23.7,28.8,21.2,10.3,3.4,6.1,12.6,17.1,20.1,22.4,23.8,22.3,19.5,12.8,9.2,4.9,16.6,22.8,13.8,3.4,17.0,20.2,26.8,31.4,34.5,36.0,35.0,33.6,32.7,28.2,24.7,19.2,30.9,34.9,28.6,17.2,3.4,1.7,1.1,3.4,2.7,4.6,3.9,4.5,2.5,2.7,0.9,3.0,7.1,13.0,6.2,11.4,36.9,13.0,5.9,23.2,14.9,19.2,24.1,53.7,14.5,10.8,4.3,22.6,44.0,97.0,29.6,108.6
PAKISTAN,2005,8.6,10.2,17.4,21.9,25.3,29.8,29.0,28.2,26.4,21.9,16.1,10.7,21.5,29.0,21.5,11.5,1.7,3.7,10.6,14.7,18.3,23.3,23.4,22.6,19.9,14.2,8.3,3.3,14.5,23.1,14.2,4.5,15.5,16.8,24.2,29.1,32.4,36.4,34.6,33.7,33.0,29.7,24.0,18.1,28.6,34.9,28.9,18.5,3.4,5.0,5.7,3.1,4.5,1.7,5.1,3.1,3.8,0.8,1.0,0.4,13.3,9.9,5.5,4.7,33.5,52.5,39.1,19.8,25.3,7.8,54.6,29.8,31.5,4.8,7.8,5.1,84.2,92.2,44.1,42.9
PAKISTAN,2006,9.0,14.9,17.3,20.0,29.2,28.9,29.7,27.6,26.0,23.3,16.9,10.7,22.2,28.8,22.1,11.1,2.1,8.2,10.5,12.9,22.0,22.2,24.1,22.1,19.5,15.5,9.3,3.5,15.1,22.8,14.8,4.1,15.9,21.6,24.3,27.2,36.5,35.7,35.4,33.2,32.5,31.3,24.6,17.9,29.3,34.8,29.5,18.3,2.6,1.6,3.7,5.4,2.1,3.6,4.9,7.3,4.3,2.5,2.9,3.8,11.2,15.7,9.7,8.9,24.1,13.6,24.4,29.7,8.4,17.7,57.4,85.2,32.2,9.8,17.8,37.2,62.5,160.3,59.7,82.7
PAKISTAN,2007,9.7,13.0,16.4,25.1,27.3,29.2,29.1,28.4,26.2,20.9,17.2,10.7,23.0,28.9,21.4,9.4,2.5,6.2,9.6,18.1,20.2,22.5,23.5,22.8,19.6,13.1,9.2,3.5,15.9,23.0,14.0,2.5,16.9,19.9,23.3,32.2,34.6,36.0,34.8,33.9,32.7,28.8,25.3,18.0,30.0,34.9,29.0,16.4,0.8,4.3,5.7,2.6,2.8,5.0,5.6,4.4,3.5,0.3,0.9,1.7,11.0,15.0,4.6,7.7,3.1,42.4,55.5,9.0,10.3,35.4,60.0,46.9,28.7,0.8,2.3,9.2,74.8,142.3,31.7,59.3
PAKISTAN,2008,7.3,10.3,19.8,22.6,27.4,29.7,29.4,27.5,26.0,23.1,16.2,12.1,23.3,28.8,21.8,12.1,0.6,3.3,12.7,15.4,20.2,23.0,23.7,21.9,19.5,15.3,8.3,4.9,16.1,22.9,14.4,5.1,14.0,17.3,27.0,29.9,34.7,36.4,35.0,33.1,32.5,30.9,24.2,19.4,30.5,34.9,29.2,19.2,3.9,2.1,1.0,5.1,3.8,3.7,3.8,7.2,4.8,1.5,0.6,3.6,9.8,14.7,6.9,11.1,38.7,11.4,3.1,32.6,16.2,25.1,48.7,89.4,19.3,5.9,4.9,26.2,51.9,163.2,30.1,89.5
PAKISTAN,2009,10.5,13.8,18.5,22.4,28.1,29.1,29.7,29.3,26.7,21.9,15.9,11.9,23.0,29.4,21.5,11.8,3.6,6.8,11.6,15.4,20.8,22.5,23.9,23.6,20.1,14.0,7.8,4.7,15.9,23.4,14.0,4.8,17.4,20.7,25.4,29.5,35.4,35.7,35.5,35.0,33.4,29.7,24.0,19.1,30.1,35.4,29.0,18.8,4.4,3.1,4.2,5.6,3.0,4.1,4.7,4.0,3.2,0.9,1.1,1.9,12.8,12.8,5.2,5.9,34.7,28.5,24.2,29.8,10.8,18.5,52.3,31.3,16.8,3.6,7.1,15.2,64.7,102.1,27.5,53.1
PAKISTAN,2010,10.7,12.8,20.4,25.4,28.2,29.1,29.2,27.9,25.4,23.1,16.2,10.3,24.7,28.7,21.5,10.4,3.5,6.0,13.5,18.2,21.2,22.5,23.6,22.4,18.9,15.4,8.1,2.5,17.6,22.8,14.1,3.1,17.8,19.6,27.4,32.6,35.3,35.7,34.9,33.4,31.9,30.7,24.3,18.0,31.8,34.6,29.0,17.6,1.5,2.5,2.8,3.2,5.0,4.0,7.9,7.5,3.9,1.3,0.3,0.8,11.0,19.5,5.5,7.1,8.1,29.7,17.6,15.9,22.9,36.1,105.7,113.6,32.2,4.4,1.6,4.0,56.3,255.3,38.2,64.9
PAKISTAN,2011,8.9,12.0,18.0,22.4,28.5,30.2,29.2,28.3,25.7,22.1,17.9,10.6,23.0,29.2,21.9,9.7,1.8,5.1,11.2,15.2,21.4,23.6,23.5,22.9,19.3,14.5,10.3,3.1,15.9,23.3,14.7,2.6,16.0,18.9,24.9,29.6,35.7,36.9,34.8,33.8,32.1,29.8,25.5,18.2,30.1,35.2,29.2,16.8,1.8,4.5,4.0,4.5,4.1,3.8,4.8,7.0,3.5,2.2,1.5,0.8,12.7,15.7,7.2,6.3,10.8,50.1,25.9,23.4,12.1,17.8,38.8,69.6,40.1,10.1,6.9,3.3,61.5,126.2,57.1,38.6
PAKISTAN,2012,8.4,9.9,17.1,22.3,27.0,29.5,30.1,28.2,25.5,21.5,16.3,11.4,22.2,29.3,21.1,10.9,1.4,3.2,10.4,15.3,20.0,22.8,24.5,22.7,19.1,13.6,8.6,4.0,15.2,23.3,13.8,3.8,15.5,16.6,24.0,29.4,34.1,36.1,35.7,33.8,32.0,29.4,24.1,18.7,29.2,35.2,28.5,18.1,2.6,3.0,2.4,5.7,3.6,2.3,3.1,4.0,3.9,1.4,0.8,3.2,11.8,9.5,6.1,10.1,19.4,16.0,20.0,28.5,11.1,7.7,26.4,44.6,52.1,5.5,3.5,21.9,59.6,78.7,61.0,89.3
PAKISTAN,2013,9.5,12.0,18.0,22.3,27.5,29.9,29.6,27.8,27.0,23.3,16.0,11.2,22.6,29.1,22.1,10.3,2.3,5.1,11.0,15.4,20.2,23.2,23.8,22.5,20.4,15.4,8.0,3.9,15.5,23.2,14.6,3.1,16.6,19.0,25.0,29.4,34.7,36.7,35.4,33.3,33.6,31.4,24.0,18.6,29.7,35.1,29.7,17.5,1.7,5.3,3.7,4.9,2.2,5.9,4.5,5.6,2.4,1.9,2.2,0.7,10.8,16.0,6.5,5.4,9.5,57.8,23.5,31.0,11.5,35.9,44.1,80.7,17.8,6.8,12.0,2.4,65.9,160.7,36.6,31.6
PAKISTAN,2014,9.3,10.3,16.3,22.5,26.2,30.6,29.9,28.5,26.4,22.6,16.2,10.4,21.7,29.7,21.7,11.1,2.0,3.4,9.5,15.1,18.9,23.9,24.2,22.9,19.7,15.0,8.3,2.8,14.5,23.7,14.3,4.0,16.6,17.3,23.2,30.0,33.6,37.3,35.7,34.2,33.1,30.1,24.2,18.0,28.9,35.8,29.2,18.3,1.4,3.2,4.0,6.0,4.7,2.1,4.2,4.1,3.5,2.4,1.7,0.2,14.7,10.4,7.6,5.9,10.8,18.4,28.6,32.2,18.5,12.8,31.2,32.3,40.7,8.6,9.7,1.3,79.4,76.4,59.0,50.1
PAKISTAN,2015,9.7,13.3,16.3,23.4,27.5,29.5,29.0,28.1,25.7,22.6,16.6,11.1,22.4,28.8,21.7,11.7,2.6,6.7,9.5,16.0,20.3,22.8,23.4,22.5,19.0,14.9,8.7,3.8,15.3,22.9,14.2,4.4,16.8,20.0,23.2,30.9,34.8,36.2,34.7,33.7,32.5,30.4,24.5,18.5,29.6,34.8,29.2,18.9,1.9,3.8,6.0,4.1,4.1,4.6,6.8,5.4,3.2,2.1,1.6,0.9,14.2,16.8,6.8,4.0,15.2,33.6,58.1,29.7,18.6,29.9,71.6,65.4,33.5,11.5,8.8,6.7,106.4,166.9,53.9,29.4
PAKISTAN,2016,10.9,12.9,17.9,23.4,28.4,30.4,29.8,27.7,26.8,22.6,16.1,13.0,23.3,29.3,21.8,11.8,3.8,5.7,11.1,16.1,20.7,23.6,23.7,22.1,20.2,14.9,8.7,5.5,16.0,23.1,14.6,4.5,18.1,20.2,24.9,30.7,36.1,37.2,35.9,33.4,33.5,30.3,23.6,20.6,30.6,35.5,29.1,19.1,1.9,1.2,6.2,3.8,4.3,2.9,5.8,5.4,3.0,0.4,0.5,0.5,14.2,14.1,4.0,7.3,14.8,7.9,49.5,22.7,17.0,24.0,54.8,61.1,13.7,1.1,3.4,6.9,89.3,139.9,18.2,64.6
PAKISTAN,2017,9.4,12.8,17.8,24.4,28.3,29.8,29.2,28.3,26.4,23.3,15.9,11.1,23.5,29.1,21.8,11.7,2.0,6.0,11.2,17.2,21.0,23.1,23.1,22.6,19.7,14.9,8.0,3.2,16.4,22.9,14.2,4.3,16.9,19.6,24.5,31.7,35.7,36.6,35.3,34.0,33.1,31.8,23.9,19.0,30.6,35.3,29.6,19.2,4.2,2.6,2.9,3.4,3.0,4.8,5.0,3.1,2.8,0.4,2.5,2.2,9.3,13.0,5.7,5.2,39.4,18.2,17.0,21.6,15.5,33.0,47.0,40.4,15.4,0.8,8.2,15.3,54.1,120.5,24.4,33.4
PAKISTAN,2018,10.5,13.6,19.8,24.3,27.6,30.3,29.6,28.7,26.1,22.0,16.6,11.2,23.9,29.5,21.6,10.6,3.0,6.7,12.7,17.2,20.3,23.6,23.8,23.1,19.4,14.4,8.7,3.7,16.7,23.5,14.2,3.5,18.1,20.6,26.9,31.5,35.0,36.9,35.4,34.3,32.8,29.7,24.6,18.7,31.1,35.5,29.0,17.8,0.8,2.2,3.5,4.4,3.1,3.5,4.7,2.7,2.4,0.8,1.2,0.7,11.0,10.9,4.5,7.8,2.5,15.6,17.9,18.8,12.7,26.1,37.5,28.2,14.0,3.1,7.5,4.4,49.4,91.8,24.6,64.6
PAKISTAN,2019,9.8,10.9,16.1,23.6,26.4,29.9,30.0,28.4,27.5,22.3,15.5,10.4,22.0,29.4,21.7,10.6,2.7,4.0,9.4,16.7,19.2,23.2,23.9,23.0,20.8,14.3,7.6,3.0,15.1,23.4,14.2,3.5,17.0,17.8,22.9,30.5,33.6,36.7,36.1,33.8,34.2,30.2,23.4,17.8,29.0,35.5,29.3,17.8,2.6,4.5,4.7,6.3,3.9,4.1,5.7,4.8,3.1,2.6,2.8,2.0,14.8,14.6,8.5,7.7,20.8,39.4,45.9,29.6,19.9,21.0,55.7,59.8,24.2,13.6,19.1,11.7,95.4,136.5,56.9,74.9
PAKISTAN,2020,8.3,13.1,16.2,22.7,27.1,29.8,29.9,28.9,26.3,21.4,15.0,10.5,22.0,29.5,20.9,11.2,1.4,6.1,9.4,15.7,19.6,23.0,24.3,23.4,19.7,13.7,7.2,3.0,14.9,23.6,13.5,3.8,15.3,20.2,23.1,29.8,34.6,36.6,35.5,34.4,33.1,29.1,22.9,17.9,29.2,35.5,28.3,18.6,4.1,1.6,6.4,6.2,5.6,4.5,5.4,6.3,3.3,0.4,2.4,2.1,18.2,16.1,6.1,4.3,48.6,14.6,57.1,27.0,20.6,16.1,36.9,104.9,35.4,2.6,15.5,15.2,104.7,157.9,53.5,33.6
PAKISTAN,2021,8.6,14.5,19.5,23.3,27.0,29.7,29.9,28.7,27.1,22.0,16.1,11.3,23.2,29.5,21.7,11.3,1.0,7.3,12.4,16.0,19.7,22.9,24.3,23.1,20.3,14.1,8.0,3.8,16.0,23.5,14.1,4.0,16.2,21.7,26.5,30.6,34.3,36.6,35.5,34.4,34.0,29.8,24.1,18.8,30.5,35.5,29.3,18.5,1.2,1.0,3.5,3.6,5.4,3.2,6.0,2.8,4.0,2.3,0.5,1.3,12.5,12.1,6.8,7.0,14.1,4.3,28.8,21.7,16.3,13.8,43.1,31.6,48.3,8.4,1.8,9.0,66.8,88.5,58.5,67.0
PAKISTAN,2022,9.5,13.0,20.5,26.0,28.5,29.6,28.0,27.5,26.8,22.2,17.0,11.5,25.0,28.4,22.0,11.4,2.5,5.8,13.6,18.8,21.3,22.9,22.3,22.1,20.2,14.4,9.1,4.2,17.9,22.4,14.6,4.3,16.6,20.1,27.5,33.3,35.7,36.3,33.8,33.0,33.4,30.1,24.9,18.9,32.2,34.4,29.5,18.5,4.4,1.3,2.2,1.5,2.8,5.5,9.1,7.1,2.9,0.9,2.5,1.2,6.5,21.6,6.3,5.0,48.2,9.8,9.6,5.0,11.6,41.9,166.7,114.0,21.6,2.8,14.6,6.0,26.2,322.6,39.0,30.9
PAKISTAN,2023,8.0,14.7,18.3,22.3,26.1,29.3,29.0,28.8,27.2,22.9,17.4,12.6,22.2,29.0,22.5,11.7,0.8,7.8,11.4,15.2,18.8,22.7,23.5,23.3,20.7,15.3,9.7,4.9,15.1,23.1,15.2,4.4,15.1,21.6,25.3,29.5,33.4,36.1,34.6,34.3,33.7,30.6,25.1,20.3,29.4,35.0,29.8,19.0,2.8,1.0,5.1,4.7,6.1,5.9,8.1,2.1,2.6,3.2,2.1,1.1,15.9,16.1,7.9,6.1,18.8,6.1,42.6,23.7,27.0,54.1,107.1,20.9,19.8,13.9,10.0,9.9,93.3,182.1,43.6,50.6
PAKISTAN,2024,10.2,12.4,17.1,22.0,28.4,30.5,30.7,28.0,27.3,24.1,18.5,10.4,22.5,29.7,23.3,-999.0,2.9,5.5,10.3,14.8,21.3,23.7,24.9,22.6,20.6,16.5,10.7,2.9,15.5,23.7,16.0,-999.0,17.5,19.3,24.0,29.2,35.6,37.4,36.5,33.5,34.0,31.7,26.4,17.9,29.6,35.8,30.7,-999.0,1.6,3.4,5.8,7.3,2.4,4.3,5.1,8.1,3.7,1.8,1.2,1.0,15.4,17.6,6.8,-999.0,7.2,33.6,38.0,48.7,5.8,20.2,51.6,112.2,18.5,8.2,4.7,5.5,92.4,184.0,31.3,-999.0
SOUTH_KOREA,1901,0.2,-2.2,3.7,11.0,14.7,19.4,21.5,24.0,18.9,14.5,6.1,-0.3,9.8,21.7,13.2,-0.9,-4.4,-6.7,-1.9,5.7,9.1,15.1,18.5,20.0,14.0,9.5,0.6,-5.5,4.3,17.9,8.0,-6.1,4.8,2.2,9.3,16.3,20.3,23.8,24.6,28.2,23.8,19.7,11.6,4.9,15.3,25.5,18.4,4.4,12.2,5.4,7.9,8.9,8.4,8.0,11.6,8.8,6.0,8.1,6.8,6.8,25.3,28.4,20.9,21.3,81.3,20.9,48.4,105.1,83.7,150.8,254.8,119.9,66.2,87.1,31.8,33.5,237.2,525.5,185.1,97.8
SOUTH_KOREA,1902,-1.7,-0.6,6.1,9.5,15.3,19.2,22.1,22.9,18.8,13.3,8.5,3.1,10.3,21.4,13.5,0.9,-7.0,-5.9,0.9,4.2,10.1,14.6,18.7,19.4,14.4,7.6,3.5,-1.2,5.1,17.5,8.5,-3.6,3.6,4.7,11.2,14.8,20.5,23.8,25.6,26.4,23.3,19.2,13.5,7.5,15.5,25.3,18.6,5.4,4.8,9.7,11.7,8.1,9.6,10.6,12.8,12.2,9.6,6.5,8.9,9.8,29.4,35.5,25.0,32.9,14.2,50.0,113.7,87.0,128.5,146.7,197.5,236.4,138.6,47.5,55.7,53.9,329.2,580.6,241.9,202.9
SOUTH_KOREA,1903,-0.6,0.3,6.2,11.0,14.8,19.1,21.8,24.7,20.5,13.6,6.0,-0.5,10.6,21.8,13.4,-0.9,-5.2,-4.3,1.6,5.7,9.3,14.4,18.7,20.7,15.7,8.2,0.9,-5.3,5.5,17.9,8.2,-6.0,3.9,4.9,10.8,16.4,20.2,23.8,25.0,28.7,25.4,19.1,11.0,4.4,15.8,25.8,18.5,4.2,12.3,10.8,9.4,9.7,13.0,8.8,15.6,13.0,10.0,6.6,7.3,8.2,32.1,37.4,23.9,18.1,77.0,72.0,77.2,105.5,247.4,93.4,298.8,227.5,133.4,56.4,38.1,38.5,430.1,619.6,227.9,77.0
SOUTH_KOREA,1904,-2.7,0.5,4.4,11.4,14.9,20.2,23.9,24.2,18.7,13.2,5.3,1.3,10.2,22.8,12.4,0.5,-7.6,-5.0,-0.5,6.1,9.4,15.7,20.2,20.1,13.6,7.6,-0.3,-3.6,5.0,18.6,7.0,-4.2,2.2,6.0,9.3,16.6,20.5,24.7,27.6,28.5,24.0,18.8,10.8,6.2,15.5,26.9,17.9,5.1,3.5,6.4,6.4,11.7,8.8,9.8,14.6,9.3,6.0,6.2,5.3,8.1,26.9,33.7,17.4,20.7,9.4,29.2,34.1,166.8,111.8,139.6,313.9,104.1,52.4,45.8,22.1,27.1,312.8,557.6,120.3,95.2
SOUTH_KOREA,1905,1.2,-1.1,4.6,9.5,15.2,19.7,23.6,22.5,19.3,13.8,7.0,3.0,9.8,21.9,13.4,-0.1,-3.6,-5.4,0.2,4.1,9.9,15.4,20.2,19.0,14.7,8.1,1.7,-1.3,4.7,18.2,8.2,-4.3,6.0,3.2,9.1,15.0,20.5,24.0,27.0,26.1,23.9,19.6,12.3,7.3,14.8,25.7,18.6,4.2,8.3,4.3,8.3,7.8,10.9,9.5,14.9,15.7,12.1,6.2,7.1,12.0,27.0,40.2,25.3,31.4,51.8,16.2,66.2,87.8,144.7,137.7,358.3,475.9,218.6,45.1,31.4,68.0,298.7,971.9,295.0,171.7
SOUTH_KOREA,1906,-2.2,-1.0,4.0,10.1,15.4,19.7,23.3,24.1,19.1,13.5,5.4,0.4,9.8,22.4,12.7,-0.5,-6.9,-4.8,-1.0,4.1,10.4,15.4,19.9,20.3,14.7,8.0,0.9,-4.2,4.5,18.5,7.9,-5.1,2.4,2.8,9.0,16.2,20.4,24.0,26.8,28.0,23.5,19.0,10.0,5.1,15.2,26.3,17.5,4.0,10.1,9.3,7.9,7.7,10.3,10.1,9.1,11.6,10.8,6.9,4.1,10.2,25.9,30.8,21.8,22.4,51.7,52.0,49.5,63.8,150.8,152.7,94.1,199.5,189.6,71.5,11.6,50.7,264.1,446.3,272.8,93.2
SOUTH_KOREA,1907,0.0,-2.0,4.1,10.4,15.3,19.1,22.7,24.5,19.4,14.1,7.1,-0.7,9.9,22.1,13.5,-1.0,-4.5,-6.4,-0.6,4.7,9.7,14.4,19.3,20.7,15.1,8.6,2.3,-5.8,4.6,18.1,8.7,-5.9,4.5,2.4,8.7,16.3,20.9,23.9,26.2,28.5,23.8,19.6,12.0,4.3,15.3,26.2,18.5,3.8,7.4,4.8,6.3,10.0,9.9,9.0,13.0,9.5,6.9,7.9,8.6,6.1,26.2,31.5,23.4,22.7,27.3,15.2,32.0,115.8,107.0,125.1,201.9,114.1,92.8,69.9,56.7,14.1,254.8,441.1,219.3,90.3
SOUTH_KOREA,1908,-1.0,-1.3,4.1,10.3,14.9,19.8,22.4,24.0,18.8,14.0,5.3,1.4,9.8,22.1,12.7,-0.4,-5.8,-6.1,-0.7,5.0,9.6,15.4,19.1,20.2,14.3,8.5,0.2,-3.6,4.6,18.2,7.6,-5.0,3.8,3.4,8.9,15.6,20.3,24.3,25.7,27.9,23.3,19.5,10.5,6.4,14.9,26.0,17.8,4.3,8.8,7.8,7.0,8.7,8.8,12.0,15.2,11.9,7.4,7.6,5.3,7.3,24.4,39.0,20.3,20.2,42.6,33.6,37.1,121.5,89.1,208.9,295.9,220.7,75.8,65.7,17.1,27.4,247.6,725.4,158.6,79.1
SOUTH_KOREA,1909,-1.2,-1.3,3.1,10.6,14.9,19.6,23.7,24.5,20.3,12.9,6.8,-0.5,9.5,22.6,13.3,-0.9,-5.4,-6.1,-1.7,4.8,9.5,15.4,20.3,21.2,16.1,7.3,1.5,-5.0,4.2,19.0,8.3,-5.3,3.1,3.5,8.0,16.4,20.3,23.8,27.1,27.9,24.5,18.5,12.1,4.0,14.9,26.3,18.4,3.5,6.7,6.2,7.9,10.5,6.6,10.3,12.3,13.3,9.1,7.5,7.8,9.0,25.0,35.9,24.4,24.0,29.3,22.4,51.8,125.1,46.4,152.5,178.1,263.2,137.3,67.1,46.9,32.3,223.3,593.8,251.3,99.8
SOUTH_KOREA,1910,-0.4,-1.7,3.4,9.8,15.4,19.6,23.1,23.8,18.9,13.7,6.7,-1.5,9.5,22.2,13.1,-1.1,-4.5,-6.5,-1.5,4.2,9.8,15.3,19.8,19.9,14.7,8.1,1.6,-6.1,4.2,18.4,8.2,-5.7,3.7,3.0,8.3,15.4,21.1,23.9,26.5,27.8,23.1,19.2,11.7,3.1,14.9,26.1,18.0,3.5,10.4,4.5,8.7,8.4,5.2,12.6,16.7,10.6,10.8,3.8,10.4,6.2,22.3,39.9,25.0,23.4,54.4,13.1,65.8,84.3,40.6,221.1,373.5,174.9,218.3,19.7,81.8,13.3,190.7,769.5,319.8,98.5
SOUTH_KOREA,1911,-2.2,0.4,5.1,9.8,15.3,19.6,23.1,24.3,20.8,12.7,7.5,-0.4,10.1,22.3,13.6,-0.1,-6.9,-4.2,0.7,4.6,9.7,15.6,19.9,20.6,16.5,7.3,2.9,-4.7,5.0,18.7,8.9,-4.5,2.5,5.0,9.5,15.1,21.0,23.7,26.3,28.0,25.1,18.1,12.1,3.9,15.2,26.0,18.4,4.3,10.8,6.4,11.4,9.2,7.7,10.7,16.3,10.0,13.1,6.9,11.5,7.5,28.3,37.0,31.5,24.9,60.8,24.4,109.9,95.6,64.2,153.9,380.5,148.9,283.9,64.6,100.3,26.6,269.7,683.3,448.8,131.8
SOUTH_KOREA,1912,-2.3,2.3,5.2,10.5,14.9,19.9,23.0,24.3,18.3,12.4,4.4,-0.1,10.2,22.4,11.7,-1.3,-6.5,-2.2,0.5,5.0,9.7,15.3,19.8,20.5,13.5,6.4,-0.6,-4.6,5.1,18.5,6.4,-6.0,2.0,6.8,9.9,16.1,20.2,24.6,26.2,28.2,23.2,18.5,9.5,4.4,15.4,26.3,17.1,3.4,5.3,12.1,6.9,9.5,8.1,9.0,15.0,12.2,5.7,6.9,6.6,10.6,24.6,36.2,19.2,24.4,12.2,93.0,42.8,111.2,78.4,93.4,329.2,201.4,48.2,51.7,31.3,58.8,232.4,623.9,131.3,119.2
SOUTH_KOREA,1913,-2.6,-1.2,3.0,11.3,14.4,19.3,22.1,23.3,18.5,13.4,6.4,0.2,9.6,21.6,12.8,0.1,-7.2,-6.1,-2.5,6.0,9.1,15.2,18.6,19.1,13.1,7.8,0.8,-4.2,4.2,17.6,7.2,-4.4,2.1,3.7,8.6,16.6,19.7,23.4,25.7,27.5,23.9,19.0,12.1,4.5,15.0,25.6,18.4,4.6,9.8,3.9,2.9,10.6,9.3,11.3,12.2,9.3,6.2,6.6,7.0,8.7,22.7,32.7,19.7,27.0,51.9,8.5,7.1,134.6,122.5,152.1,178.8,107.0,58.8,49.3,34.6,35.0,264.2,437.9,142.8,127.4
SOUTH_KOREA,1914,-0.8,1.0,6.3,9.9,16.2,20.2,25.5,24.9,20.3,13.8,7.6,1.1,10.8,23.5,13.9,-0.4,-5.7,-3.3,1.8,4.8,10.9,16.2,22.2,21.2,15.8,8.5,2.5,-3.5,5.8,19.9,8.9,-4.9,4.1,5.3,10.9,15.0,21.5,24.3,28.9,28.7,24.8,19.2,12.7,5.7,15.8,27.3,18.9,4.2,10.7,7.6,10.1,10.4,9.4,11.6,13.2,11.4,7.8,8.4,9.7,6.8,29.9,36.2,26.0,27.6,53.9,38.6,88.4,138.0,139.2,192.4,229.9,207.9,84.8,89.1,70.0,17.1,365.6,630.3,243.8,134.8
SOUTH_KOREA,1915,-1.9,-0.4,2.7,9.8,14.8,20.3,24.1,24.3,19.5,15.3,7.9,2.0,9.1,22.9,14.2,1.1,-6.6,-4.7,-2.1,5.0,9.7,16.3,20.4,20.5,15.4,10.3,3.2,-3.1,4.2,19.1,9.6,-3.6,2.8,4.0,7.5,14.7,20.0,24.3,27.9,28.2,23.8,20.3,12.6,7.2,14.1,26.8,18.9,5.8,10.3,10.5,6.5,9.0,10.4,11.6,11.6,13.6,10.5,8.6,9.0,4.8,25.9,36.8,28.2,25.0,53.7,64.0,29.4,104.1,141.3,204.3,152.5,292.3,209.6,82.4,65.7,8.5,274.8,649.1,357.6,124.1
SOUTH_KOREA,1916,0.8,0.5,2.1,10.6,15.1,20.7,23.1,24.5,20.3,13.7,8.1,1.1,9.3,22.8,14.0,-1.8,-3.9,-3.7,-2.9,5.5,9.6,16.4,20.0,21.0,16.2,8.6,3.3,-4.0,4.1,19.1,9.4,-6.7,5.6,4.7,7.2,15.7,20.6,25.0,26.2,28.1,24.4,18.9,12.9,6.2,14.5,26.4,18.7,3.1,10.1,10.1,4.8,12.3,9.5,16.2,14.8,12.6,12.6,7.1,8.7,7.0,26.5,43.6,28.4,20.1,49.0,66.7,16.7,195.9,104.3,416.1,283.2,195.0,273.7,58.8,48.3,17.9,316.9,894.3,380.7,56.3
SOUTH_KOREA,1917,-4.9,-1.6,3.4,10.1,14.0,19.7,24.7,24.0,20.3,14.0,4.5,-2.5,9.1,22.8,12.9,-2.2,-9.7,-6.5,-1.3,4.2,8.4,15.0,20.9,20.2,16.2,8.7,-0.7,-7.1,3.8,18.7,8.1,-7.1,-0.2,3.4,8.1,15.9,19.6,24.4,28.6,27.9,24.4,19.4,9.8,2.1,14.6,27.0,17.9,2.8,7.2,5.9,7.5,7.6,6.6,9.7,10.2,12.0,10.9,6.7,6.5,7.9,21.7,32.0,24.1,18.2,20.3,18.0,54.0,60.0,45.7,154.1,127.8,222.8,180.1,54.0,24.8,22.5,159.6,504.7,258.8,51.5
SOUTH_KOREA,1918,-4.4,0.4,4.6,10.5,14.4,19.3,23.1,23.8,18.9,13.5,6.1,0.6,9.8,22.1,12.9,-0.5,-9.7,-4.6,-0.7,5.2,9.4,14.9,19.8,20.1,13.9,7.7,1.2,-3.9,4.6,18.3,7.6,-5.1,0.9,5.4,9.9,15.8,19.5,23.7,26.5,27.7,24.0,19.4,11.1,5.1,15.1,25.9,18.1,4.1,3.7,6.7,8.2,8.8,9.9,10.1,16.6,13.1,7.8,7.5,9.6,7.7,26.9,39.9,24.9,23.5,5.1,23.8,51.5,109.2,140.3,130.9,362.1,271.3,98.6,83.1,67.9,27.5,301.0,764.4,249.5,98.3
SOUTH_KOREA,1919,-2.2,0.0,5.8,10.7,15.7,20.4,23.8,24.4,19.0,13.4,7.1,-0.3,10.7,22.9,13.2,-1.3,-6.3,-5.0,0.5,4.5,10.0,16.5,20.1,20.4,14.2,7.6,1.6,-5.1,5.0,19.0,7.8,-5.7,2.0,5.1,11.1,16.9,21.4,24.3,27.5,28.6,23.9,19.2,12.7,4.4,16.5,26.8,18.6,3.1,10.5,5.3,6.3,7.7,8.5,12.5,12.5,13.1,9.6,7.6,6.5,9.1,22.6,38.1,23.7,28.3,53.6,17.2,33.4,69.6,82.6,203.0,193.8,286.6,135.2,65.9,24.9,34.9,185.6,683.4,226.0,132.7
SOUTH_KOREA,1920,-2.5,-1.2,5.2,10.5,15.4,20.2,24.5,24.2,20.5,14.5,8.5,1.1,10.4,23.0,14.5,0.2,-7.2,-5.0,0.9,4.8,10.2,15.6,21.1,20.4,16.3,8.4,3.2,-3.2,5.3,19.1,9.3,-4.2,2.2,2.6,9.5,16.2,20.6,24.9,28.0,28.1,24.8,20.6,13.8,5.4,15.5,27.0,19.7,4.6,10.1,9.0,8.4,7.7,9.0,10.2,16.9,12.7,8.6,4.9,8.5,11.8,25.1,39.9,22.0,26.4,44.3,53.5,56.7,63.9,97.9,137.2,344.5,245.8,127.7,28.9,45.3,63.2,218.5,727.5,201.8,114.0
SOUTH_KOREA,1921,-0.7,0.3,3.7,10.9,15.3,18.8,23.2,24.8,19.1,12.9,5.0,0.8,10.0,22.3,12.4,-0.5,-4.9,-4.5,-1.1,5.5,10.3,14.9,19.9,21.0,14.7,7.4,-0.4,-4.0,4.9,18.6,7.2,-5.0,3.5,5.0,8.5,16.3,20.4,22.7,26.5,28.7,23.6,18.5,10.5,5.6,15.1,26.0,17.5,4.1,7.9,6.7,8.1,9.8,8.5,12.7,14.3,11.6,8.6,6.8,6.5,8.7,26.3,38.6,21.9,29.6,27.6,23.2,50.7,109.7,79.6,237.3,262.9,238.9,108.7,53.4,24.6,34.5,240.0,739.1,186.6,161.8
SOUTH_KOREA,1922,-4.3,2.0,4.0,11.6,15.9,20.9,23.6,25.8,20.6,14.1,5.9,-0.8,10.5,23.4,13.5,-1.6,-8.5,-2.6,-1.0,5.8,10.6,15.7,20.2,21.9,16.2,8.2,0.7,-5.5,5.1,19.3,8.4,-6.0,-0.0,6.6,9.1,17.6,21.2,26.2,27.1,29.7,25.0,20.1,11.0,3.9,16.0,27.6,18.7,2.7,8.1,12.8,8.2,8.1,7.3,6.7,16.9,12.1,9.7,9.0,8.9,5.9,23.6,35.7,27.6,25.7,28.0,99.3,50.1,70.8,60.2,69.2,337.3,227.4,159.6,104.8,52.8,14.0,181.1,634.0,317.2,123.9
SOUTH_KOREA,1923,-3.0,-1.1,5.8,9.9,16.0,19.7,23.0,25.7,19.7,13.2,6.4,0.4,10.6,22.8,13.1,-0.3,-7.5,-5.1,0.8,4.8,11.1,15.1,19.8,21.6,15.0,7.4,1.6,-4.2,5.6,18.8,8.0,-5.0,1.4,2.8,10.7,15.0,21.0,24.4,26.2,29.8,24.4,19.1,11.3,5.1,15.6,26.8,18.3,4.4,11.4,8.3,9.4,10.8,9.1,12.1,15.2,10.4,10.4,7.7,9.9,7.0,29.3,37.7,28.1,23.5,70.9,39.0,68.9,135.5,122.2,241.7,289.1,140.8,129.6,65.9,77.9,22.4,326.7,671.6,273.4,99.3
SOUTH_KOREA,1924,-1.1,-0.2,2.0,11.1,15.1,19.6,24.8,25.0,19.4,13.5,5.1,0.1,9.4,23.1,12.6,-1.1,-6.2,-4.4,-3.0,5.4,9.8,14.6,21.3,20.9,14.6,7.5,-0.3,-4.6,4.1,18.9,7.3,-5.7,4.0,4.0,7.0,16.9,20.5,24.7,28.4,29.2,24.2,19.5,10.4,4.9,14.8,27.4,18.0,3.5,5.9,10.6,6.2,9.8,8.0,10.1,14.4,8.6,8.3,6.7,8.7,7.4,24.0,33.1,23.7,19.3,13.4,63.6,25.2,105.2,78.0,110.5,270.8,142.7,135.0,54.8,48.1,23.1,208.3,524.0,237.9,60.8
SOUTH_KOREA,1925,-1.9,-1.5,3.4,9.3,15.5,19.8,23.0,24.5,19.6,13.4,8.2,0.5,9.4,22.4,13.7,-0.7,-6.4,-6.1,-2.0,3.6,10.6,15.6,19.7,20.7,15.1,7.4,3.3,-4.0,4.0,18.7,8.6,-5.4,2.5,3.1,8.7,15.2,20.6,24.0,26.3,28.4,24.1,19.5,13.1,5.1,14.8,26.2,18.9,3.9,5.4,6.5,7.6,6.9,10.7,10.3,18.7,14.0,11.6,5.9,8.3,12.5,25.3,43.0,25.8,28.1,11.3,26.4,43.2,51.4,136.9,149.0,485.2,285.3,192.6,38.2,46.6,67.7,231.5,919.5,277.4,132.2
SOUTH_KOREA,1926,-2.2,-0.5,4.0,9.3,15.6,19.3,23.5,25.3,20.3,12.2,7.0,-1.2,9.7,22.7,13.2,-1.6,-6.8,-5.3,-1.1,3.3,10.8,14.1,20.1,21.6,16.0,6.9,1.5,-5.6,4.3,18.6,8.1,-6.0,2.5,4.3,9.2,15.4,20.5,24.6,26.9,28.9,24.6,17.6,12.5,3.2,15.0,26.8,18.2,2.7,8.3,7.3,6.0,7.9,11.4,7.1,18.1,11.8,12.4,8.0,7.3,8.9,25.2,36.9,27.6,25.9,29.6,34.9,29.5,67.2,168.8,60.9,406.3,187.2,283.5,75.0,30.9,35.9,265.5,654.4,389.3,117.6
SOUTH_KOREA,1927,-2.2,-1.4,4.1,10.8,14.3,19.9,24.9,24.4,18.8,13.2,8.4,1.0,9.7,23.1,13.5,-0.6,-6.8,-5.6,-0.7,5.6,8.8,14.7,21.5,20.9,14.1,7.5,2.9,-3.7,4.6,19.1,8.1,-5.1,2.3,2.7,8.9,16.2,19.8,25.1,28.4,27.8,23.6,19.0,13.9,5.7,15.0,27.1,18.9,3.8,12.0,5.1,9.5,10.4,8.7,8.2,13.6,13.1,8.1,8.5,5.9,10.0,28.7,34.9,22.5,28.3,64.8,17.0,69.8,120.8,83.1,87.6,283.1,299.4,111.3,88.0,23.6,43.9,273.7,670.2,222.9,145.0
SOUTH_KOREA,1928,-2.1,-0.8,4.5,11.2,16.3,20.0,23.4,24.1,20.4,13.3,6.7,0.4,10.7,22.5,13.5,-1.3,-6.3,-5.2,-0.3,5.4,10.5,15.4,19.9,20.1,16.2,7.2,1.5,-4.0,5.2,18.4,8.3,-5.9,2.1,3.6,9.3,17.0,22.2,24.7,27.1,28.2,24.6,19.4,12.0,4.7,16.2,26.7,18.7,3.4,12.0,6.2,7.0,7.5,7.2,11.3,12.1,12.1,12.2,5.5,9.2,9.1,21.6,35.5,26.9,22.1,71.4,29.7,46.2,88.6,60.1,196.0,163.1,177.6,249.9,27.6,59.5,34.7,194.9,536.7,337.1,79.6
SOUTH_KOREA,1929,-2.7,-1.5,4.6,10.1,15.5,21.0,24.7,25.3,18.7,13.4,6.0,3.2,10.1,23.7,12.7,0.8,-7.2,-6.5,-0.3,4.5,10.1,15.8,21.0,20.8,13.5,7.6,0.9,-0.8,4.8,19.2,7.4,-3.5,1.9,3.5,9.6,15.7,20.9,26.2,28.5,29.8,23.9,19.2,11.1,7.3,15.4,28.2,18.1,5.2,6.6,6.4,6.5,8.2,6.5,11.0,11.6,11.7,7.6,4.6,7.8,14.8,21.2,34.3,20.0,30.8,18.3,26.6,34.2,72.0,45.9,176.5,149.3,190.4,76.4,24.7,41.9,102.4,152.2,516.2,143.0,181.6
SOUTH_KOREA,1930,-2.5,1.8,6.6,11.8,16.0,20.0,25.4,25.1,18.9,14.0,5.1,1.1,11.5,23.5,12.7,-0.3,-6.8,-2.9,2.2,7.0,10.5,15.6,22.2,21.2,14.0,8.3,0.4,-3.6,6.6,19.7,7.5,-4.5,1.8,6.4,10.9,16.7,21.5,24.5,28.7,29.0,23.9,19.7,9.8,5.9,16.4,27.4,17.8,4.0,4.9,11.0,11.6,11.4,9.4,11.7,16.4,13.3,6.5,8.5,8.8,5.5,32.4,41.4,23.8,26.8,11.5,67.6,114.9,153.0,124.4,246.5,355.1,260.6,74.3,75.5,58.4,11.4,392.3,862.2,208.1,125.3
SOUTH_KOREA,1931,-1.2,-0.7,5.2,9.2,15.1,20.0,21.6,24.6,19.5,12.7,8.4,1.6,9.8,22.1,13.5,0.6,-5.3,-4.6,-0.3,3.9,9.6,15.5,18.6,21.2,15.0,7.0,3.5,-2.6,4.4,18.4,8.5,-3.7,2.9,3.1,10.8,14.6,20.6,24.6,24.7,28.2,24.0,18.4,13.3,5.9,15.3,25.8,18.6,4.9,11.2,10.0,8.2,10.4,9.5,8.6,15.6,14.0,10.2,4.5,8.5,12.4,28.1,38.2,23.2,28.7,55.9,58.0,49.7,128.0,105.6,79.1,336.9,288.1,175.0,21.0,46.8,75.3,283.3,704.1,242.9,144.2
SOUTH_KOREA,1932,0.5,-0.4,3.5,9.5,15.8,19.9,25.0,24.4,18.8,12.5,6.9,1.9,9.6,23.1,12.7,-1.0,-4.2,-4.2,-1.5,4.2,10.3,15.6,21.1,21.0,14.5,6.4,1.4,-2.4,4.3,19.2,7.4,-5.4,5.3,3.4,8.6,14.9,21.3,24.1,28.9,27.9,23.1,18.7,12.4,6.3,14.9,27.0,18.1,3.4,6.8,9.6,6.1,7.8,8.8,10.0,10.2,13.7,7.0,5.3,6.9,10.7,22.7,33.9,19.3,26.5,19.5,49.4,24.1,82.4,98.8,124.3,102.9,266.5,85.0,33.8,34.3,53.3,205.4,493.7,153.1,117.6
SOUTH_KOREA,1933,-3.5,-1.3,2.7,10.4,16.2,20.9,25.1,24.2,19.6,13.4,7.1,2.1,9.7,23.4,13.3,-1.0,-7.6,-6.0,-1.7,5.2,11.0,16.4,21.7,20.8,14.6,8.3,1.9,-2.0,4.8,19.6,8.3,-5.4,0.6,3.4,7.0,15.5,21.5,25.4,28.6,27.7,24.6,18.4,12.2,6.2,14.7,27.2,18.4,3.3,8.1,7.7,7.8,9.0,10.9,13.0,15.0,13.6,11.0,8.6,7.3,9.3,27.8,41.6,26.9,21.1,36.4,28.0,51.4,100.8,139.4,260.4,286.2,261.7,204.5,116.8,35.9,33.6,291.6,808.3,357.2,67.9
SOUTH_KOREA,1934,-4.6,-0.7,3.5,9.5,16.3,20.4,24.2,24.4,19.0,12.3,5.9,2.3,9.8,23.0,12.4,0.7,-9.1,-5.2,-1.1,4.1,10.7,16.0,21.2,20.9,14.8,6.8,1.0,-2.4,4.6,19.3,7.5,-4.0,-0.1,3.9,8.2,15.0,21.9,24.9,27.3,27.9,23.4,17.8,10.8,7.1,15.0,26.7,17.3,5.4,4.9,7.0,8.7,8.6,9.5,10.8,18.1,12.4,11.8,6.4,8.8,11.0,26.8,41.3,27.0,24.1,9.4,24.9,58.1,77.4,120.6,145.9,475.3,229.4,233.7,45.3,54.5,64.0,256.1,850.7,333.6,109.6
SOUTH_KOREA,1935,-1.2,1.0,5.9,10.8,15.8,20.1,23.9,24.6,19.3,14.3,7.6,-0.6,10.8,22.9,13.7,-2.6,-5.6,-4.0,0.8,5.4,10.2,15.6,20.4,20.9,14.6,8.7,2.8,-5.0,5.5,19.0,8.7,-6.9,3.2,5.9,11.0,16.3,21.5,24.6,27.4,28.4,24.0,20.0,12.5,3.7,16.3,26.8,18.8,1.8,6.9,6.2,6.5,9.2,8.5,12.1,13.6,11.1,8.6,7.7,9.4,7.9,24.2,36.8,25.8,21.2,17.8,27.8,37.1,100.2,86.2,221.0,219.0,196.1,127.2,64.2,63.7,33.8,223.5,636.2,255.0,79.6
SOUTH_KOREA,1936,-5.0,-2.1,1.6,9.7,15.2,20.6,23.2,23.3,20.2,13.7,6.9,1.9,8.8,22.4,13.6,0.9,-9.4,-6.5,-3.5,4.6,9.9,16.0,20.0,20.3,15.5,7.3,1.3,-2.5,3.7,18.8,8.0,-3.3,-0.6,2.3,6.6,14.9,20.5,25.2,26.4,26.5,25.0,20.1,12.5,6.2,14.0,26.0,19.2,5.1,5.9,7.4,6.6,11.2,7.2,10.1,15.0,18.2,13.0,3.5,6.9,12.4,25.0,43.3,23.4,31.8,14.1,31.7,30.3,141.5,70.4,132.6,295.3,558.1,245.3,12.3,30.4,70.3,242.2,986.0,288.0,171.2
SOUTH_KOREA,1937,-1.0,1.8,5.0,11.0,15.8,20.1,24.3,25.8,19.9,13.9,8.2,-0.3,10.6,23.4,14.0,-1.7,-5.3,-2.1,0.2,5.6,10.4,15.6,20.7,21.7,15.2,8.4,3.7,-5.1,5.4,19.4,9.1,-6.5,3.2,5.8,9.9,16.4,21.1,24.8,27.9,30.0,24.7,19.6,12.6,4.4,15.8,27.5,19.0,3.0,8.3,11.2,9.1,10.9,8.2,9.4,12.3,10.1,10.0,8.4,8.2,8.4,28.1,31.7,26.7,24.3,30.5,70.5,71.3,134.5,85.0,119.3,183.6,128.1,155.9,90.0,49.4,28.6,290.8,430.9,295.3,93.4
SOUTH_KOREA,1938,-3.4,-1.4,5.7,11.3,16.7,19.7,24.3,25.1,19.1,15.1,6.3,0.5,11.2,23.0,13.5,-0.7,-8.1,-6.2,1.1,5.4,11.8,15.8,20.7,21.0,13.8,10.1,0.9,-4.1,6.1,19.2,8.2,-5.5,1.3,3.4,10.2,17.3,21.6,23.7,28.0,29.2,24.4,20.2,11.7,5.2,16.4,27.0,18.8,4.0,8.1,7.8,11.1,4.3,12.0,11.1,11.3,11.4,7.5,10.7,6.0,7.7,27.5,33.9,24.2,21.5,30.2,34.5,97.1,20.0,205.7,160.5,131.1,180.8,80.4,146.6,22.8,25.0,322.9,472.4,249.8,71.7
SOUTH_KOREA,1939,-2.5,-0.2,4.8,11.0,15.6,20.5,25.8,25.2,20.2,14.5,7.5,1.1,10.5,23.8,14.1,-1.0,-7.4,-5.0,0.0,5.5,9.9,15.3,21.5,20.9,15.1,8.8,2.1,-4.1,5.1,19.2,8.7,-5.9,2.4,4.6,9.6,16.6,21.4,25.8,30.1,29.6,25.3,20.2,12.9,6.3,15.8,28.5,19.5,3.8,7.1,6.6,8.1,8.3,7.7,9.6,8.8,10.3,8.3,7.8,10.0,3.9,24.1,28.7,26.1,19.3,21.7,25.0,56.6,71.2,65.2,100.9,90.5,137.1,125.0,71.8,68.1,5.8,193.0,328.6,264.9,65.6
SOUTH_KOREA,1940,-3.3,-0.8,4.5,9.8,15.8,20.1,24.5,23.6,19.3,14.5,8.0,2.2,10.1,22.7,13.9,0.6,-7.9,-5.5,-1.1,3.9,9.6,14.8,21.2,19.8,14.5,8.5,2.6,-2.9,4.1,18.6,8.5,-4.3,1.3,4.0,10.1,15.8,22.1,25.4,27.8,27.4,24.1,20.5,13.5,7.3,16.0,26.9,19.4,5.4,6.4,9.0,5.9,8.4,6.5,11.1,15.5,10.3,11.2,7.7,7.4,9.2,20.7,36.9,26.3,23.6,16.5,43.2,22.0,73.4,37.8,186.5,302.6,156.5,190.8,88.7,36.3,35.8,133.1,645.6,315.8,84.4
SOUTH_KOREA,1941,-0.6,0.1,5.5,10.4,16.4,20.5,22.5,23.4,18.5,13.1,8.5,2.4,10.8,22.1,13.3,-0.5,-5.3,-4.6,0.0,4.1,11.1,16.4,19.3,20.0,13.8,6.8,3.1,-2.5,5.1,18.6,7.9,-5.3,4.1,4.8,11.1,16.7,21.8,24.6,25.7,26.9,23.2,19.4,13.9,7.3,16.5,25.8,18.8,4.2,7.8,6.6,9.1,7.6,10.7,12.6,14.8,14.4,8.5,7.0,9.6,8.5,27.5,41.7,25.1,23.2,24.7,23.9,61.5,55.6,147.8,255.6,280.1,283.9,127.6,55.0,65.5,30.3,264.9,819.6,248.2,84.3
SOUTH_KOREA,1942,-2.8,-1.2,6.9,10.5,14.8,20.8,26.3,25.3,20.3,13.1,6.3,0.7,10.7,24.1,13.3,-1.1,-7.7,-5.7,2.1,4.3,9.6,15.8,21.7,21.5,15.7,7.0,0.5,-4.3,5.3,19.7,7.8,-6.3,2.1,3.3,11.7,16.8,20.2,25.8,30.8,29.2,25.0,19.3,12.2,5.7,16.2,28.6,18.8,4.1,6.7,8.1,12.0,8.6,7.2,8.1,8.9,12.8,12.4,5.3,5.5,6.5,27.9,29.8,23.2,16.5,18.9,35.1,135.2,81.6,72.0,80.5,65.7,288.5,255.9,28.1,22.2,14.6,288.8,434.7,306.2,41.5
SOUTH_KOREA,1943,-3.6,-0.3,5.4,10.1,16.1,20.4,24.1,25.6,20.3,14.1,7.1,2.1,10.5,23.4,13.8,-0.0,-9.0,-5.5,0.3,4.2,10.6,15.9,20.7,21.4,16.0,8.3,1.6,-3.2,5.0,19.3,8.6,-5.2,1.7,5.0,10.6,16.0,21.8,25.0,27.5,29.8,24.6,20.0,12.6,7.4,16.1,27.5,19.1,5.1,4.2,5.9,8.9,6.8,7.8,10.0,12.8,8.4,11.5,8.4,7.4,6.2,23.5,31.2,27.3,18.7,6.7,20.3,57.5,46.9,75.0,133.0,221.5,89.7,175.7,73.6,40.1,14.4,179.4,444.1,289.4,52.6
SOUTH_KOREA,1944,-1.5,-0.7,4.2,9.7,15.9,21.1,25.0,25.0,20.5,13.7,8.6,-1.9,10.0,23.7,14.3,-3.0,-6.6,-5.6,-1.1,4.3,10.5,15.8,21.1,20.6,15.7,7.7,3.9,-6.2,4.6,19.1,9.1,-7.8,3.7,4.3,9.6,15.2,21.4,26.5,29.0,29.5,25.3,19.8,13.3,2.3,15.4,28.3,19.5,1.8,5.2,7.3,6.5,9.8,7.5,9.5,12.3,10.9,11.1,5.2,11.2,7.3,23.8,32.7,27.4,17.7,9.5,28.8,25.6,103.4,64.2,90.5,170.0,151.6,195.9,32.8,96.8,21.1,193.2,412.1,325.5,45.9
SOUTH_KOREA,1945,-4.5,-2.5,4.1,11.2,14.1,20.3,22.8,25.0,20.5,13.8,8.4,0.8,9.8,22.7,14.3,0.4,-9.4,-7.7,-0.7,4.6,8.7,15.8,19.2,20.8,16.4,8.5,2.7,-4.0,4.2,18.6,9.2,-4.6,0.5,2.7,8.8,17.9,19.4,24.8,26.4,29.3,24.6,19.2,14.1,5.5,15.4,26.8,19.3,5.4,4.4,6.0,11.9,7.0,8.9,14.3,15.5,11.3,12.1,10.6,5.5,7.9,27.7,41.1,28.2,21.5,7.4,17.5,133.3,50.5,82.4,254.3,276.9,170.2,253.8,136.1,18.5,30.8,266.1,701.4,408.4,68.4
SOUTH_KOREA,1946,-0.4,0.7,4.0,11.2,15.5,21.2,25.0,25.0,20.0,13.9,9.3,-0.8,10.2,23.7,14.4,-1.5,-5.5,-4.3,-0.4,5.6,10.1,17.2,21.1,21.2,14.6,8.0,3.9,-5.0,5.1,19.8,8.9,-5.8,4.8,5.8,8.4,16.9,20.9,25.1,28.9,28.9,25.3,19.8,14.6,3.4,15.4,27.6,19.9,2.8,7.2,6.4,10.5,8.2,8.7,15.5,9.8,12.7,10.4,7.1,6.7,9.7,27.4,37.9,24.2,26.0,19.8,17.8,99.0,79.1,108.6,385.0,97.8,230.1,199.4,57.2,32.4,40.5,286.8,713.0,289.0,122.4
SOUTH_KOREA,1947,-1.1,-2.6,3.4,10.6,14.8,18.4,23.6,25.1,19.9,12.2,5.7,-1.5,9.6,22.4,12.6,-0.6,-5.1,-7.3,-2.0,4.0,9.0,14.0,20.3,21.0,15.1,6.7,-0.3,-5.9,3.7,18.4,7.1,-5.4,3.0,2.0,8.8,17.2,20.7,22.9,26.9,29.3,24.7,17.9,11.6,2.9,15.6,26.4,18.1,4.1,11.3,4.9,7.8,7.7,8.0,13.1,16.5,11.0,9.7,5.9,7.1,10.5,23.5,40.6,22.7,27.1,72.0,9.9,46.4,57.3,81.3,210.2,360.9,160.7,138.4,52.8,34.2,53.7,185.0,731.8,225.4,124.6
SOUTH_KOREA,1948,-1.4,1.0,5.1,12.0,15.9,20.7,23.8,24.9,20.0,14.4,7.1,4.9,11.0,23.1,13.8,2.2,-6.2,-4.1,0.2,6.2,9.9,16.0,20.9,20.9,15.4,8.7,1.6,0.2,5.4,19.3,8.6,-2.3,3.4,6.1,9.9,17.8,21.9,25.4,26.8,28.9,24.8,20.0,12.6,9.7,16.5,27.0,19.1,6.8,11.3,5.4,9.2,8.2,9.1,11.9,17.6,12.8,12.3,6.1,5.8,12.9,26.5,42.3,24.2,31.0,55.0,15.9,70.4,76.8,128.3,197.3,453.2,235.3,277.5,30.7,20.4,76.4,275.5,885.8,328.6,159.2
SOUTH_KOREA,1949,-0.6,2.4,4.2,9.7,16.1,19.1,23.1,25.0,20.3,13.8,7.5,1.4,10.0,22.4,13.9,1.0,-5.2,-1.9,-0.9,4.1,10.7,15.0,19.6,20.6,15.6,8.0,2.2,-3.3,4.6,18.4,8.6,-3.4,4.0,6.6,9.4,15.3,21.6,23.3,26.7,29.4,25.0,19.7,12.9,6.0,15.4,26.4,19.2,5.5,8.5,9.5,7.4,7.7,8.0,11.5,13.5,10.2,9.5,5.8,7.5,9.3,23.1,35.2,22.8,31.7,27.5,55.4,47.7,67.8,80.9,161.2,229.2,152.6,136.0,29.5,38.2,43.1,196.4,543.0,203.7,195.7
SOUTH_KOREA,1950,0.7,1.0,5.0,11.7,16.4,19.8,24.5,24.7,19.8,13.9,7.3,0.4,11.1,23.0,13.7,0.1,-3.8,-3.2,-0.3,6.0,10.5,15.3,20.9,20.2,15.0,8.5,2.3,-4.4,5.4,18.8,8.6,-4.7,5.3,5.2,10.4,17.5,22.3,24.4,28.2,29.3,24.5,19.3,12.4,5.2,16.7,27.3,18.7,4.9,12.2,10.2,8.3,7.8,8.0,12.1,12.9,9.0,10.3,7.5,8.7,7.7,24.0,34.0,26.5,26.0,80.3,72.2,71.1,69.2,77.4,228.5,194.5,83.2,153.3,61.2,51.8,23.5,217.6,506.2,266.3,111.5
SOUTH_KOREA,1951,-1.3,1.3,4.1,10.1,16.0,19.7,23.1,25.7,18.6,14.8,7.6,3.1,10.0,22.8,13.6,0.3,-6.2,-3.3,-1.3,4.6,10.4,14.3,19.4,21.5,13.1,8.9,2.6,-2.0,4.6,18.4,8.2,-4.3,3.5,5.9,9.4,15.6,21.6,25.2,26.8,30.0,24.1,20.8,12.6,8.2,15.5,27.3,19.2,5.0,8.8,9.5,9.4,9.2,10.0,8.5,14.9,11.0,7.6,8.2,9.8,11.1,28.6,34.4,25.6,27.0,30.5,57.4,70.8,78.9,144.1,65.2,183.5,153.7,65.6,87.6,68.3,59.0,293.8,402.3,221.4,120.6
SOUTH_KOREA,1952,-1.1,-1.0,4.2,11.2,16.4,20.5,24.1,24.5,19.4,13.1,9.0,0.3,10.6,23.0,13.8,-0.7,-5.5,-5.4,-0.8,5.5,10.6,15.6,20.4,20.3,14.8,6.9,4.1,-4.3,5.1,18.7,8.6,-5.4,3.4,3.3,9.2,17.1,22.3,25.4,27.8,28.8,24.0,19.4,14.0,5.0,16.2,27.3,19.1,4.0,6.0,9.9,8.9,10.2,6.1,8.5,13.8,11.3,12.0,8.1,9.4,8.1,25.1,33.7,29.6,22.4,13.7,47.9,65.9,108.3,64.4,76.3,156.1,226.7,254.8,77.9,72.4,28.6,238.6,459.1,405.1,100.7
SOUTH_KOREA,1953,-2.4,-0.1,5.5,10.1,16.0,19.8,24.4,25.3,20.2,15.3,6.7,2.8,10.5,23.2,14.1,1.8,-7.1,-4.9,0.2,3.8,10.8,16.0,21.0,21.4,15.1,9.2,1.4,-1.6,4.9,19.5,8.6,-2.6,2.3,4.6,10.9,16.4,21.3,23.5,27.8,29.3,25.3,21.5,12.0,7.3,16.2,26.9,19.6,6.2,6.9,7.4,10.1,7.7,10.8,15.6,14.4,11.2,7.3,7.7,8.2,11.2,28.7,41.3,23.2,34.6,27.0,45.0,72.9,47.2,142.9,324.8,290.5,188.1,73.7,74.3,45.6,60.3,262.9,803.5,193.6,222.1
SOUTH_KOREA,1954,0.5,2.0,4.7,11.6,16.1,18.8,21.9,25.4,20.3,13.0,9.8,0.8,10.8,22.0,14.4,0.0,-3.5,-2.8,-0.8,6.1,10.8,14.9,18.8,21.6,15.8,7.6,4.1,-3.7,5.4,18.4,9.2,-4.9,4.6,6.9,10.2,17.2,21.5,22.7,25.1,29.2,24.9,18.4,15.6,5.3,16.3,25.7,19.6,5.0,9.5,13.9,7.5,9.7,10.1,14.3,18.8,11.5,11.5,6.9,6.3,9.6,27.3,44.6,24.7,24.5,41.0,120.8,43.2,93.3,135.3,244.1,427.2,162.1,177.9,67.0,29.6,45.0,271.8,833.4,274.5,119.9
SOUTH_KOREA,1955,-2.6,1.9,5.9,11.5,15.9,21.2,24.6,24.8,20.4,13.2,6.6,2.6,11.1,23.5,13.4,0.1,-7.6,-3.5,1.3,6.1,10.2,16.5,21.1,20.4,15.7,7.6,1.1,-2.5,5.9,19.3,8.1,-4.9,2.3,7.3,10.5,16.9,21.6,26.0,28.2,29.3,25.1,18.8,12.1,7.8,16.3,27.8,18.7,5.1,5.9,9.0,7.2,8.2,7.6,11.9,14.5,10.9,9.7,5.4,8.7,5.9,23.0,37.3,23.8,22.2,15.6,59.3,38.5,65.1,54.8,157.4,280.8,229.6,130.3,28.0,50.4,13.8,158.3,667.8,208.8,63.7
SOUTH_KOREA,1956,-1.3,-1.0,4.9,10.4,15.0,19.9,24.2,23.8,19.8,13.7,5.2,-1.5,10.1,22.6,12.9,-1.1,-6.2,-5.9,0.5,4.8,9.7,15.6,20.6,19.7,15.4,7.9,-0.2,-6.4,5.0,18.7,7.7,-5.7,3.6,4.0,9.3,16.0,20.4,24.1,27.9,27.8,24.3,19.5,10.7,3.3,15.2,26.6,18.2,3.6,8.0,8.3,13.4,10.2,10.2,15.2,13.9,12.9,13.2,5.7,5.8,5.1,33.8,42.1,24.8,23.1,19.9,30.0,165.4,150.4,153.7,324.3,236.4,231.5,293.6,28.9,20.0,8.7,469.4,792.2,342.5,95.5
SOUTH_KOREA,1957,-0.4,-1.4,2.5,10.9,16.2,19.4,22.9,23.6,18.2,13.1,8.7,1.9,9.9,22.0,13.3,0.3,-4.9,-5.9,-2.7,5.0,10.5,14.9,19.9,19.8,12.7,7.0,3.1,-2.8,4.3,18.2,7.6,-4.6,4.2,3.1,7.8,16.9,21.9,24.1,25.9,27.3,23.6,19.3,14.3,6.7,15.5,25.8,19.1,5.2,10.4,7.6,5.2,10.9,8.1,10.1,19.4,13.8,4.7,8.2,7.6,11.3,24.3,43.3,20.5,28.4,55.2,31.6,20.1,148.5,87.6,166.0,437.7,268.4,17.8,63.5,45.2,71.2,256.2,872.1,126.5,151.4
SOUTH_KOREA,1958,-2.3,1.3,5.2,11.3,15.8,21.2,24.9,23.5,20.0,13.2,7.7,4.5,10.8,23.2,13.6,2.0,-7.1,-3.8,-0.3,5.9,9.9,15.7,21.2,20.0,15.4,8.0,2.9,-0.3,5.1,18.9,8.8,-2.5,2.5,6.4,10.8,16.8,21.9,26.7,28.7,27.2,24.6,18.4,12.6,9.4,16.5,27.5,18.5,6.5,10.7,6.3,7.5,12.1,6.5,9.0,12.5,15.1,10.9,11.0,8.9,11.2,26.0,36.6,30.8,31.3,56.4,23.9,34.5,178.1,39.7,117.3,284.1,309.5,242.2,139.9,63.2,57.5,252.2,710.9,445.3,193.3
SOUTH_KOREA,1959,-2.3,3.8,7.0,10.9,16.7,20.2,24.5,25.4,20.7,15.0,7.7,2.6,11.5,23.4,14.5,1.3,-7.1,-0.3,2.0,5.4,11.1,15.5,20.7,21.4,16.5,8.8,2.5,-1.7,6.2,19.2,9.3,-3.4,2.4,7.8,12.1,16.4,22.4,25.0,28.3,29.5,24.9,21.2,13.0,6.9,16.9,27.6,19.7,6.1,7.8,12.3,9.8,9.9,8.6,9.0,15.4,12.1,11.6,4.5,9.9,11.3,28.3,36.4,26.0,23.0,29.8,105.9,78.6,123.6,97.6,96.8,230.0,242.0,245.6,18.9,65.9,62.4,299.8,568.7,330.3,97.8
SOUTH_KOREA,1960,-1.2,2.6,7.3,10.5,15.9,20.6,25.0,25.7,20.3,14.6,8.2,0.4,11.2,23.8,14.4,-0.7,-5.8,-2.7,2.2,4.8,10.8,16.0,21.3,21.4,15.9,9.1,3.0,-4.1,5.9,19.6,9.4,-5.5,3.4,8.0,12.4,16.2,21.0,25.2,28.7,30.1,24.7,20.1,13.4,5.0,16.5,28.0,19.4,4.1,6.7,5.0,9.9,7.8,11.0,11.8,13.3,9.8,11.7,6.0,9.7,8.6,28.8,34.8,27.3,23.5,17.6,17.8,73.5,62.8,166.5,165.8,209.9,109.9,262.7,43.0,60.1,25.2,302.9,485.5,365.7,82.0
SOUTH_KOREA,1961,-2.6,0.1,6.1,11.5,16.6,20.9,25.8,25.8,21.4,15.8,9.1,1.5,11.4,24.2,15.4,0.3,-7.4,-5.0,1.0,5.6,11.2,16.4,22.3,22.1,17.0,10.8,4.3,-3.2,5.9,20.3,10.7,-4.3,2.1,5.2,11.3,17.5,22.0,25.4,29.2,29.5,26.0,20.7,13.9,6.2,16.9,28.1,20.2,4.9,8.0,6.9,10.2,8.7,10.5,8.7,13.6,14.1,11.1,10.1,11.1,10.0,29.4,36.4,32.3,23.6,30.0,26.8,102.6,85.9,135.8,107.8,275.2,363.4,187.5,147.5,104.4,50.3,324.4,746.3,439.4,91.4
SOUTH_KOREA,1962,-1.8,1.1,4.6,10.1,16.5,20.0,24.4,24.5,20.0,13.6,7.0,2.6,10.4,23.0,13.5,-1.2,-6.1,-3.8,-0.8,4.4,10.1,15.1,20.7,20.7,15.6,7.7,2.6,-2.4,4.5,18.8,8.6,-6.1,2.5,6.0,10.0,15.9,23.0,25.0,28.1,28.5,24.4,19.5,11.4,7.5,16.3,27.2,18.4,3.6,6.7,6.9,6.5,9.7,5.1,10.2,15.4,14.6,12.3,7.0,10.4,7.9,21.3,40.2,29.7,20.5,17.7,23.4,27.7,102.6,30.3,123.6,257.7,295.4,256.5,48.9,66.7,24.6,160.6,676.7,372.0,55.7
SOUTH_KOREA,1963,-5.2,-1.1,5.3,10.9,16.0,19.8,24.1,24.7,19.6,13.3,7.6,2.7,10.7,22.9,13.5,0.8,-9.7,-6.0,-0.3,6.3,11.3,15.9,20.8,20.9,14.7,7.3,2.3,-2.2,5.8,19.2,8.1,-3.5,-0.8,3.9,10.8,15.6,20.8,23.7,27.5,28.7,24.5,19.3,13.0,7.5,15.7,26.6,19.0,5.1,7.7,5.0,8.6,11.8,12.3,16.3,17.5,11.1,7.0,5.9,6.7,8.0,32.7,44.8,19.6,28.2,21.0,10.0,47.6,156.1,206.5,474.9,350.5,164.6,49.6,42.9,24.7,27.1,410.2,990.0,117.2,142.7
SOUTH_KOREA,1964,0.9,-1.2,5.0,13.1,17.2,20.4,25.1,26.0,20.7,14.2,7.3,1.8,11.7,23.9,14.1,0.0,-3.3,-5.1,-0.1,8.5,11.7,16.0,21.5,22.0,16.6,9.0,1.9,-3.2,6.7,19.8,9.2,-4.8,5.2,2.6,10.1,17.7,22.7,24.9,28.8,30.1,24.9,19.5,12.7,6.9,16.8,27.9,19.0,4.9,10.2,9.9,7.9,14.3,8.8,11.1,13.6,10.5,11.6,6.4,6.6,4.8,31.0,35.1,24.6,20.2,48.7,66.9,53.6,269.3,100.7,143.7,267.3,129.7,251.5,38.8,25.0,11.1,423.6,540.7,315.3,71.9
SOUTH_KOREA,1965,-1.9,0.2,3.6,9.8,16.4,20.5,23.6,24.6,19.4,14.2,8.4,0.5,9.9,22.9,14.0,0.1,-6.8,-4.4,-2.0,4.1,10.8,15.3,20.5,20.7,13.8,8.2,3.5,-4.3,4.3,18.8,8.5,-4.9,2.9,4.9,9.2,15.5,22.0,25.7,26.7,28.6,25.0,20.2,13.3,5.3,15.6,27.0,19.5,5.2,8.9,6.5,7.1,7.5,8.1,7.3,17.7,13.2,5.0,6.6,11.6,8.1,22.6,38.2,23.2,23.3,38.1,22.7,33.8,69.9,82.0,51.9,491.4,228.4,28.5,45.8,111.5,26.8,185.7,771.8,185.8,96.6
SOUTH_KOREA,1966,-1.9,1.8,6.0,11.0,16.5,20.0,23.8,26.2,19.5,14.5,7.1,-0.0,11.2,23.3,13.7,-0.9,-6.8,-3.5,1.7,5.8,10.8,15.6,20.4,22.3,15.0,9.5,1.5,-4.5,6.1,19.4,8.7,-5.5,3.1,7.1,10.3,16.3,22.3,24.5,27.2,30.2,24.0,19.6,12.6,4.5,16.3,27.3,18.7,3.7,5.8,9.4,11.8,8.2,8.4,11.4,15.3,12.4,10.4,8.0,9.4,6.8,28.4,39.1,27.7,24.2,12.7,57.1,134.5,71.2,106.7,144.9,302.7,240.1,139.7,89.0,66.5,17.9,312.4,687.8,295.1,93.6
SOUTH_KOREA,1967,-2.4,-0.3,5.5,11.3,17.7,21.2,24.6,26.5,20.4,14.2,7.3,-1.8,11.5,24.1,14.0,-2.0,-7.4,-4.6,0.5,6.3,11.8,16.5,21.1,22.5,15.4,8.2,2.6,-6.1,6.2,20.0,8.8,-6.7,2.6,4.0,10.7,16.3,23.6,26.0,28.2,30.6,25.4,20.3,12.1,2.5,16.9,28.3,19.2,2.6,9.3,8.2,9.7,10.2,6.8,10.5,14.6,9.5,7.7,5.3,10.7,5.6,26.7,34.6,23.7,17.5,35.3,40.3,76.0,117.8,48.9,166.3,217.0,135.3,117.5,34.8,86.5,12.0,242.7,518.6,238.8,43.9
SOUTH_KOREA,1968,-1.7,-2.6,5.0,11.6,15.7,20.2,23.9,24.2,20.0,13.1,8.0,4.2,10.8,22.8,13.7,1.0,-6.2,-7.7,-0.4,5.4,10.5,15.0,20.3,20.3,15.1,7.9,2.8,-0.2,5.2,18.5,8.6,-3.2,2.7,2.4,10.5,17.8,21.0,25.4,27.5,28.2,24.9,18.3,13.3,8.6,16.4,27.0,18.8,5.1,5.9,6.0,8.4,6.6,6.9,7.8,13.7,13.0,9.2,10.2,8.7,9.3,22.0,34.4,28.1,32.1,14.5,17.4,63.0,46.6,61.1,62.5,216.2,274.4,101.3,135.0,50.9,32.7,170.7,553.1,287.2,176.1
SOUTH_KOREA,1969,-1.2,-0.2,3.6,11.0,16.0,19.6,23.4,24.9,20.5,13.4,6.2,-0.1,10.2,22.7,13.3,-0.5,-5.3,-4.2,-1.4,5.5,10.7,14.5,19.9,21.1,16.3,7.4,1.1,-5.1,4.9,18.5,8.3,-5.6,2.9,3.8,8.7,16.6,21.4,24.7,26.9,28.8,24.6,19.4,11.2,4.9,15.5,26.8,18.4,4.7,12.2,10.6,6.7,12.0,10.3,9.1,15.4,14.0,11.1,3.8,7.7,8.6,29.0,38.6,22.5,23.3,75.9,67.5,28.5,197.1,146.9,100.9,292.2,323.1,301.9,11.0,39.4,37.2,372.6,716.2,352.3,108.7
SOUTH_KOREA,1970,-2.8,1.4,2.0,10.6,16.6,19.3,23.1,25.3,20.9,14.7,6.6,0.8,9.7,22.6,14.1,-0.2,-8.1,-3.8,-2.9,4.9,11.3,15.4,19.7,21.6,16.9,9.4,1.3,-4.0,4.4,18.9,9.2,-4.8,2.6,6.6,7.0,16.4,22.0,23.3,26.6,29.0,25.0,20.2,12.0,5.6,15.1,26.3,19.0,4.4,4.9,9.7,4.8,7.8,9.4,11.7,15.9,12.9,12.9,8.5,6.9,7.0,21.9,40.5,28.3,25.2,7.2,64.4,16.3,93.7,126.5,186.9,389.4,240.9,302.5,103.3,29.4,23.2,236.5,817.3,435.1,109.5
SOUTH_KOREA,1971,-1.7,0.2,3.9,11.0,16.2,20.5,24.8,24.2,19.8,12.9,8.1,1.1,10.4,23.1,13.6,1.2,-6.3,-4.3,-0.9,4.9,10.5,16.4,21.3,20.4,15.2,6.9,2.5,-4.0,4.8,19.4,8.2,-3.2,3.0,4.6,8.7,17.2,21.9,24.6,28.3,28.0,24.5,19.0,13.8,6.2,15.9,27.0,19.1,5.6,9.6,8.6,8.3,7.2,9.5,12.9,15.5,12.8,8.6,4.7,4.8,7.5,25.0,41.2,18.1,30.5,43.1,43.3,55.6,55.7,99.8,236.1,274.4,222.8,123.6,18.9,15.0,21.5,211.1,733.4,157.6,159.3
SOUTH_KOREA,1972,1.8,0.8,5.6,11.0,15.4,20.3,24.0,23.5,18.8,13.8,6.7,1.5,10.7,22.6,13.1,1.4,-2.6,-3.0,0.6,5.7,10.1,15.3,20.2,19.4,14.1,8.0,2.1,-3.3,5.5,18.3,8.1,-3.2,6.2,4.5,10.6,16.3,20.7,25.4,27.9,27.6,23.7,19.7,11.3,6.4,15.8,27.0,18.2,6.1,13.4,9.6,11.6,8.5,9.8,9.5,16.4,17.0,9.6,6.4,12.4,8.0,29.9,42.9,28.3,25.7,91.1,46.7,146.3,82.3,138.3,116.2,292.8,418.7,143.5,46.1,122.0,34.0,367.0,827.6,311.5,136.0
SOUTH_KOREA,1973,1.0,1.8,5.2,12.4,16.2,20.4,25.8,25.8,19.5,13.3,6.0,-0.9,11.2,24.0,12.9,-0.9,-3.2,-2.9,-0.4,6.7,10.9,15.9,21.6,21.6,14.7,8.0,0.7,-6.2,5.7,19.7,7.8,-6.1,5.3,6.5,10.8,18.1,21.5,24.9,30.1,29.9,24.3,18.6,11.4,4.4,16.8,28.3,18.1,4.3,11.4,6.4,4.3,10.6,10.0,9.8,10.6,10.2,10.3,8.0,6.9,5.7,25.0,30.6,25.3,21.0,73.8,28.2,11.0,134.8,146.6,109.6,131.1,139.9,156.3,83.7,34.3,13.7,292.4,380.6,274.3,81.7
SOUTH_KOREA,1974,-1.4,-0.4,4.3,11.1,16.3,19.4,22.1,24.6,19.6,13.5,6.4,1.1,10.6,22.0,13.2,-0.0,-6.9,-5.2,-0.8,5.4,10.7,14.3,19.1,20.3,14.3,8.0,0.9,-3.4,5.1,17.9,7.7,-4.6,4.1,4.3,9.4,16.8,22.0,24.6,25.2,28.9,25.1,19.1,11.8,5.6,16.1,26.2,18.7,4.6,6.9,8.3,8.5,11.2,11.7,9.6,16.9,11.8,7.4,8.1,5.5,8.7,31.3,38.3,21.0,22.4,27.8,40.3,57.5,168.8,218.2,125.8,408.0,190.6,56.7,86.9,17.7,37.5,444.5,724.4,161.3,80.2
SOUTH_KOREA,1975,-1.2,0.1,5.0,11.8,15.6,20.3,24.6,25.8,22.1,15.2,8.9,0.7,10.8,23.5,15.4,0.5,-5.7,-4.7,-0.5,6.3,10.5,15.8,21.0,21.4,17.8,10.3,4.1,-4.1,5.5,19.4,10.7,-4.4,3.4,4.8,10.4,17.2,20.8,24.7,28.2,30.2,26.4,20.1,13.7,5.5,16.1,27.7,20.0,5.5,7.0,6.6,9.0,11.2,8.5,10.6,14.9,9.9,11.6,8.8,9.5,9.0,28.6,35.4,29.8,27.0,21.6,21.1,70.2,155.5,106.2,133.3,328.1,125.3,206.2,82.5,77.5,42.1,331.9,586.7,366.2,165.4
SOUTH_KOREA,1976,-2.0,3.0,5.2,10.9,15.7,20.0,22.4,24.1,18.7,13.7,5.1,1.2,10.6,22.2,12.5,-1.6,-7.3,-1.8,0.1,5.2,10.0,15.5,18.6,20.4,13.6,8.2,-0.0,-3.7,5.1,18.2,7.2,-6.7,3.2,7.8,10.4,16.6,21.5,24.4,26.3,27.9,23.9,19.3,10.3,6.1,16.1,26.2,17.8,3.6,4.4,13.6,7.2,9.8,7.9,10.2,11.0,14.7,7.9,7.7,7.4,9.6,24.9,35.9,23.1,18.2,7.6,115.8,43.1,118.5,66.5,133.6,117.2,329.9,69.7,67.4,39.5,45.4,228.1,580.7,176.6,58.4
SOUTH_KOREA,1977,-4.6,-1.3,5.8,11.9,16.1,20.3,25.2,23.6,20.8,16.0,8.2,3.4,11.3,23.0,15.0,0.8,-9.3,-7.1,0.5,6.2,10.6,15.7,21.3,19.3,15.9,9.7,3.4,-1.7,5.8,18.8,9.7,-4.1,0.2,4.5,11.2,17.7,21.7,25.0,29.2,28.0,25.7,22.4,13.0,8.5,16.8,27.4,20.4,5.7,4.9,3.7,9.0,13.4,8.9,9.7,11.6,10.1,7.4,4.6,10.5,9.0,31.3,31.3,22.5,25.1,8.1,4.9,66.9,219.0,97.6,116.6,158.4,132.2,103.7,23.9,90.6,39.5,383.4,407.1,218.3,110.0
SOUTH_KOREA,1978,-0.4,-0.6,4.9,11.7,17.1,21.1,26.1,25.6,20.4,14.4,8.2,2.7,11.2,24.3,14.3,2.1,-5.1,-5.6,-0.7,5.4,10.6,16.6,22.1,21.6,15.6,8.5,3.1,-2.6,5.1,20.1,9.0,-3.0,4.3,4.4,10.5,18.0,23.7,25.7,30.1,29.6,25.3,20.3,13.3,8.0,17.4,28.5,19.6,7.2,7.5,8.6,8.8,5.8,4.2,15.6,11.6,12.9,7.5,7.9,6.9,9.2,18.8,40.2,22.3,29.8,28.0,42.6,58.5,31.7,16.3,408.5,200.8,256.0,80.0,81.4,38.8,37.3,106.5,865.3,200.2,158.4
SOUTH_KOREA,1979,1.4,2.3,6.0,10.7,15.8,21.2,23.6,24.8,19.7,15.2,6.9,2.7,10.8,23.2,14.0,0.1,-3.6,-2.7,0.4,5.3,9.9,17.2,19.8,20.7,14.9,8.8,1.4,-2.4,5.2,19.2,8.4,-4.9,6.3,7.3,11.7,16.1,21.7,25.2,27.4,29.0,24.5,21.7,12.4,7.8,16.5,27.2,19.6,5.1,9.0,11.6,9.0,10.4,9.5,15.0,12.3,12.9,8.5,4.6,7.0,9.4,28.9,40.2,20.0,24.3,39.9,81.2,65.2,120.3,124.2,309.7,188.0,306.2,145.7,22.0,31.3,44.7,309.7,803.9,198.9,99.8
SOUTH_KOREA,1980,-1.2,-1.1,5.3,10.3,16.1,21.0,22.4,22.2,18.9,13.3,8.5,-1.0,10.6,21.8,13.6,-1.7,-6.0,-6.4,-0.0,4.7,10.1,16.4,18.9,18.8,13.6,8.0,2.7,-5.8,4.9,18.1,8.1,-6.6,3.6,4.1,10.6,16.0,22.2,25.7,25.8,25.5,24.2,18.7,14.3,3.8,16.3,25.7,19.1,3.2,9.1,5.8,9.1,11.4,9.7,11.1,16.8,15.3,7.5,8.3,7.1,9.4,30.2,43.2,22.9,24.4,37.0,18.1,65.7,171.2,138.0,184.8,334.2,341.4,96.2,102.6,37.3,41.5,374.9,860.4,236.1,106.9
SOUTH_KOREA,1981,-3.9,-0.2,5.5,11.3,15.7,20.6,25.3,24.2,19.2,13.3,5.0,1.1,10.8,23.4,12.5,0.1,-9.1,-5.0,-0.4,5.3,9.7,15.6,21.5,19.9,14.0,7.7,0.1,-4.3,4.9,19.0,7.2,-5.3,1.3,4.6,11.3,17.4,21.6,25.5,29.1,28.6,24.5,18.9,9.9,6.6,16.8,27.7,17.8,5.4,7.3,7.7,7.3,8.5,7.4,11.9,15.2,12.3,12.5,7.4,7.7,5.2,23.2,39.4,27.7,19.3,29.4,36.0,33.7,69.8,57.6,177.7,305.6,253.8,247.9,60.2,36.3,12.8,161.2,737.2,344.4,61.8
SOUTH_KOREA,1982,-1.8,0.8,6.2,11.2,17.4,20.7,23.3,24.7,19.5,15.0,8.8,1.5,11.6,22.9,14.4,0.2,-6.9,-4.7,0.7,5.0,11.8,15.3,18.9,20.9,14.0,8.9,4.1,-3.5,5.8,18.4,9.0,-4.8,3.3,6.3,11.8,17.4,23.1,26.1,27.8,28.6,24.9,21.3,13.6,6.4,17.4,27.5,20.0,5.1,7.9,6.2,8.8,7.5,9.2,5.3,14.7,13.0,5.2,6.5,12.2,8.3,25.5,33.1,23.9,23.4,26.1,22.9,63.8,67.5,107.5,33.0,215.3,268.3,31.1,44.4,117.0,36.2,238.9,516.6,192.5,96.7
SOUTH_KOREA,1983,-0.6,-0.4,5.9,12.7,16.8,20.5,23.4,25.4,21.2,14.5,7.0,0.4,11.8,23.1,14.2,-1.7,-5.6,-5.4,0.8,6.7,10.9,15.2,19.8,21.3,16.9,9.2,1.6,-4.8,6.1,18.8,9.3,-6.8,4.5,4.5,11.2,18.7,22.7,25.8,27.1,29.5,25.5,19.7,12.4,5.5,17.5,27.5,19.2,3.4,7.3,7.8,10.4,10.0,8.3,9.1,15.8,10.9,12.5,7.5,6.2,6.4,28.7,35.8,26.2,19.2,24.2,36.4,83.7,136.7,72.5,126.0,282.0,188.5,247.9,66.8,25.0,13.2,292.9,596.5,339.7,42.7
SOUTH_KOREA,1984,-3.4,-2.0,3.3,11.0,16.3,21.3,24.5,26.0,19.8,13.8,8.6,1.1,10.2,23.9,14.0,-0.3,-8.5,-7.2,-2.0,5.3,10.2,16.7,20.7,21.9,15.0,7.8,3.1,-3.5,4.5,19.8,8.6,-5.1,1.6,3.1,8.5,16.8,22.4,26.0,28.4,30.1,24.7,19.8,14.1,5.6,15.9,28.1,19.5,4.5,6.0,6.7,5.5,10.1,7.2,11.6,13.5,12.5,12.1,5.1,8.3,8.6,22.7,37.7,25.5,24.3,10.9,18.6,20.0,126.0,64.3,180.4,282.7,222.2,264.6,29.0,55.2,28.7,210.3,685.2,348.9,94.2
SOUTH_KOREA,1985,-3.1,1.0,5.1,11.3,17.0,20.3,24.9,25.9,20.9,14.8,7.0,-0.8,11.1,23.7,14.2,-1.8,-8.5,-3.5,0.1,5.1,11.4,15.8,21.0,21.9,16.9,9.8,2.4,-5.6,5.5,19.6,9.7,-6.8,2.2,5.5,10.0,17.5,22.5,24.9,28.8,30.0,25.0,19.9,11.6,4.0,16.7,27.9,18.8,3.3,6.0,9.6,10.0,9.4,11.2,12.4,13.5,13.2,11.9,9.7,9.9,8.8,30.6,39.0,31.6,22.7,14.8,50.7,87.0,93.3,196.0,257.9,232.4,301.2,243.0,182.2,76.2,34.8,376.3,791.5,501.4,74.8
SOUTH_KOREA,1986,-2.8,-1.7,5.1,11.6,16.1,20.6,22.7,24.6,19.2,12.6,6.6,3.1,11.0,22.6,12.8,1.3,-8.0,-6.8,-0.4,5.3,10.3,16.1,19.2,20.3,14.4,7.3,1.3,-1.7,5.1,18.5,7.6,-3.6,2.3,3.5,10.7,18.0,22.0,25.0,26.2,28.9,24.1,17.9,12.0,7.9,16.9,26.7,18.0,6.2,6.7,7.2,8.3,7.4,9.7,13.2,14.4,12.7,10.4,8.5,5.8,10.2,25.4,40.3,24.7,29.1,15.1,25.0,51.5,55.1,128.9,256.0,227.0,234.8,148.0,92.0,22.1,51.9,235.4,717.8,262.1,165.1
SOUTH_KOREA,1987,-0.7,1.5,4.9,10.9,16.3,20.9,23.5,24.1,19.2,15.5,8.3,2.2,10.7,22.8,14.4,0.7,-5.6,-3.5,-0.2,4.7,10.3,15.6,20.0,20.5,14.0,9.9,2.9,-3.3,4.9,18.7,9.0,-4.6,4.3,6.5,9.9,17.1,22.2,26.2,27.1,27.7,24.4,21.2,13.8,7.7,16.4,27.0,19.8,5.9,9.9,9.0,10.4,8.4,8.8,11.7,20.5,17.4,7.4,6.5,9.3,3.3,27.6,49.6,23.2,15.5,62.2,51.0,62.9,74.0,95.3,158.8,456.8,449.1,53.7,60.6,66.2,7.1,232.1,1064.8,180.5,36.8
SOUTH_KOREA,1988,-0.0,-0.2,4.5,11.1,16.5,20.9,23.9,24.9,20.4,14.8,6.6,1.6,10.7,23.3,13.9,1.9,-5.0,-5.4,-0.7,4.8,10.6,16.2,20.4,20.3,15.4,8.5,0.8,-3.7,4.9,19.0,8.2,-2.9,5.0,5.1,9.7,17.3,22.5,25.7,27.5,29.5,25.4,21.0,12.4,6.9,16.5,27.6,19.6,6.7,6.0,6.2,9.4,7.7,8.5,9.8,15.6,11.1,7.2,3.7,6.6,6.0,25.6,36.6,17.5,31.1,16.4,13.2,60.5,74.8,90.9,124.0,301.1,117.3,85.1,11.9,19.2,18.8,226.2,542.4,116.2,216.0
SOUTH_KOREA,1989,1.5,2.6,6.0,13.0,16.6,19.8,23.7,24.5,20.2,13.9,7.8,2.8,11.9,22.7,13.9,1.7,-2.8,-2.3,0.6,6.3,10.7,15.0,19.8,20.2,15.7,7.7,2.9,-2.1,5.9,18.3,8.8,-2.9,5.8,7.4,11.4,19.8,22.4,24.7,27.6,28.8,24.7,20.1,12.7,7.7,17.9,27.1,19.2,6.2,14.1,11.0,10.3,5.4,8.8,11.9,14.4,12.1,12.2,6.7,11.5,7.1,24.6,38.4,30.4,31.2,108.0,89.2,92.0,35.7,65.3,201.9,342.0,207.9,219.5,37.9,94.3,31.1,193.0,751.7,351.7,202.3
SOUTH_KOREA,1990,-1.4,3.6,7.2,11.1,16.0,21.2,25.0,26.3,20.9,14.9,10.2,2.2,11.4,24.2,15.3,0.6,-6.1,-0.4,2.0,5.5,10.9,17.0,21.3,21.6,16.4,9.0,4.8,-2.9,6.1,20.0,10.1,-4.3,3.4,7.7,12.4,16.7,21.2,25.4,28.8,31.1,25.5,20.9,15.6,7.4,16.8,28.4,20.7,5.6,11.8,12.4,9.8,9.2,10.1,16.5,14.6,10.9,14.1,4.9,9.1,8.3,29.1,42.0,28.0,25.3,54.8,116.3,73.0,106.2,125.0,345.4,258.4,180.8,278.3,27.3,66.2,29.6,304.3,784.6,371.8,111.9
SOUTH_KOREA,1991,-0.5,0.2,5.6,11.8,16.1,21.5,24.1,23.7,20.7,14.1,7.3,3.4,11.2,23.1,14.0,2.0,-5.3,-4.6,0.6,5.3,10.4,16.9,20.6,19.6,16.1,8.0,1.5,-1.6,5.4,19.0,8.5,-3.0,4.4,5.0,10.6,18.4,21.8,26.1,27.5,27.8,25.3,20.3,13.2,8.3,17.0,27.2,19.6,7.0,7.4,9.6,10.8,9.4,9.5,11.6,18.0,12.6,10.1,4.8,5.6,11.3,29.7,42.2,20.4,27.9,30.8,51.5,92.7,90.1,87.1,166.5,392.0,244.9,171.6,24.4,24.3,64.7,269.8,803.4,220.4,129.9
SOUTH_KOREA,1992,1.0,1.6,6.9,11.9,15.8,19.9,24.5,24.3,20.5,13.8,7.3,2.7,11.5,22.9,13.9,1.4,-3.7,-3.9,1.9,5.8,10.0,14.7,20.4,20.5,15.9,8.2,1.6,-2.0,5.9,18.5,8.6,-3.4,5.7,7.0,11.9,18.1,21.6,25.2,28.7,28.2,25.2,19.4,13.0,7.4,17.2,27.4,19.2,6.3,8.9,7.6,8.6,9.4,9.6,7.6,10.0,14.1,11.0,5.3,7.9,11.4,27.6,31.6,24.3,28.5,28.0,37.3,63.0,121.2,110.4,58.6,170.9,294.9,187.1,36.8,41.5,55.4,294.5,524.3,265.4,162.1
SOUTH_KOREA,1993,-0.4,2.0,5.5,10.8,16.3,20.4,22.2,22.4,19.9,13.5,8.9,1.5,10.9,21.7,14.1,0.8,-5.0,-3.3,-0.1,4.7,10.5,16.1,18.6,18.6,14.7,7.5,4.3,-3.5,5.1,17.8,8.9,-4.3,4.2,7.3,11.1,17.0,22.2,24.8,25.9,26.2,25.1,19.6,13.5,6.6,16.8,25.6,19.4,5.8,8.4,8.7,7.6,6.2,10.7,13.0,16.5,15.5,7.0,5.5,11.0,7.6,24.5,45.1,23.6,20.7,30.3,76.4,54.1,52.4,138.3,211.1,311.7,404.5,73.8,47.0,81.4,28.0,244.8,927.3,202.2,85.9
SOUTH_KOREA,1994,-0.3,1.1,4.4,13.0,17.2,20.8,26.9,26.9,21.1,15.4,9.7,3.0,11.6,24.9,15.4,1.2,-5.2,-4.0,-1.0,6.8,11.6,15.7,22.5,22.6,15.8,9.8,4.4,-1.9,5.8,20.3,10.0,-3.8,4.6,6.3,9.8,19.3,22.9,26.0,31.3,31.2,26.4,21.1,15.1,7.9,17.3,29.5,20.9,6.3,7.2,5.9,6.6,8.1,9.9,9.5,7.0,10.5,6.0,8.6,7.3,6.5,24.6,27.0,21.9,20.0,29.2,28.6,34.9,62.7,154.3,114.5,107.9,183.9,80.9,122.9,40.5,17.9,251.9,406.3,244.4,72.2
SOUTH_KOREA,1995,-0.7,1.4,6.1,11.1,16.0,19.9,24.4,26.4,19.7,15.3,6.8,0.5,11.1,23.6,13.9,-0.1,-5.7,-4.0,0.9,4.9,10.2,15.1,20.8,22.4,14.9,9.5,1.0,-4.5,5.3,19.5,8.5,-5.2,4.2,6.9,11.3,17.3,22.0,24.7,28.1,30.4,24.6,21.1,12.6,5.5,16.9,27.8,19.5,5.0,7.8,5.7,9.2,8.5,8.8,9.7,14.0,15.0,7.7,5.8,6.6,4.9,26.5,38.7,20.1,17.4,30.7,23.6,58.6,84.9,88.3,97.5,232.6,341.9,69.3,37.6,20.4,9.0,231.8,672.0,127.3,48.2
SOUTH_KOREA,1996,-0.6,-0.3,5.1,9.7,16.6,21.0,24.2,25.3,20.4,14.7,8.0,2.2,10.4,23.5,14.4,0.9,-5.7,-5.5,-0.1,3.6,10.6,16.9,20.4,21.1,15.3,9.0,3.1,-3.3,4.7,19.5,9.2,-4.5,4.5,4.9,10.2,15.8,22.7,25.3,28.1,29.5,25.6,20.4,12.9,7.7,16.2,27.6,19.6,6.2,6.7,5.9,11.1,6.9,6.4,16.3,13.5,10.4,5.5,8.5,10.4,6.5,24.4,40.2,24.4,19.7,27.5,11.7,122.2,61.2,52.9,347.3,221.6,145.7,42.9,74.7,67.1,29.1,236.3,714.6,184.7,77.7
SOUTH_KOREA,1997,-1.0,1.4,6.8,12.0,17.0,21.8,24.5,25.2,19.9,14.1,9.1,2.7,12.0,23.8,14.4,1.9,-6.2,-4.1,1.2,6.0,11.8,16.6,20.5,21.1,15.1,8.1,3.9,-1.9,6.3,19.4,9.0,-2.8,4.1,6.8,12.5,18.0,22.3,27.0,28.4,29.4,24.8,20.2,14.4,7.4,17.6,28.3,19.8,6.6,6.7,6.5,7.9,9.0,12.6,10.9,14.2,12.7,6.9,3.2,12.5,10.7,29.5,37.8,22.6,30.2,18.1,30.6,44.6,77.4,190.5,224.3,276.0,252.4,54.4,12.2,144.6,68.0,312.4,752.7,211.2,178.0
SOUTH_KOREA,1998,-0.4,3.3,6.9,14.1,18.0,20.7,24.7,25.6,21.9,16.5,8.4,3.4,13.0,23.7,15.6,1.6,-4.9,-1.6,1.3,8.7,12.6,16.6,21.3,21.9,17.1,11.4,3.1,-1.9,7.6,19.9,10.5,-3.6,4.2,8.3,12.6,19.6,23.5,24.8,28.2,29.4,26.6,21.8,13.8,8.7,18.6,27.5,20.7,6.8,11.0,8.5,7.7,11.1,9.6,15.1,15.9,15.8,9.9,7.6,6.9,3.7,28.5,46.8,24.4,15.2,53.4,56.6,54.6,169.6,126.0,305.6,272.8,394.5,250.6,72.7,30.8,6.2,350.1,972.9,354.2,60.0
SOUTH_KOREA,1999,0.1,1.3,6.8,12.0,17.0,21.4,23.6,24.7,22.1,15.1,8.3,1.8,11.9,23.2,15.1,0.5,-4.9,-3.9,1.5,6.2,11.0,16.6,20.0,20.9,17.8,9.6,3.0,-3.3,6.2,19.1,10.2,-4.5,5.2,6.5,12.1,17.9,23.0,26.2,27.2,28.6,26.5,20.6,13.5,6.9,17.7,27.4,20.2,5.4,5.9,5.6,10.3,9.2,10.1,12.1,15.2,17.6,15.0,8.7,7.1,5.3,29.7,44.9,30.8,21.2,26.3,27.4,101.7,88.8,150.5,196.6,300.5,416.3,346.9,110.6,26.2,11.2,341.1,913.4,483.7,54.5
SOUTH_KOREA,2000,0.0,-0.4,6.0,11.5,16.8,21.2,25.5,25.7,20.1,15.1,8.1,2.3,11.4,24.1,14.5,0.7,-4.6,-5.6,0.3,5.6,11.1,16.2,21.3,21.6,15.5,9.9,3.0,-2.9,5.6,19.7,9.5,-4.3,4.6,4.8,11.8,17.4,22.5,26.4,29.7,29.8,24.8,20.4,13.3,7.6,17.2,28.6,19.5,5.7,11.5,4.4,6.3,5.9,7.5,11.9,10.4,14.1,12.7,5.8,8.2,5.6,19.7,36.3,26.7,27.5,37.4,5.9,30.3,42.1,59.4,181.3,230.6,368.9,250.3,39.9,57.6,14.9,131.7,780.7,347.8,133.1
SOUTH_KOREA,2001,-1.6,1.3,5.9,12.4,17.7,21.5,25.6,25.6,20.9,15.9,7.7,1.3,12.0,24.2,14.8,1.7,-6.2,-3.8,0.2,5.8,12.1,17.0,21.5,21.2,15.9,10.6,2.2,-3.7,6.1,19.9,9.6,-3.3,3.0,6.4,11.6,19.1,23.4,26.1,29.7,30.1,26.0,21.2,13.2,6.2,18.0,28.6,20.2,6.7,11.3,10.5,6.8,5.6,6.5,13.5,15.0,10.9,7.5,9.7,5.9,8.5,18.9,39.4,23.1,23.6,56.2,62.0,20.3,31.7,55.7,270.2,282.7,149.1,97.0,111.8,24.6,36.9,107.6,701.9,233.4,107.0
SOUTH_KOREA,2002,1.1,2.7,8.0,13.2,16.8,21.5,24.7,24.4,20.5,13.9,5.3,2.3,12.7,23.5,13.3,1.1,-3.4,-2.7,2.4,7.5,11.4,16.3,21.0,20.7,15.5,8.5,0.2,-2.1,7.1,19.3,8.1,-3.5,5.6,8.2,13.7,19.0,22.3,26.7,28.4,28.1,25.6,19.4,10.5,6.8,18.3,27.7,18.5,5.8,11.0,4.1,7.9,10.2,10.0,8.1,15.4,17.3,6.9,8.8,5.4,10.5,28.1,40.7,21.1,28.1,58.7,11.4,63.7,161.2,114.3,77.0,294.5,471.4,89.0,73.1,16.1,46.7,339.1,842.9,178.2,125.7
SOUTH_KOREA,2003,-1.3,2.4,5.9,12.5,17.2,21.0,22.6,24.0,21.0,14.1,10.0,2.2,11.9,22.5,15.0,1.5,-6.0,-2.3,0.8,7.1,11.7,16.5,19.2,20.2,16.6,8.3,5.3,-2.6,6.5,18.6,10.1,-3.6,3.3,7.2,11.0,17.9,22.8,25.5,26.1,27.9,25.5,20.0,14.6,7.0,17.3,26.5,20.1,6.6,8.4,9.2,9.9,12.0,10.8,12.2,18.9,17.4,11.6,5.1,12.1,6.0,32.7,48.5,28.8,21.7,28.6,50.5,64.4,183.1,178.0,230.2,500.3,421.9,241.8,28.4,89.5,19.3,425.6,1152.4,359.7,94.6
SOUTH_KOREA,2004,-0.8,3.0,6.4,12.6,17.1,21.8,25.3,25.2,20.9,14.7,9.3,3.4,12.0,24.1,15.0,0.7,-5.7,-2.5,0.6,6.2,11.9,16.8,21.7,21.1,16.5,9.0,4.0,-1.7,6.2,19.9,9.8,-4.2,4.2,8.5,12.2,19.1,22.3,26.8,29.0,29.4,25.4,20.5,14.7,8.4,17.9,28.4,20.2,5.5,7.9,7.9,6.8,8.1,12.0,11.4,14.2,12.8,13.3,4.5,8.2,7.9,27.0,38.4,26.0,23.7,17.7,57.6,36.6,113.1,156.2,186.1,288.1,343.4,228.2,24.2,51.4,38.9,305.9,817.5,303.7,100.4
SOUTH_KOREA,2005,-1.1,-0.3,4.7,12.6,16.7,22.2,24.6,25.2,21.6,15.2,8.7,-1.7,11.4,24.0,15.2,-0.1,-5.7,-5.2,-0.9,6.9,10.9,17.6,21.0,21.4,17.3,9.7,3.3,-6.6,5.6,20.0,10.1,-4.9,3.5,4.6,10.4,18.4,22.6,26.9,28.3,29.1,26.1,20.7,14.2,3.2,17.1,28.1,20.3,4.7,6.5,9.4,8.1,7.7,8.0,10.1,16.8,14.2,11.6,5.9,7.1,5.9,23.7,41.0,24.6,22.8,18.0,43.6,65.1,79.1,100.2,163.2,257.0,260.5,220.4,43.3,44.9,16.9,244.4,680.7,308.7,88.3
SOUTH_KOREA,2006,0.1,1.2,5.5,10.9,16.6,20.9,23.6,26.3,19.9,16.7,9.1,2.5,11.0,23.6,15.2,2.5,-4.5,-3.6,-0.1,5.4,11.4,16.3,20.4,22.2,15.1,11.2,4.2,-2.2,5.6,19.6,10.2,-2.4,4.7,6.1,11.1,16.4,21.9,25.5,26.9,30.5,24.7,22.2,14.1,7.3,16.5,27.6,20.3,7.4,7.8,9.0,5.4,10.5,12.3,11.7,18.9,10.1,6.7,5.7,9.0,7.9,28.2,40.6,21.3,21.5,34.6,36.8,26.1,114.5,206.1,178.1,602.3,163.6,90.4,61.7,50.4,24.7,346.7,944.0,202.4,92.5
SOUTH_KOREA,2007,1.0,4.1,6.7,11.4,17.1,21.4,23.4,26.1,21.6,15.5,7.8,3.1,11.8,23.6,14.9,1.0,-3.8,-1.2,1.6,5.8,11.6,16.8,19.8,22.3,17.5,10.2,2.6,-1.4,6.3,19.6,10.1,-3.7,5.7,9.3,11.9,17.1,22.8,26.0,26.9,29.9,25.7,20.7,13.0,7.6,17.3,27.6,19.8,5.7,6.1,7.5,10.2,7.3,10.8,9.7,14.4,14.4,13.3,6.3,5.0,8.8,28.3,38.5,24.6,21.8,16.8,51.1,100.9,53.6,142.3,96.3,278.9,252.4,298.9,84.5,17.0,35.7,296.9,627.6,400.4,102.0
SOUTH_KOREA,2008,-0.1,0.0,6.9,12.5,16.8,20.3,25.5,24.7,21.2,15.9,8.1,2.4,12.1,23.5,15.1,1.8,-4.5,-5.2,1.6,6.7,11.3,16.1,21.9,20.7,16.7,10.5,3.1,-2.7,6.5,19.6,10.1,-3.1,4.3,5.3,12.3,18.4,22.3,24.5,29.2,28.8,25.8,21.4,13.1,7.5,17.7,27.5,20.1,6.8,9.1,3.9,9.5,7.1,8.9,13.4,14.4,14.3,9.3,5.0,7.3,7.7,25.6,42.2,21.7,23.9,48.8,17.5,66.0,66.4,130.8,226.1,245.8,263.4,73.6,39.9,28.2,25.3,263.2,735.3,141.7,95.1
SOUTH_KOREA,2009,-0.6,3.7,6.6,12.1,17.4,21.4,23.6,24.4,20.6,15.5,7.8,1.4,12.0,23.1,14.6,0.9,-5.5,-1.2,1.3,5.9,11.7,16.9,20.0,20.5,15.9,9.8,3.2,-3.2,6.3,19.1,9.6,-3.8,4.3,8.6,11.9,18.3,23.2,25.9,27.3,28.4,25.4,21.2,12.4,6.0,17.8,27.2,19.7,5.6,7.5,8.6,8.8,7.9,8.2,10.5,19.5,12.3,7.1,8.4,10.3,8.7,24.9,42.3,25.8,27.8,20.0,49.8,61.6,78.4,116.7,152.2,478.6,157.4,54.4,69.6,69.0,26.3,256.7,788.2,193.0,136.5
SOUTH_KOREA,2010,-1.2,2.5,5.7,9.9,16.3,21.6,24.9,26.7,21.9,15.0,7.4,1.4,10.6,24.4,14.8,-0.2,-6.2,-2.0,1.1,4.6,11.0,16.8,21.5,23.0,17.5,9.8,2.0,-3.7,5.6,20.4,9.8,-5.2,3.7,7.0,10.3,15.3,21.7,26.4,28.4,30.3,26.3,20.1,12.9,6.5,15.8,28.4,19.8,4.8,8.4,10.8,12.6,10.1,9.2,10.6,14.0,14.5,13.3,6.6,5.4,9.8,31.9,39.1,25.3,24.7,34.2,76.0,108.0,112.6,126.2,127.8,285.7,298.1,264.6,51.8,19.4,39.7,346.8,711.5,335.7,117.6
SOUTH_KOREA,2011,-4.0,2.0,4.3,10.7,16.6,21.3,24.9,25.0,21.0,14.6,10.5,0.9,10.6,23.7,15.4,-0.3,-8.9,-3.1,-1.2,4.9,11.5,17.0,21.4,21.4,16.4,9.1,5.9,-3.5,5.1,19.9,10.4,-5.0,0.8,7.1,9.9,16.7,21.9,25.5,28.4,28.6,25.7,20.2,15.2,5.3,16.1,27.5,20.4,4.4,5.4,9.5,5.0,9.7,9.2,15.5,16.3,14.0,6.6,6.5,11.1,7.0,23.9,45.8,24.2,21.3,14.2,63.7,25.7,108.0,120.7,331.7,371.3,224.9,65.9,66.9,112.3,24.3,254.4,927.9,245.1,73.4
SOUTH_KOREA,2012,-1.2,-0.6,5.5,12.1,17.5,21.5,25.0,26.3,20.5,14.9,6.7,-0.8,11.7,24.3,14.1,-0.6,-5.9,-5.6,0.7,6.3,11.9,17.2,21.4,22.5,16.1,9.3,1.9,-5.5,6.3,20.4,9.1,-5.4,3.4,4.4,10.5,17.9,23.1,26.0,28.6,30.2,25.0,20.7,11.6,3.9,17.2,28.2,19.1,4.2,6.6,7.6,9.9,11.0,5.5,9.8,16.8,15.9,11.3,6.7,10.6,12.0,26.4,42.5,28.6,29.5,22.6,26.5,104.5,156.1,45.3,114.5,341.4,387.5,264.3,72.5,66.1,65.8,305.9,843.4,402.9,162.5
SOUTH_KOREA,2013,-1.5,0.7,6.5,10.4,17.0,21.9,26.0,27.0,21.1,15.9,7.3,1.3,11.3,25.0,14.8,1.2,-6.4,-4.3,0.6,4.6,11.3,17.6,22.6,22.8,16.6,10.5,2.3,-3.4,5.5,21.0,9.8,-3.6,3.3,5.6,12.5,16.3,22.8,26.3,29.4,31.2,25.8,21.3,12.4,6.0,17.2,29.0,19.8,5.9,7.0,10.5,7.4,8.1,8.3,9.3,13.6,10.4,8.5,7.2,9.9,8.5,23.7,33.3,25.6,24.0,29.0,67.7,60.7,87.4,139.6,99.8,292.7,175.4,112.9,81.6,57.2,24.7,287.7,567.9,251.7,98.4
SOUTH_KOREA,2014,0.2,1.9,7.1,12.5,17.6,21.4,24.6,23.9,20.7,15.2,9.0,-0.2,12.4,23.3,15.0,0.6,-4.8,-2.6,1.7,6.5,11.6,17.2,20.8,20.4,16.0,9.8,3.9,-5.1,6.6,19.5,9.9,-4.2,5.3,6.4,12.6,18.4,23.6,25.6,28.5,27.4,25.4,20.7,14.1,4.7,18.2,27.2,20.1,5.4,6.3,9.2,7.7,8.3,7.2,9.1,14.7,16.3,8.2,8.1,8.3,8.3,23.2,40.1,24.6,23.3,19.4,54.3,74.5,90.9,79.6,88.9,182.6,423.1,103.3,110.4,59.9,29.9,245.0,694.6,273.6,98.0
SOUTH_KOREA,2015,0.3,1.8,6.3,12.5,17.8,21.1,24.1,25.1,20.3,15.1,9.9,3.5,12.2,23.4,15.1,1.5,-4.4,-3.1,0.5,6.9,11.9,16.5,20.5,21.0,15.5,9.3,5.8,-1.0,6.4,19.3,10.2,-3.2,5.0,6.6,12.2,18.2,23.9,25.7,27.8,29.2,25.2,20.8,14.0,8.0,18.1,27.6,20.0,6.3,8.1,6.9,5.6,11.7,7.1,11.5,13.7,11.7,7.8,6.1,13.6,9.6,24.4,36.9,27.5,25.5,36.2,31.9,47.3,149.5,78.7,127.8,203.5,182.8,84.1,67.0,126.9,45.4,275.6,514.1,278.0,145.2
SOUTH_KOREA,2016,-0.6,1.7,7.1,13.3,18.2,21.9,25.3,26.7,21.5,16.1,8.1,3.2,12.8,24.6,15.3,1.6,-5.3,-3.5,1.6,7.5,12.2,17.5,21.8,22.3,17.4,11.3,3.1,-1.8,7.1,20.5,10.6,-3.6,4.0,6.9,12.5,19.1,24.1,26.3,28.9,31.1,25.7,21.0,13.2,8.2,18.6,28.8,19.9,6.7,7.3,8.6,8.0,10.3,9.9,10.2,14.2,6.7,9.6,11.1,8.8,10.4,28.2,31.1,29.5,24.5,42.4,57.5,68.7,157.7,130.1,116.2,272.1,106.3,172.2,154.8,47.8,64.8,356.5,494.6,374.8,115.5
SOUTH_KOREA,2017,0.0,1.5,6.1,13.2,18.2,21.3,26.4,26.0,20.7,15.4,7.2,0.1,12.5,24.5,14.4,-0.7,-5.0,-4.0,0.5,7.3,12.3,16.2,22.9,22.1,15.8,10.4,1.8,-4.9,6.7,20.4,9.3,-5.7,5.1,7.0,11.7,19.1,24.2,26.4,30.0,29.8,25.7,20.4,12.6,5.1,18.3,28.7,19.6,4.4,6.9,7.1,8.0,8.4,4.9,7.7,15.0,12.7,7.3,8.9,5.6,7.7,21.3,35.4,21.8,22.6,20.0,30.8,27.1,80.6,34.6,61.4,237.7,267.7,106.5,97.6,19.4,25.9,142.3,566.7,223.5,97.8
SOUTH_KOREA,2018,-2.0,-0.1,7.7,13.1,17.5,21.8,26.6,27.2,20.7,14.1,8.7,2.0,12.8,25.2,14.5,1.6,-6.8,-5.5,2.1,7.2,12.2,17.0,22.6,23.1,16.4,8.7,3.5,-2.8,7.2,20.9,9.5,-3.5,2.8,5.2,13.4,19.1,22.7,26.6,30.6,31.3,25.1,19.6,13.9,6.8,18.4,29.5,19.5,6.8,7.7,7.2,10.0,9.4,10.7,10.8,10.6,11.9,10.6,8.2,8.2,9.4,30.1,33.3,27.1,20.5,28.0,43.9,124.2,143.3,153.5,191.9,176.2,237.0,165.4,147.3,51.1,42.0,421.0,605.2,363.7,92.6
SOUTH_KOREA,2019,0.4,2.5,7.4,11.8,18.3,21.2,24.4,26.1,21.8,16.2,8.9,3.1,12.5,23.9,15.6,2.9,-5.0,-2.6,1.8,6.0,12.0,16.5,21.0,22.1,17.5,11.1,3.5,-1.7,6.6,19.9,10.7,-1.9,5.8,7.6,13.0,17.6,24.6,26.0,27.9,30.1,26.1,21.3,14.3,7.9,18.4,28.0,20.6,7.7,3.8,7.3,8.0,8.6,6.1,9.8,14.4,12.5,12.5,7.2,8.2,7.9,22.7,36.7,27.9,30.2,12.0,38.6,50.9,78.8,57.6,190.4,268.3,202.0,250.3,118.7,45.6,37.2,187.3,660.7,414.6,200.9
SOUTH_KOREA,2020,2.3,3.3,7.8,10.7,17.4,22.5,22.8,26.6,20.6,14.7,9.1,1.2,11.9,23.9,14.8,1.5,-2.2,-1.8,1.8,4.8,12.2,17.8,19.4,23.0,16.2,9.2,3.8,-3.9,6.3,20.1,9.7,-3.9,6.8,8.5,13.7,16.7,22.5,27.2,26.2,30.2,25.0,20.2,14.5,6.4,17.7,27.9,19.9,6.8,11.8,10.5,6.5,5.8,9.5,12.5,18.3,14.0,13.0,3.3,7.7,4.5,21.8,44.9,24.0,18.6,96.7,67.0,39.5,57.9,114.5,236.3,434.9,347.5,241.5,19.9,45.0,12.6,211.9,1018.6,306.4,70.4
SOUTH_KOREA,2021,-0.5,3.6,8.8,13.1,17.0,22.0,26.2,25.3,21.6,16.0,8.9,2.3,13.0,24.5,15.5,0.7,-5.8,-1.9,3.3,7.3,11.8,17.5,22.1,21.6,17.4,10.4,3.3,-3.0,7.5,20.4,10.4,-4.7,4.9,9.2,14.4,19.0,22.3,26.5,30.4,29.0,25.9,21.5,14.4,7.7,18.6,28.6,20.6,6.1,8.7,5.4,11.1,8.4,11.4,9.3,11.4,15.7,10.9,7.8,8.8,5.4,30.9,36.4,27.5,13.0,29.0,28.8,110.2,95.2,157.0,113.0,232.4,358.9,170.3,70.8,54.1,12.8,362.4,704.3,295.2,27.0
SOUTH_KOREA,2022,-0.4,0.2,7.9,13.4,17.8,22.4,26.1,25.8,21.5,14.7,10.4,-0.1,13.0,24.7,15.5,0.9,-5.8,-5.2,2.2,7.2,11.6,18.0,22.2,22.2,16.8,9.2,4.4,-5.2,7.0,20.8,10.1,-4.5,5.1,5.6,13.6,19.7,24.0,26.8,29.9,29.4,26.3,20.2,16.4,4.9,19.1,28.7,21.0,6.2,4.1,3.5,11.1,6.1,3.4,12.8,14.4,14.0,10.0,8.2,8.9,6.4,20.6,41.2,27.1,21.3,6.2,7.9,99.0,67.4,8.3,208.4,207.6,282.2,167.0,83.1,62.8,17.8,174.7,698.3,312.8,96.5
SOUTH_KOREA,2023,-0.0,2.8,9.0,13.1,17.6,22.2,25.7,26.6,23.0,15.5,8.5,2.8,13.2,24.9,15.7,2.6,-5.5,-2.7,2.8,7.2,12.0,17.6,22.1,22.7,18.8,9.9,3.1,-2.1,7.3,20.8,10.6,-2.1,5.4,8.2,15.2,19.1,23.3,26.9,29.4,30.6,27.2,21.2,13.9,7.6,19.2,29.0,20.8,7.4,8.9,6.1,6.1,9.0,10.4,12.8,18.0,12.8,9.8,5.1,8.4,13.0,25.6,43.6,23.3,35.7,53.7,24.9,33.8,83.1,197.1,235.4,424.3,302.3,170.0,18.4,56.3,84.7,314.0,962.1,244.6,238.2
SOUTH_KOREA,2024,1.0,4.1,7.0,14.4,17.4,22.4,26.3,27.5,22.3,16.4,10.1,2.1,12.9,25.4,16.3,-999.0,-3.8,-0.5,1.5,8.6,11.4,17.4,23.0,23.3,17.8,11.5,4.9,-2.8,7.2,21.2,11.4,-999.0,5.9,8.8,12.5,20.2,23.4,27.5,29.7,31.8,26.8,21.3,15.4,7.1,18.7,29.7,21.2,-999.0,9.2,13.5,9.6,8.7,9.8,10.6,16.4,10.5,9.1,10.0,8.6,3.7,28.1,37.5,27.8,-999.0,38.3,115.2,70.3,84.7,113.0,158.4,326.6,105.4,199.8,129.1,71.0,7.2,268.0,590.4,399.9,-999.0
SPAIN,1901,5.5,4.0,7.6,11.4,13.9,19.6,21.6,21.6,18.0,12.2,7.6,4.8,11.0,20.9,12.6,5.6,1.5,-0.6,2.8,6.3,8.1,13.2,14.6,15.1,12.7,7.4,3.2,0.8,5.7,14.3,7.8,1.5,9.5,8.5,12.5,16.7,19.8,26.1,28.6,28.1,23.3,17.0,12.1,8.9,16.3,27.6,17.5,9.8,15.2,14.5,16.1,13.0,11.7,8.0,7.4,5.0,10.3,13.1,11.6,13.4,40.8,20.4,35.0,34.5,61.1,64.7,95.1,58.5,53.8,34.8,33.4,19.5,68.7,84.6,60.1,61.4,207.3,87.8,213.4,171.3
SPAIN,1902,5.4,6.7,9.2,11.6,12.6,17.0,21.5,21.2,17.8,12.5,9.3,6.1,11.1,19.9,13.2,6.2,1.1,2.6,4.1,6.8,6.8,11.1,14.9,14.7,12.0,7.5,5.0,2.5,5.9,13.5,8.2,2.1,9.6,10.8,14.4,16.5,18.4,22.9,28.1,27.7,23.8,17.6,13.5,9.8,16.4,26.2,18.3,10.4,5.0,16.0,11.7,14.1,11.7,10.0,6.4,8.4,8.7,12.1,15.4,13.5,37.5,24.9,36.2,33.2,9.9,100.0,42.4,74.8,52.9,52.1,22.8,38.4,43.7,79.6,110.0,60.4,170.1,113.3,233.3,130.3
SPAIN,1903,5.6,7.0,8.9,10.6,13.2,17.1,21.0,21.6,17.8,14.1,9.4,5.4,10.9,19.9,13.8,5.9,1.5,2.2,3.7,5.2,7.9,11.3,14.6,15.1,12.0,9.2,4.9,1.7,5.6,13.7,8.7,2.0,9.7,11.8,14.1,16.2,18.6,23.0,27.5,28.2,23.6,19.1,13.9,9.1,16.3,26.2,18.9,9.8,14.4,5.3,12.1,11.2,13.3,10.4,5.6,3.8,9.3,9.7,9.4,17.8,36.5,19.8,28.4,49.8,58.2,11.7,49.9,45.0,79.9,57.0,20.7,13.3,53.2,47.3,38.3,117.0,174.9,91.0,138.8,282.0
SPAIN,1904,5.4,6.8,7.4,11.4,15.4,18.7,22.0,21.9,17.3,14.3,8.5,7.2,11.4,20.9,13.4,5.6,1.4,2.8,2.5,5.9,9.5,12.6,15.3,15.5,11.6,8.9,4.0,3.6,6.0,14.5,8.1,1.5,9.3,10.9,12.4,17.0,21.3,24.8,28.7,28.4,23.1,19.7,13.1,10.9,16.9,27.3,18.6,9.8,17.3,14.6,15.4,10.5,8.6,10.2,3.5,4.4,10.1,9.0,12.1,13.3,34.6,18.1,31.2,32.9,87.1,77.9,78.9,42.3,27.6,56.5,6.5,12.8,60.7,36.4,60.7,61.7,148.8,75.8,157.8,127.4
SPAIN,1905,4.6,5.0,9.5,11.9,13.4,17.8,21.9,21.1,17.6,12.1,7.8,5.7,11.6,20.2,12.5,5.6,0.5,0.3,4.7,6.7,7.8,12.0,15.1,14.8,11.8,6.9,3.9,1.7,6.4,14.0,7.5,1.6,8.8,9.8,14.4,17.1,19.1,23.6,28.7,27.4,23.3,17.3,11.9,9.7,16.9,26.6,17.5,9.7,13.0,6.6,8.6,11.4,11.3,9.1,8.0,4.3,9.9,10.2,16.2,13.0,31.3,21.3,36.3,36.1,47.6,18.0,34.9,46.5,50.5,42.4,31.4,19.4,59.2,46.2,117.8,49.0,131.8,93.2,223.2,138.7
SPAIN,1906,6.0,5.2,7.9,9.6,13.7,18.8,21.1,22.2,18.5,14.0,8.8,5.1,10.4,20.7,13.8,4.8,2.1,1.0,2.7,4.6,7.9,12.5,14.4,15.4,12.6,9.0,4.5,1.4,5.1,14.1,8.7,0.7,9.9,9.3,13.1,14.6,19.5,25.2,27.9,29.0,24.6,18.9,13.2,8.9,15.7,27.4,18.9,8.9,11.9,11.2,13.6,14.5,11.6,7.9,5.6,1.7,11.6,12.4,12.0,13.6,39.7,15.1,36.1,32.5,41.7,47.9,62.0,77.9,54.4,39.2,20.5,3.1,75.3,75.8,72.5,63.4,194.3,62.8,223.6,120.8
SPAIN,1907,4.6,4.8,8.5,10.3,13.1,18.3,20.0,21.8,18.7,12.4,9.1,7.7,10.6,20.0,13.4,6.6,0.5,0.4,2.9,5.3,7.6,12.2,13.4,14.9,12.7,8.0,5.2,4.3,5.3,13.5,8.6,2.7,8.7,9.2,14.1,15.3,18.7,24.4,26.7,28.7,24.8,16.8,13.0,11.2,16.0,26.6,18.2,10.6,8.5,10.5,4.6,12.7,13.6,4.3,5.0,4.9,12.1,16.7,12.9,13.9,30.9,14.2,41.6,38.4,21.6,35.8,12.0,59.3,69.7,12.1,14.2,15.9,87.8,147.0,75.3,67.4,141.0,42.2,310.2,153.9
SPAIN,1908,5.9,6.2,7.0,9.2,15.4,17.4,20.9,21.1,18.5,14.4,9.8,6.7,10.5,19.8,14.2,5.2,2.1,1.7,2.1,4.2,9.4,11.4,14.2,14.7,12.5,9.4,5.7,3.1,5.2,13.4,9.2,1.2,9.9,10.7,12.0,14.3,21.3,23.3,27.7,27.5,24.6,19.4,14.0,10.3,15.9,26.2,19.3,9.3,15.1,9.5,14.1,12.1,10.0,12.7,3.3,5.2,8.8,11.4,13.3,15.5,36.2,21.2,33.6,35.5,62.3,24.3,67.5,48.6,43.7,73.2,10.9,22.4,45.6,62.4,79.2,76.2,159.9,106.4,187.3,131.6
SPAIN,1909,4.4,4.6,7.7,11.6,14.4,16.2,20.5,21.2,17.0,14.2,8.7,7.6,11.2,19.3,13.3,6.8,0.4,0.1,3.3,6.2,8.6,10.4,13.6,14.8,11.3,9.1,4.7,4.1,6.0,12.9,8.4,2.9,8.4,9.2,12.1,17.1,20.2,22.1,27.5,27.6,22.8,19.3,12.7,11.1,16.5,25.7,18.3,10.6,10.2,9.8,15.0,9.8,13.6,9.7,2.6,5.6,8.6,10.4,15.0,15.6,38.4,18.0,34.1,35.1,27.3,28.2,82.6,31.9,69.7,45.0,4.3,17.9,47.6,52.5,104.8,96.3,184.2,67.1,204.9,166.5
SPAIN,1910,5.4,7.3,7.6,10.2,12.5,17.8,20.3,20.6,17.6,13.8,9.0,7.1,10.1,19.6,13.5,5.7,1.3,3.4,2.7,5.3,7.4,12.1,14.0,14.5,12.0,9.1,5.1,3.5,5.2,13.5,8.7,1.5,9.5,11.3,12.4,15.1,17.6,23.6,26.7,26.8,23.2,18.5,13.0,10.7,15.0,25.7,18.2,9.8,9.1,10.4,11.8,12.3,14.8,9.0,3.8,3.6,9.6,12.5,10.8,18.3,38.9,16.4,32.9,38.7,29.0,41.2,48.0,53.3,84.1,44.0,11.8,12.1,58.8,81.3,57.3,131.0,185.5,67.9,197.5,193.0
SPAIN,1911,3.4,6.5,7.6,9.4,13.3,17.2,22.2,22.3,20.0,13.2,9.1,7.8,10.1,20.6,14.1,7.5,-0.6,1.7,3.1,4.2,8.1,11.6,15.5,15.8,14.0,8.7,5.0,4.1,5.2,14.3,9.2,3.6,7.4,11.4,12.1,14.7,18.6,22.8,29.0,28.9,26.1,17.7,13.2,11.5,15.1,26.9,19.0,11.4,12.5,7.9,16.0,11.0,14.1,11.1,5.3,5.7,6.9,14.4,12.9,12.8,41.1,22.2,34.2,42.4,43.0,19.0,87.1,40.9,79.5,64.6,17.9,19.5,26.5,107.8,79.4,61.5,207.4,101.9,213.6,215.5
SPAIN,1912,6.1,8.7,10.0,10.3,15.2,17.5,19.7,19.7,16.8,12.7,7.7,5.4,11.9,19.0,12.4,6.3,2.3,4.5,5.2,5.3,9.6,11.8,13.6,13.6,11.2,7.9,3.4,1.2,6.7,13.0,7.5,2.1,9.8,12.9,14.8,15.4,21.0,23.2,25.8,25.8,22.5,17.4,12.0,9.7,17.1,25.0,17.3,10.5,15.0,14.6,11.0,12.5,7.3,8.3,6.2,4.5,9.7,11.3,8.9,7.5,30.9,19.0,29.9,35.3,68.9,85.1,44.5,60.9,22.1,34.6,26.9,16.5,51.1,55.4,36.0,17.7,127.6,78.0,142.5,143.6
SPAIN,1913,7.0,6.4,8.7,9.9,14.0,18.8,20.7,20.7,17.2,13.6,10.1,5.7,10.9,20.1,13.7,5.6,3.3,1.9,3.8,5.2,8.6,12.5,14.1,14.5,11.8,8.9,6.3,2.0,5.9,13.7,9.0,1.6,10.8,10.9,13.6,14.6,19.5,25.2,27.4,26.9,22.7,18.4,14.0,9.4,15.9,26.5,18.4,9.6,14.4,13.4,13.1,11.7,10.9,8.4,3.5,5.2,11.5,13.7,8.7,9.3,35.7,17.2,33.8,32.8,68.3,57.6,63.4,49.1,49.7,35.6,6.9,19.7,80.1,105.0,44.6,28.3,162.1,62.2,229.6,119.9
SPAIN,1914,3.7,7.3,9.0,11.5,13.8,16.4,20.0,20.6,18.9,13.4,8.4,6.6,11.4,19.0,13.6,5.8,-0.3,3.0,4.4,6.4,8.3,10.6,13.7,14.1,12.9,8.5,4.3,3.0,6.3,12.8,8.5,2.0,7.7,11.6,13.6,16.7,19.4,22.3,26.4,27.1,24.9,18.4,12.6,10.3,16.6,25.3,18.6,9.6,10.5,13.0,11.7,13.0,12.6,9.7,8.2,5.1,4.6,12.7,12.9,15.3,37.3,23.1,30.2,45.1,33.6,58.0,50.2,58.5,68.2,51.0,38.4,22.9,17.2,76.9,71.5,92.5,176.9,112.3,165.7,245.8
SPAIN,1915,5.0,5.7,8.5,9.3,14.5,18.0,21.5,21.7,17.8,12.3,8.6,7.6,10.7,20.4,12.9,6.6,1.5,1.6,3.8,4.3,9.3,12.2,14.8,15.2,11.9,7.5,4.6,4.2,5.8,14.1,8.0,2.8,8.7,9.9,13.3,14.3,19.6,23.8,28.2,28.3,23.8,17.2,12.6,11.1,15.7,26.8,17.8,10.5,15.8,14.0,15.7,11.6,15.3,9.0,6.0,3.3,7.8,10.8,14.7,14.8,42.6,18.4,33.3,37.2,81.6,71.8,87.8,50.2,100.7,43.0,23.4,13.5,37.7,54.3,90.4,83.0,238.7,79.9,182.4,185.4
SPAIN,1916,5.9,6.3,7.4,10.5,14.4,17.3,20.7,21.6,17.7,13.9,9.0,6.9,10.8,19.9,13.5,5.6,1.9,2.2,2.8,5.5,9.0,11.4,14.3,15.4,11.8,8.8,4.8,3.3,5.8,13.7,8.5,1.9,10.0,10.5,12.0,15.5,19.9,23.4,27.1,27.8,23.6,19.1,13.3,10.5,15.8,26.1,18.7,9.4,6.4,15.9,16.7,11.8,11.3,5.4,5.5,2.3,9.2,7.1,14.8,17.8,39.7,13.1,31.1,49.5,12.6,89.8,104.8,47.7,50.0,16.9,21.6,5.9,50.5,27.3,96.0,121.8,202.4,44.4,173.8,279.4
SPAIN,1917,4.4,5.6,7.0,9.2,14.4,18.2,21.7,20.5,19.4,12.2,8.3,4.0,10.2,20.1,13.3,5.5,0.8,1.5,2.2,4.1,9.3,12.1,14.8,14.1,13.1,7.0,4.0,0.2,5.2,13.7,8.0,1.5,8.1,9.7,11.8,14.3,19.6,24.4,28.6,27.0,25.7,17.6,12.7,7.9,15.2,26.7,18.6,9.6,15.7,16.0,14.5,11.0,13.8,9.9,3.8,4.9,6.7,8.4,6.7,15.1,39.3,18.6,21.8,35.5,72.5,85.2,79.0,46.0,73.3,51.3,10.2,18.0,26.0,39.6,26.3,81.6,198.2,79.6,91.8,165.4
SPAIN,1918,6.1,6.5,7.6,9.3,14.3,18.2,21.2,21.6,18.2,11.5,8.5,6.9,10.4,20.4,12.7,6.3,2.4,2.0,2.9,4.6,8.8,12.1,14.6,15.0,12.7,6.6,4.7,3.3,5.4,13.9,8.0,2.7,9.8,11.0,12.4,14.1,19.8,24.4,27.9,28.2,23.8,16.4,12.4,10.5,15.4,26.8,17.5,10.1,15.4,5.0,15.9,15.1,11.0,6.4,6.2,4.6,9.3,11.7,13.7,10.1,42.0,17.2,34.6,43.0,72.6,11.2,83.3,81.2,47.0,27.5,18.4,15.1,57.3,77.0,81.5,41.2,211.4,60.9,215.8,228.3
SPAIN,1919,4.8,7.4,8.2,9.7,14.0,18.9,19.7,22.2,18.9,11.8,7.3,5.5,10.6,20.3,12.7,6.3,0.9,3.8,3.7,4.6,8.4,12.5,13.2,15.4,13.1,7.0,3.2,1.9,5.6,13.7,7.8,2.4,8.6,11.1,12.6,14.9,19.7,25.3,26.3,29.0,24.7,16.7,11.4,9.1,15.7,26.9,17.6,10.3,15.4,17.5,13.3,11.7,10.1,7.9,5.7,2.4,12.3,13.6,16.0,10.6,35.1,16.0,41.8,33.9,72.7,114.4,69.0,51.2,45.4,37.5,18.8,6.7,95.0,94.6,116.6,37.2,165.5,63.0,306.3,123.8
SPAIN,1920,6.3,7.3,8.7,11.4,15.3,18.2,20.6,20.5,18.4,12.9,8.4,5.7,11.8,19.8,13.2,6.0,2.5,2.8,3.7,6.4,9.7,12.2,14.0,14.0,12.4,8.5,4.2,2.2,6.6,13.4,8.4,2.0,10.1,11.8,13.9,16.4,21.0,24.2,27.3,27.1,24.3,17.3,12.6,9.3,17.1,26.2,18.1,10.1,10.2,13.0,13.6,10.0,11.8,8.7,4.5,4.0,7.5,13.9,13.5,14.3,35.5,17.3,34.9,36.8,30.7,55.9,64.4,37.1,55.1,41.3,18.1,14.3,35.0,98.6,82.2,66.5,156.6,73.7,215.8,150.6
SPAIN,1921,6.0,6.3,8.4,10.1,13.9,18.3,22.4,21.3,19.3,15.7,8.5,5.6,10.8,20.7,14.5,6.0,1.9,1.9,3.0,4.8,8.2,12.1,15.5,14.7,13.4,10.7,4.1,1.6,5.4,14.1,9.4,1.7,10.2,10.7,13.8,15.5,19.5,24.6,29.3,27.9,25.2,20.6,12.9,9.6,16.3,27.3,19.6,10.3,7.9,14.5,10.8,10.3,16.4,8.2,4.6,6.0,9.3,10.5,11.8,11.5,37.4,18.8,31.5,36.5,22.1,62.0,38.3,40.9,110.4,35.6,13.6,25.5,55.5,55.1,59.1,43.3,189.5,74.7,169.7,148.2
SPAIN,1922,5.5,6.9,8.0,10.4,16.0,17.8,20.5,21.5,16.8,13.7,8.4,5.3,11.5,20.0,13.0,5.5,1.4,2.1,3.1,5.7,9.8,11.6,13.6,14.7,10.7,8.7,4.0,1.0,6.2,13.3,7.8,1.3,9.7,11.7,13.0,15.2,22.2,24.1,27.5,28.5,22.9,18.8,12.9,9.6,16.8,26.7,18.2,9.8,15.0,10.0,15.9,9.8,8.8,12.6,5.0,6.4,8.4,13.0,9.6,11.6,34.5,24.0,31.0,31.6,73.6,31.3,86.5,40.0,29.5,76.8,15.4,25.7,42.5,86.6,41.8,49.3,155.9,117.9,170.8,129.4
SPAIN,1923,4.1,7.2,9.1,9.6,14.0,17.0,22.3,22.8,17.9,15.5,8.8,4.9,10.9,20.7,14.1,5.1,0.2,2.8,4.0,4.5,8.3,10.6,15.4,16.0,11.7,10.5,4.5,1.1,5.6,14.0,8.9,0.9,8.1,11.7,14.2,14.6,19.6,23.4,29.2,29.6,24.0,20.6,13.1,8.6,16.1,27.4,19.2,9.3,7.6,12.4,13.2,15.3,10.6,6.3,6.3,4.3,9.1,10.7,16.8,9.7,39.0,16.9,36.6,38.2,22.7,57.4,57.8,84.0,40.3,21.3,27.8,13.6,51.7,58.8,128.3,36.9,182.1,62.7,238.8,162.9
SPAIN,1924,5.7,4.7,8.8,11.3,16.2,19.2,22.1,20.8,18.5,14.0,9.3,6.5,12.1,20.7,13.9,6.1,1.6,0.1,3.9,5.9,10.4,12.7,15.2,14.3,12.6,8.9,4.8,2.4,6.8,14.1,8.8,1.7,9.8,9.4,13.8,16.6,22.0,25.7,29.0,27.4,24.4,19.1,13.8,10.6,17.5,27.4,19.1,10.5,13.3,15.2,15.8,11.1,7.9,5.5,3.2,3.7,8.0,10.2,13.0,13.8,34.8,12.3,31.2,34.9,48.1,77.9,97.0,42.8,25.7,19.1,8.3,12.2,42.2,48.7,74.7,65.6,165.5,39.6,165.6,152.0
SPAIN,1925,5.6,6.1,6.2,10.1,13.2,17.8,20.2,21.7,17.9,13.7,7.9,7.3,9.8,19.9,13.2,7.8,1.2,1.5,0.8,5.2,7.7,11.5,13.6,15.0,11.6,8.1,3.6,3.5,4.6,13.4,7.8,3.5,10.1,10.8,11.6,15.1,18.8,24.0,26.8,28.5,24.3,19.3,12.3,11.2,15.2,26.5,18.7,12.1,6.9,14.1,10.6,10.3,12.0,10.1,6.5,5.8,5.8,12.1,15.1,16.1,32.9,22.4,33.0,41.9,19.1,67.3,40.9,42.3,56.4,56.8,22.6,23.0,23.4,69.6,97.3,92.5,139.6,102.4,190.3,208.8
SPAIN,1926,6.6,9.4,9.9,11.4,13.2,17.9,21.7,22.7,21.2,15.8,9.1,5.3,11.5,20.8,15.4,5.8,2.5,4.6,4.6,6.2,7.6,11.7,14.9,15.7,14.7,10.4,4.8,1.4,6.1,14.1,10.0,1.4,10.9,14.3,15.3,16.6,18.9,24.1,28.6,29.9,27.8,21.3,13.5,9.3,16.9,27.5,20.9,10.3,12.4,13.4,12.4,13.1,11.6,5.8,3.7,6.5,5.1,14.2,16.3,10.9,37.0,15.9,35.6,36.7,44.3,72.0,61.8,59.9,52.0,20.7,9.9,32.0,22.6,107.4,123.8,38.9,173.6,62.7,253.8,139.8
SPAIN,1927,5.9,6.3,9.3,12.0,15.4,19.1,20.6,21.5,18.3,14.7,8.9,7.0,12.3,20.4,13.9,6.7,1.5,1.3,4.3,6.4,9.8,12.6,14.1,15.0,11.9,8.9,4.1,3.0,6.8,13.9,8.3,2.3,10.3,11.2,14.3,17.7,21.2,25.6,27.1,28.1,24.7,20.5,13.6,11.1,17.7,26.9,19.6,11.2,12.9,12.9,12.4,6.8,12.8,9.0,5.9,5.7,7.4,12.5,14.3,19.8,32.0,20.6,34.2,44.1,52.2,48.7,65.1,16.8,65.6,35.8,22.6,22.7,40.8,77.4,91.0,135.0,147.4,81.1,209.2,228.0
SPAIN,1928,5.4,7.7,9.0,10.5,12.8,19.0,23.7,22.7,19.5,14.0,8.8,5.3,10.7,21.8,14.1,5.4,1.0,2.8,4.2,5.3,7.0,12.5,16.1,15.6,13.3,8.8,4.3,1.2,5.5,14.7,8.8,1.1,9.9,12.7,13.9,15.7,18.5,25.5,31.3,29.8,25.7,19.2,13.4,9.5,16.0,28.9,19.4,9.6,10.8,13.5,16.6,15.1,12.5,6.5,4.4,4.6,10.2,10.6,11.0,13.2,44.2,15.5,31.9,38.1,37.6,55.5,95.9,87.4,63.8,23.3,11.3,18.9,62.5,55.6,53.6,54.8,247.0,53.5,171.7,162.4
SPAIN,1929,4.4,6.4,9.1,11.3,13.7,19.1,22.2,21.6,19.4,13.9,9.1,7.9,11.4,21.0,14.1,6.5,0.3,1.9,3.9,5.8,8.1,13.0,15.4,14.8,13.5,8.7,5.0,4.0,5.9,14.4,9.1,2.6,8.6,10.9,14.3,17.0,19.4,25.4,29.2,28.4,25.3,19.0,13.3,11.8,16.9,27.6,19.2,10.5,9.7,15.2,10.4,10.5,11.5,10.5,5.3,4.9,10.1,11.5,12.4,12.0,32.4,20.8,34.1,42.8,29.4,78.3,35.9,40.2,53.2,58.6,17.6,20.7,63.2,65.4,71.7,58.1,129.3,96.9,200.3,203.6
SPAIN,1930,6.8,4.9,9.2,9.8,14.4,18.1,20.7,22.4,19.5,15.6,10.9,7.4,11.1,20.4,15.3,6.3,3.1,0.6,4.3,5.0,9.1,12.5,14.3,15.9,13.5,10.7,6.4,3.9,6.1,14.2,10.2,2.5,10.5,9.2,14.2,14.7,19.8,23.8,27.2,29.0,25.5,20.6,15.4,10.9,16.2,26.7,20.5,10.2,16.9,13.9,11.8,15.0,11.3,11.4,7.5,3.4,6.0,10.0,11.6,14.3,38.1,22.3,27.6,31.8,81.8,63.7,53.3,83.2,48.9,69.2,33.6,10.7,24.7,56.9,57.0,74.2,185.4,113.5,138.6,140.1
SPAIN,1931,5.8,5.8,9.8,11.2,14.4,20.2,21.4,20.9,17.3,14.2,9.9,5.1,11.8,20.8,13.8,5.1,2.0,1.5,5.1,6.1,9.0,13.8,14.8,14.6,11.4,9.2,5.7,0.9,6.7,14.4,8.8,0.7,9.6,10.1,14.7,16.3,19.9,26.6,28.0,27.3,23.2,19.3,14.1,9.3,16.9,27.3,18.9,9.4,10.2,7.3,17.5,9.5,10.8,6.4,5.3,5.6,8.1,13.1,12.7,8.6,37.7,17.3,33.9,33.1,36.0,29.9,117.1,31.3,52.0,21.6,17.7,23.6,40.2,89.9,74.9,28.5,200.4,62.8,205.0,114.0
SPAIN,1932,5.6,4.5,8.9,9.7,13.9,17.3,19.9,22.3,19.2,13.2,9.8,7.4,10.8,19.8,14.1,6.2,1.3,-0.1,4.1,4.5,8.4,11.5,13.5,16.0,13.5,8.3,5.7,3.8,5.7,13.7,9.2,2.1,9.9,9.1,13.7,14.9,19.5,23.2,26.4,28.7,24.9,18.2,14.1,11.1,16.0,26.1,19.0,10.2,11.3,13.2,15.0,11.9,11.7,11.4,9.0,5.7,11.4,9.9,13.8,20.1,38.6,26.2,35.1,46.2,32.4,53.1,77.1,49.8,55.4,60.3,49.9,24.2,76.8,48.7,83.7,136.0,182.2,134.4,209.2,236.9
SPAIN,1933,4.8,6.2,8.9,12.5,16.0,17.1,22.2,23.8,19.1,14.5,7.4,3.9,12.5,21.1,13.7,4.6,0.9,1.6,4.1,6.9,10.4,11.4,15.3,17.0,13.2,9.6,3.2,0.1,7.1,14.6,8.7,0.2,8.8,10.9,13.9,18.1,21.7,22.9,29.2,30.7,24.9,19.5,11.7,7.7,17.9,27.6,18.7,9.0,14.4,11.7,15.3,9.2,10.3,11.2,4.3,4.0,8.4,13.2,14.2,17.8,34.8,19.4,35.9,35.1,58.3,42.6,84.6,30.7,44.0,65.4,13.4,12.8,56.8,87.7,85.9,106.8,159.2,91.7,230.4,152.3
SPAIN,1934,4.5,5.4,7.2,10.2,15.2,19.4,22.4,20.6,19.4,14.6,7.5,8.5,10.9,20.8,13.8,6.0,0.2,0.4,2.3,5.2,9.6,13.2,15.5,14.1,13.4,9.2,2.9,4.7,5.7,14.3,8.5,1.7,8.8,10.6,12.2,15.3,20.9,25.8,29.4,27.1,25.5,20.1,12.1,12.4,16.1,27.4,19.2,10.3,9.3,8.0,14.1,16.7,9.5,6.1,4.5,7.0,6.2,6.8,15.8,15.1,40.2,17.7,28.8,34.0,23.5,22.1,70.8,99.5,38.6,22.9,13.1,35.5,27.4,23.6,108.6,94.9,208.8,71.5,159.6,155.1
SPAIN,1935,3.8,5.7,8.7,11.0,12.2,18.5,22.4,21.4,19.5,12.7,9.0,6.9,10.7,20.7,13.8,7.6,-0.3,0.7,3.6,5.4,7.0,12.2,15.7,14.8,13.5,7.6,4.6,3.2,5.3,14.2,8.5,3.7,7.8,10.8,13.9,16.7,17.4,24.9,29.2,28.0,25.6,18.0,13.5,10.7,16.0,27.3,19.0,11.6,9.5,9.5,12.5,9.0,17.3,7.0,4.1,6.6,5.9,9.7,13.7,16.3,38.8,17.7,29.3,52.4,28.5,31.7,53.6,31.3,124.8,26.8,16.5,30.6,23.8,49.3,87.0,104.5,209.8,73.9,160.1,336.3
SPAIN,1936,8.1,7.8,8.5,10.8,12.3,16.6,20.7,21.9,19.5,12.1,8.3,5.4,10.5,19.7,13.3,6.7,4.0,3.8,3.8,6.1,7.1,10.7,14.3,15.3,13.7,6.7,4.1,1.2,5.7,13.4,8.2,2.4,12.2,11.8,13.3,15.6,17.5,22.5,27.2,28.7,25.3,17.5,12.6,9.7,15.5,26.1,18.5,11.0,17.9,18.2,18.8,15.0,17.5,10.6,6.0,3.8,7.6,10.8,14.1,9.9,51.2,20.3,32.6,35.9,111.9,119.9,129.4,81.4,122.9,53.2,22.8,11.9,45.3,59.4,90.7,32.2,333.8,88.0,195.4,168.3
SPAIN,1937,6.5,8.2,8.2,11.8,14.5,18.3,22.2,22.1,18.4,13.8,10.7,5.5,11.5,20.9,14.3,5.4,2.2,3.8,3.5,6.7,8.5,12.3,15.2,15.3,12.3,9.0,6.6,1.9,6.2,14.3,9.3,1.0,10.8,12.5,13.0,16.9,20.5,24.4,29.2,29.0,24.4,18.7,14.8,9.2,16.8,27.5,19.3,9.7,16.6,9.4,16.2,11.6,9.4,9.6,3.6,3.5,7.0,15.4,12.8,13.0,37.3,16.7,35.2,28.6,99.7,36.4,109.7,49.0,35.4,57.0,10.7,10.7,34.9,129.2,83.8,75.9,194.1,78.4,247.8,124.6
SPAIN,1938,5.1,5.5,9.4,10.8,13.3,20.1,21.5,21.1,17.4,14.4,10.5,5.9,11.2,20.9,14.1,6.5,0.7,0.5,3.5,5.3,7.8,13.8,14.7,14.6,11.7,9.2,6.1,2.3,5.5,14.4,9.0,2.4,9.5,10.5,15.4,16.3,18.9,26.5,28.4,27.6,23.0,19.5,14.9,9.6,16.9,27.5,19.2,10.7,9.9,5.7,9.2,10.9,13.3,6.1,3.8,4.7,11.5,11.3,9.5,18.1,33.5,14.6,32.3,45.1,34.8,13.9,25.4,40.9,68.4,18.8,10.2,23.6,80.0,72.1,41.6,110.1,134.7,52.6,193.8,229.6
SPAIN,1939,7.1,6.6,7.5,10.1,12.8,17.2,21.3,20.7,18.6,13.6,9.5,6.5,10.1,19.8,13.9,6.6,3.3,1.7,2.4,5.0,7.0,11.2,14.6,14.2,12.9,8.9,5.3,2.6,4.8,13.3,9.0,2.6,10.9,11.5,12.7,15.2,18.6,23.3,28.1,27.3,24.4,18.4,13.8,10.4,15.5,26.2,18.9,10.6,15.6,11.3,11.0,12.5,9.7,11.8,5.2,7.7,10.8,14.3,11.3,15.9,33.2,24.6,36.5,49.2,79.2,40.2,44.9,52.6,35.2,66.0,18.1,37.0,75.3,103.1,61.2,85.6,132.8,121.1,239.7,255.9
SPAIN,1940,5.1,8.2,10.7,11.6,14.4,17.7,20.8,22.0,18.8,12.8,8.9,4.4,12.2,20.2,13.5,5.4,1.2,3.9,5.6,6.4,8.6,11.5,14.1,15.3,12.8,7.7,4.5,0.1,6.9,13.6,8.3,1.5,9.1,12.5,15.8,16.9,20.1,23.9,27.6,28.8,24.9,18.0,13.4,8.7,17.6,26.7,18.8,9.5,18.7,14.6,12.2,10.3,11.3,11.6,6.2,6.4,7.6,15.2,11.1,7.9,33.8,24.2,33.9,46.6,97.8,72.5,53.0,39.8,58.3,65.2,23.4,27.6,39.4,115.8,61.2,25.1,151.1,116.2,216.3,270.6
SPAIN,1941,4.8,7.2,9.0,10.3,12.3,18.3,21.7,21.4,18.8,14.1,8.5,5.1,10.5,20.5,13.8,4.7,1.1,3.2,4.2,5.4,7.1,12.3,15.2,14.7,12.9,8.4,4.0,0.7,5.6,14.1,8.4,0.3,8.4,11.3,13.9,15.1,17.6,24.4,28.2,28.1,24.8,20.0,13.1,9.5,15.5,26.9,19.3,9.2,22.4,16.3,12.5,14.3,14.0,9.4,8.5,7.7,9.3,5.7,13.6,8.1,40.8,25.6,28.7,33.0,150.9,94.7,59.7,75.6,81.0,41.9,34.1,37.7,56.4,18.0,83.0,21.5,216.3,113.7,157.3,113.8
SPAIN,1942,4.7,4.4,9.8,11.4,15.1,19.2,21.7,21.4,19.0,15.7,9.2,6.7,12.1,20.8,14.6,6.6,0.6,-0.5,5.3,6.6,9.5,13.0,14.8,14.9,13.0,10.4,5.0,2.6,7.1,14.2,9.5,2.2,8.7,9.3,14.4,16.3,20.7,25.5,28.6,28.0,25.0,21.0,13.4,10.9,17.1,27.4,19.8,11.1,12.7,12.2,15.4,17.4,8.1,8.6,3.9,7.2,10.3,12.8,11.6,13.9,41.0,19.7,34.8,37.3,50.1,42.2,88.9,110.3,26.3,38.5,9.3,39.9,60.5,83.6,54.8,68.0,225.5,87.7,198.9,162.5
SPAIN,1943,6.3,6.8,9.0,13.0,16.2,20.6,21.7,22.6,18.6,13.8,8.0,6.2,12.7,21.6,13.5,5.3,2.3,1.7,4.0,7.4,10.2,13.9,15.2,15.8,13.0,8.8,3.5,2.4,7.2,15.0,8.4,0.6,10.4,11.9,14.1,18.6,22.2,27.3,28.2,29.6,24.3,18.8,12.6,9.9,18.3,28.4,18.6,10.1,12.8,10.5,14.4,11.4,9.0,4.9,9.9,4.8,11.9,12.7,8.9,18.2,34.9,19.6,33.6,34.2,60.8,33.8,74.9,54.3,35.1,15.7,44.4,20.7,82.2,81.7,41.2,111.1,164.3,80.8,205.1,172.1
SPAIN,1944,5.2,4.6,8.2,12.6,15.7,18.9,21.6,22.4,18.9,12.2,9.4,5.7,12.1,21.0,13.5,5.3,0.0,-0.7,2.4,7.1,9.5,12.6,14.9,16.0,13.0,7.1,4.7,1.6,6.3,14.5,8.3,0.8,10.5,9.8,14.0,18.1,21.9,25.3,28.4,28.8,24.8,17.4,14.1,9.8,18.0,27.5,18.8,9.9,2.7,13.3,8.0,11.5,11.0,8.8,5.0,8.4,10.9,11.8,10.8,13.5,30.4,22.2,33.5,35.4,3.9,57.0,23.1,49.7,53.2,35.4,14.6,37.8,68.9,67.8,48.8,57.1,126.0,87.8,185.5,152.5
SPAIN,1945,2.8,7.5,9.3,13.4,15.8,20.3,22.4,21.0,20.0,15.2,10.3,7.6,12.8,21.2,15.2,6.5,-1.3,2.0,3.0,7.4,9.9,13.8,15.3,14.4,13.4,9.5,6.3,3.8,6.8,14.5,9.7,2.1,6.9,13.0,15.6,19.4,21.8,26.7,29.5,27.6,26.6,20.9,14.4,11.4,18.9,27.9,20.7,10.9,17.3,4.6,9.6,6.7,9.2,7.5,5.7,6.7,3.3,8.6,14.2,16.8,25.5,19.9,26.1,38.9,87.9,7.5,29.7,19.8,33.5,29.4,19.2,36.7,10.2,34.3,87.8,101.3,83.0,85.3,132.3,181.1
SPAIN,1946,4.6,7.3,8.5,11.1,13.1,18.3,22.5,21.9,19.5,15.0,9.4,5.1,10.9,20.9,14.6,5.5,0.4,2.1,3.7,6.5,8.3,12.1,15.1,15.4,13.1,9.6,4.8,1.1,6.2,14.2,9.2,1.4,8.7,12.6,13.3,15.8,17.9,24.5,30.0,28.5,25.9,20.4,14.0,9.1,15.7,27.7,20.1,9.5,14.8,7.3,15.2,18.0,16.8,7.5,2.4,5.1,6.9,10.4,11.9,13.2,49.9,14.9,29.1,49.2,59.0,20.8,82.8,120.5,114.5,27.7,4.5,24.0,30.9,52.6,59.6,62.9,317.8,56.2,143.2,283.6
SPAIN,1947,4.7,6.6,10.3,12.5,14.5,20.0,22.8,22.5,19.3,15.0,11.3,5.6,12.4,21.7,15.2,6.8,0.5,2.7,5.8,6.1,8.8,13.3,15.8,15.7,13.3,9.7,6.0,1.2,6.9,14.9,9.7,2.2,9.0,10.5,14.8,18.9,20.4,26.7,29.8,29.2,25.3,20.3,16.7,10.1,18.0,28.6,20.7,11.4,15.5,20.5,17.0,7.2,13.2,6.3,5.6,7.7,10.2,12.3,9.7,13.3,37.4,19.6,32.1,45.9,65.4,155.2,114.9,18.7,65.0,22.7,21.3,35.6,58.1,71.4,39.5,58.9,198.6,79.5,169.0,243.3
SPAIN,1948,7.3,7.4,10.8,11.2,14.3,19.4,20.9,22.0,19.2,14.5,10.6,7.8,12.1,20.8,14.8,6.8,3.0,2.5,4.9,5.8,9.0,12.8,13.7,15.2,12.6,8.7,5.0,3.8,6.6,13.9,8.8,2.2,11.5,12.4,16.7,16.7,19.7,26.0,28.1,28.9,25.9,20.4,16.2,11.8,17.7,27.7,20.8,11.5,18.6,14.0,10.0,13.8,14.5,5.1,4.6,6.0,5.3,11.5,3.4,15.7,38.3,15.6,20.1,35.3,123.3,61.1,33.1,64.7,84.5,13.4,14.3,23.2,21.3,63.8,9.9,83.1,182.2,50.8,95.0,141.6
SPAIN,1949,5.9,6.8,8.1,12.8,13.9,19.1,22.8,22.6,19.8,15.2,9.4,6.8,11.6,21.5,14.8,6.6,1.5,1.3,2.6,6.9,8.0,12.7,15.6,15.8,14.7,9.8,4.8,3.1,5.9,14.7,9.8,2.1,10.4,12.2,13.6,18.6,19.8,25.6,30.0,29.5,25.0,20.6,14.1,10.6,17.4,28.4,19.9,11.1,10.8,8.8,13.7,10.9,13.1,7.8,6.7,6.7,13.0,6.6,13.0,14.9,37.8,21.1,32.6,36.4,33.6,24.8,62.3,40.0,69.0,32.3,22.2,27.0,97.3,29.6,71.7,68.4,171.3,81.5,198.6,141.5
SPAIN,1950,5.4,7.6,9.1,10.6,14.3,19.4,23.2,21.9,18.7,14.1,10.6,5.1,11.3,21.5,14.5,5.7,0.6,2.6,3.2,4.7,8.8,13.0,16.3,15.6,12.5,8.9,6.0,1.6,5.6,14.9,9.1,1.8,10.2,12.6,14.9,16.4,19.9,26.0,30.2,28.3,24.9,19.5,15.3,8.7,17.1,28.2,19.9,9.6,11.0,10.5,11.1,9.2,13.6,6.7,4.9,7.4,7.9,10.7,8.3,17.1,33.8,19.0,26.9,48.4,31.3,41.8,40.5,30.5,72.3,27.2,12.4,34.9,34.5,56.2,38.0,96.0,143.3,74.4,128.6,263.9
SPAIN,1951,5.9,6.2,8.8,11.0,12.5,18.9,21.8,21.0,19.3,12.9,9.6,7.4,10.8,20.6,13.9,6.0,1.7,2.1,4.1,5.9,7.5,12.8,15.2,14.7,13.5,8.1,5.6,3.7,5.8,14.3,9.0,1.6,10.0,10.2,13.6,16.1,17.5,25.1,28.4,27.3,25.1,17.7,13.7,11.1,15.7,27.0,18.8,10.3,16.3,15.0,16.0,13.6,12.6,8.8,6.2,7.2,10.1,11.6,15.7,12.4,42.2,22.2,37.4,36.1,84.8,83.2,96.2,71.0,62.5,38.7,20.8,35.5,71.3,79.2,110.2,54.0,229.7,95.0,260.7,134.9
SPAIN,1952,4.4,6.1,10.9,11.4,15.0,20.3,22.1,21.6,17.2,14.8,9.6,6.6,12.5,21.3,13.9,5.4,0.2,1.1,5.8,6.3,9.4,14.0,15.4,15.3,11.3,9.8,5.2,2.5,7.2,14.9,8.8,0.6,8.7,11.2,16.0,16.6,20.7,26.6,28.7,28.0,23.1,19.9,14.1,10.7,17.8,27.8,19.1,10.2,14.1,9.6,14.4,12.9,12.6,7.6,8.1,8.7,8.4,11.2,11.0,13.2,39.8,24.5,30.6,32.9,55.8,25.1,88.8,60.7,66.8,31.1,49.1,38.9,41.1,63.7,52.7,61.0,216.3,119.1,157.5,123.4
SPAIN,1953,4.2,5.4,8.6,11.3,16.4,17.5,21.7,22.8,19.3,13.8,10.1,8.9,12.1,20.7,14.4,6.2,-0.8,-0.0,2.8,5.9,9.9,11.9,15.4,16.0,13.1,8.9,5.3,5.3,6.2,14.4,9.1,2.0,9.2,10.8,14.5,16.7,23.0,23.2,28.0,29.6,25.6,18.7,14.9,12.6,18.1,27.0,19.7,10.4,9.6,10.1,10.0,13.1,6.6,11.7,5.9,3.4,9.1,14.3,8.3,12.5,29.7,21.0,31.8,35.0,30.4,32.0,38.4,59.0,17.4,77.5,16.8,13.3,54.2,102.9,26.8,69.0,114.7,107.7,183.9,151.6
SPAIN,1954,4.3,5.3,8.8,10.2,14.4,18.2,20.8,20.6,19.0,15.2,11.0,7.1,11.1,19.9,15.1,7.7,-0.0,0.6,4.3,5.2,8.9,12.1,14.1,14.0,12.7,9.3,6.3,2.9,6.1,13.4,9.4,4.0,8.6,9.9,13.3,15.2,20.0,24.3,27.6,27.3,25.4,21.1,15.8,11.5,16.2,26.4,20.8,11.4,10.8,11.6,16.5,11.8,9.9,8.8,5.0,5.1,4.7,6.3,12.1,11.6,38.1,18.9,23.1,47.5,39.1,43.5,93.5,45.7,52.1,37.7,15.3,20.5,23.3,24.4,69.2,43.8,191.3,73.4,117.0,266.5
SPAIN,1955,8.6,7.3,8.1,12.5,16.2,19.2,22.3,22.4,19.3,14.0,9.6,8.3,12.3,21.3,14.3,6.3,5.7,3.5,3.2,6.3,10.6,13.3,15.8,16.0,13.4,8.8,5.4,4.7,6.7,15.1,9.2,2.3,11.5,11.2,13.1,18.9,21.9,25.1,28.7,28.9,25.4,19.4,13.8,12.0,17.9,27.6,19.5,10.4,19.5,16.3,11.7,8.1,9.9,9.3,6.1,6.5,6.8,13.1,13.4,16.6,29.7,21.9,33.4,44.8,122.3,100.5,51.0,25.8,38.1,53.5,26.1,31.6,35.9,86.8,76.4,108.6,114.8,111.1,199.1,230.0
SPAIN,1956,6.6,4.1,8.5,10.2,14.6,17.7,21.0,21.0,18.4,14.0,7.5,5.1,11.1,19.9,13.3,5.9,2.9,-0.7,3.6,5.8,8.6,11.6,14.5,14.8,12.5,9.1,2.7,0.3,6.0,13.6,8.1,1.1,10.4,8.8,13.4,14.6,20.6,23.9,27.7,27.2,24.4,19.0,12.2,9.9,16.2,26.3,18.6,10.7,15.7,12.5,16.6,14.1,10.9,5.5,5.5,8.5,9.4,10.7,10.8,10.3,41.6,19.6,30.9,31.5,72.7,48.7,121.5,76.9,60.3,25.5,16.1,39.4,53.4,54.6,47.0,31.8,258.6,81.0,155.0,101.7
SPAIN,1957,4.2,8.3,11.0,10.5,13.5,17.6,22.0,22.1,19.6,13.7,8.5,5.4,11.6,20.6,13.9,6.6,-0.7,3.6,5.5,4.9,8.2,12.0,15.2,15.6,13.5,8.2,4.1,1.4,6.2,14.3,8.6,2.3,9.1,13.0,16.5,16.0,18.8,23.3,28.8,28.6,25.6,19.1,12.9,9.5,17.1,26.9,19.2,10.9,10.6,10.6,10.2,13.6,13.7,11.5,3.9,4.8,8.7,11.7,12.6,13.1,37.5,20.1,33.0,36.4,29.7,40.3,37.0,66.1,79.7,70.0,8.3,20.3,38.6,85.1,59.1,60.0,182.7,98.6,182.8,154.1
SPAIN,1958,5.9,8.3,9.0,10.2,15.7,18.0,21.0,21.6,20.3,14.2,9.2,7.7,11.6,20.2,14.6,7.1,1.8,3.6,4.2,4.7,9.5,12.1,14.3,15.2,14.5,8.7,4.6,4.7,6.1,13.9,9.3,3.3,10.1,13.2,13.8,15.9,21.9,23.9,27.8,28.1,26.3,19.7,13.8,10.7,17.2,26.6,19.9,10.9,15.2,8.0,14.5,11.0,9.5,9.7,4.7,6.2,6.4,10.9,9.2,21.1,35.0,20.6,26.6,46.6,68.1,26.0,77.8,37.4,38.4,42.2,15.8,25.4,24.9,63.2,38.8,172.0,153.6,83.4,126.9,276.8
SPAIN,1959,6.9,6.6,9.7,11.4,14.1,18.8,22.5,21.8,18.9,14.2,9.1,7.3,11.8,21.0,14.1,6.9,3.1,2.0,5.9,6.1,9.0,12.7,15.6,15.7,14.0,10.0,5.0,3.8,7.0,14.7,9.6,3.1,10.8,11.2,13.6,16.8,19.3,25.0,29.3,28.0,23.9,18.6,13.4,10.8,16.6,27.4,18.6,10.7,13.4,12.1,15.0,10.7,15.0,8.5,6.2,7.2,12.3,13.6,13.8,15.9,40.7,21.9,39.6,49.6,51.1,53.6,97.6,41.1,85.2,40.4,28.2,35.6,113.1,90.3,85.0,106.0,223.8,104.2,288.4,290.9
SPAIN,1960,5.8,7.6,9.8,11.5,15.6,19.9,21.4,21.1,18.4,12.6,9.8,5.3,12.3,20.8,13.6,6.6,1.9,3.6,5.5,5.8,9.8,14.1,15.2,14.7,12.6,8.4,5.8,1.9,7.0,14.7,8.9,2.4,9.8,11.6,14.2,17.2,21.4,25.8,27.6,27.6,24.2,17.0,13.8,8.8,17.6,27.0,18.3,10.9,16.3,17.4,16.4,8.7,11.9,10.2,6.9,6.1,8.0,17.9,12.1,17.8,37.1,23.3,37.9,36.6,77.4,107.6,102.0,24.2,55.8,51.2,28.4,19.7,49.1,169.9,64.9,120.3,182.0,99.3,283.9,185.9
SPAIN,1961,5.4,9.1,10.6,12.5,16.2,19.2,22.1,22.3,20.1,14.0,9.2,7.7,13.1,21.2,14.4,7.0,1.6,3.6,4.1,7.2,10.3,13.2,15.6,15.6,14.3,9.1,5.3,3.7,7.2,14.8,9.6,2.6,9.2,14.6,17.0,17.9,22.2,25.2,28.7,29.1,26.0,18.9,13.2,11.8,19.0,27.7,19.4,11.4,13.3,5.4,7.3,12.3,13.2,8.7,7.5,4.4,10.5,11.5,17.2,15.3,32.8,20.6,39.3,42.4,53.3,12.3,21.8,55.6,71.6,36.6,31.2,21.8,70.9,69.9,142.4,84.2,149.0,89.6,283.2,211.2
SPAIN,1962,6.9,6.4,8.2,11.3,14.6,18.8,21.6,22.9,20.0,15.4,7.4,5.3,11.3,21.1,14.2,5.2,2.8,1.3,4.3,6.3,8.8,12.5,15.0,15.8,13.9,10.8,3.3,1.1,6.4,14.4,9.3,1.5,11.0,11.5,12.2,16.4,20.4,25.1,28.3,30.0,26.1,20.0,11.6,9.5,16.3,27.8,19.2,9.0,14.7,12.3,18.2,13.6,12.0,8.5,3.2,1.7,9.4,13.3,13.6,15.0,43.7,13.5,36.4,51.8,74.7,52.3,120.1,69.3,53.5,32.1,8.3,5.8,58.2,96.6,77.9,79.4,242.9,46.2,232.7,290.9
SPAIN,1963,5.5,4.9,8.9,11.0,14.3,18.1,22.2,20.7,17.9,15.1,10.6,5.9,11.4,20.4,14.5,6.2,2.2,1.2,4.1,5.9,8.2,12.3,15.5,14.4,12.1,9.0,6.8,2.3,6.0,14.1,9.3,2.1,8.8,8.6,13.7,16.2,20.5,24.0,29.0,27.1,23.6,21.3,14.4,9.4,16.8,26.7,19.8,10.3,19.9,16.9,11.1,13.9,9.3,11.2,6.3,5.4,11.7,8.0,16.2,18.9,34.3,22.9,35.9,42.4,116.5,95.1,48.8,66.0,34.1,59.0,24.6,35.3,89.8,32.1,131.2,119.3,148.8,118.9,253.2,242.1
SPAIN,1964,5.1,7.5,8.7,10.8,17.0,19.2,22.5,22.1,21.0,13.4,9.0,5.2,12.2,21.3,14.5,5.2,0.9,3.1,4.2,5.3,10.8,13.1,15.7,15.4,15.1,8.1,4.1,1.1,6.8,14.7,9.1,0.8,9.4,11.9,13.3,16.4,23.4,25.3,29.4,28.9,27.0,18.8,14.0,9.3,17.7,27.9,19.9,9.7,8.1,15.5,15.3,10.4,8.7,9.7,5.1,3.8,7.7,8.0,10.2,15.6,34.4,18.6,25.9,42.9,17.1,105.7,84.7,43.3,31.6,49.1,16.0,13.2,38.7,36.2,44.8,85.5,159.7,78.3,119.8,197.3
SPAIN,1965,5.5,4.9,9.2,11.3,16.0,19.7,20.8,21.6,16.8,14.5,9.2,7.4,12.2,20.7,13.5,8.0,1.1,0.1,4.5,5.5,9.4,13.0,14.2,14.7,10.9,10.5,5.3,3.6,6.5,14.0,8.9,4.4,9.9,9.7,14.0,17.1,22.8,26.4,27.5,28.5,22.8,18.5,13.1,11.1,18.0,27.5,18.1,11.7,14.7,12.7,15.2,8.6,7.9,7.3,4.9,5.1,11.7,15.1,14.2,14.5,31.7,17.3,41.0,47.9,60.8,51.0,81.6,26.7,26.9,22.6,12.8,22.2,81.3,127.9,89.1,69.8,135.2,57.6,298.4,273.3
SPAIN,1966,7.7,9.0,8.5,11.7,15.4,18.7,20.8,21.6,20.1,13.3,7.3,6.4,11.9,20.4,13.6,6.3,4.3,5.1,2.4,6.7,9.3,12.5,14.3,15.0,13.6,9.0,2.8,1.9,6.1,13.9,8.5,1.7,11.0,12.9,14.8,16.7,21.5,25.0,27.4,28.1,26.7,17.8,11.8,11.1,17.7,26.8,18.7,10.9,16.8,16.6,5.8,14.1,10.2,10.3,4.6,5.2,8.1,16.3,12.3,6.1,30.1,20.1,36.7,33.9,91.2,112.2,13.1,73.6,39.5,49.3,15.3,17.0,33.2,132.9,77.0,17.1,126.2,81.7,243.1,125.1
SPAIN,1967,5.3,7.1,10.2,10.4,13.7,18.0,22.5,21.8,18.3,15.4,9.6,5.1,11.5,20.7,14.5,6.1,0.8,2.6,4.8,4.8,8.0,11.5,15.2,15.1,12.3,10.2,5.8,0.7,5.9,13.9,9.4,1.5,9.9,11.6,15.7,16.1,19.5,24.5,29.8,28.5,24.4,20.7,13.6,9.4,17.1,27.6,19.5,10.7,13.0,14.9,10.6,11.9,11.8,9.2,2.4,5.3,6.4,10.6,16.2,8.2,34.2,17.0,33.2,32.9,44.6,63.4,42.2,47.6,52.2,35.2,8.0,23.6,26.7,60.1,135.1,30.3,142.0,66.8,221.8,154.2
SPAIN,1968,6.0,7.2,8.3,11.0,14.1,18.7,21.9,21.2,18.5,16.2,10.0,7.0,11.1,20.6,14.9,6.5,0.6,3.1,3.6,6.1,8.2,12.3,15.1,15.0,12.7,10.1,6.1,3.6,5.9,14.1,9.6,2.8,11.4,11.3,13.1,15.9,20.0,25.1,28.8,27.5,24.4,22.3,14.0,10.4,16.3,27.1,20.2,10.3,7.3,17.4,14.1,13.2,11.9,8.3,3.4,8.7,6.7,7.4,15.1,15.7,39.1,20.3,29.2,48.9,19.9,103.9,63.2,59.8,57.6,35.3,7.9,42.3,31.6,29.8,97.7,82.3,180.6,85.5,159.1,261.6
SPAIN,1969,6.9,5.7,8.7,10.7,14.0,17.3,22.5,21.9,16.9,14.6,8.9,5.4,11.1,20.5,13.5,6.6,3.4,1.5,4.7,6.1,8.8,11.5,15.6,15.3,11.5,9.8,4.4,1.3,6.5,14.1,8.6,2.5,10.5,9.9,12.8,15.3,19.2,23.1,29.4,28.5,22.3,19.4,13.5,9.5,15.8,27.0,18.4,10.8,16.9,16.3,18.2,14.8,12.9,10.5,5.5,6.4,12.5,13.4,14.3,13.3,46.0,22.3,40.1,43.1,86.6,92.7,127.8,90.7,62.7,45.5,17.3,20.3,90.7,93.0,81.7,57.4,281.2,83.1,265.4,246.6
SPAIN,1970,7.4,7.1,7.3,10.8,14.4,18.6,22.1,21.5,20.3,13.7,11.1,4.4,10.9,20.7,15.1,5.7,4.0,2.1,1.9,4.7,8.5,12.7,15.1,14.9,13.4,7.5,6.2,0.3,5.1,14.3,9.0,1.2,10.7,12.0,12.8,16.9,20.4,24.5,29.1,28.1,27.3,20.0,16.1,8.5,16.7,27.2,21.1,10.3,22.5,7.3,11.7,8.1,11.4,10.2,4.0,5.8,3.3,9.2,10.6,14.7,31.2,19.9,23.2,39.0,165.5,23.6,39.7,22.7,52.7,51.8,11.0,21.8,8.1,46.4,51.8,72.1,115.1,84.6,106.3,181.1
SPAIN,1971,5.5,7.2,6.6,10.9,13.0,17.0,21.8,21.6,19.2,15.9,7.8,6.6,10.2,20.1,14.3,6.3,1.5,1.7,1.5,6.3,8.3,11.0,15.4,15.0,13.1,10.3,3.0,2.8,5.4,13.8,8.8,2.5,9.6,12.7,11.7,15.6,17.7,23.0,28.4,28.2,25.3,21.6,12.7,10.4,15.0,26.5,19.9,10.1,17.3,7.0,15.4,16.8,17.0,10.9,8.4,6.2,6.9,8.3,10.8,16.0,49.2,25.5,26.0,49.7,90.9,18.1,77.6,107.3,118.9,56.2,39.7,22.2,45.1,42.7,59.3,90.0,303.8,118.2,147.0,280.7
SPAIN,1972,5.2,7.2,8.6,10.8,13.2,17.0,21.0,20.5,16.5,13.2,10.1,6.4,10.8,19.5,13.3,6.0,1.5,3.3,4.0,5.2,7.4,11.2,14.5,14.3,11.4,8.6,6.1,2.7,5.5,13.3,8.7,1.6,9.0,11.1,13.2,16.5,18.9,22.8,27.6,26.9,21.7,17.8,14.2,10.1,16.2,25.8,17.9,10.4,18.1,15.6,15.0,10.5,12.2,9.3,6.1,6.5,12.6,15.8,12.9,13.7,37.7,21.9,41.3,35.3,96.7,94.0,75.2,37.6,62.0,50.4,22.2,34.3,101.9,120.0,68.1,63.5,174.7,106.9,290.0,144.9
SPAIN,1973,5.5,6.0,7.8,10.6,15.0,18.8,21.4,22.9,19.0,13.6,9.8,5.8,11.1,21.1,14.1,6.7,1.3,0.7,1.9,4.5,9.2,12.7,14.8,16.1,12.6,8.1,4.7,1.4,5.2,14.5,8.4,2.3,9.8,11.4,13.7,16.8,20.9,25.0,28.1,29.8,25.4,19.2,15.0,10.3,17.1,27.6,19.9,11.1,13.1,8.5,11.5,7.7,13.2,10.7,6.6,5.3,6.3,10.7,9.7,16.4,32.4,22.6,26.7,43.3,51.5,29.9,37.7,25.3,69.4,58.8,24.9,24.3,33.7,50.9,38.4,94.8,132.4,108.0,123.0,215.1
SPAIN,1974,7.4,6.8,8.6,9.6,14.6,18.4,22.3,21.8,18.0,11.5,9.6,7.2,11.0,20.8,13.0,7.3,3.1,2.4,4.0,5.1,8.8,12.4,15.3,14.9,11.9,6.0,4.6,2.4,6.0,14.2,7.5,2.8,11.8,11.2,13.2,14.2,20.5,24.4,29.3,28.7,24.2,17.1,14.6,12.0,16.0,27.5,18.6,11.9,12.2,14.7,15.6,14.5,9.1,11.6,6.8,5.6,5.2,9.5,10.4,6.1,39.2,24.0,25.2,31.5,55.3,65.0,97.6,75.8,36.2,61.3,27.2,28.9,32.6,54.6,49.1,12.6,209.5,117.4,136.3,115.6
SPAIN,1975,7.0,7.8,7.5,10.6,13.1,17.9,22.6,22.3,18.1,14.4,9.2,5.4,10.4,20.9,13.9,6.0,2.3,3.6,3.0,4.7,7.8,12.1,15.5,15.7,12.4,8.9,4.1,1.7,5.2,14.4,8.4,1.4,11.8,12.1,12.0,16.4,18.5,23.8,29.6,29.1,23.8,20.0,14.3,9.1,15.6,27.5,19.3,10.6,12.0,13.4,16.6,12.8,13.7,8.7,2.5,7.8,8.9,6.7,10.1,15.3,43.1,19.0,25.7,38.5,47.8,55.2,98.4,54.6,83.3,43.7,5.7,41.0,59.5,26.5,46.4,78.7,236.2,90.4,132.4,155.7
SPAIN,1976,5.2,7.4,8.8,9.7,14.7,20.5,22.3,22.0,17.7,12.8,7.8,7.5,11.1,21.6,12.7,7.3,-0.3,2.9,2.8,4.9,9.0,13.6,15.8,15.7,12.0,8.2,2.8,4.3,5.6,15.0,7.7,3.8,10.8,11.9,14.8,14.6,20.5,27.4,28.8,28.3,23.4,17.4,12.8,10.6,16.6,28.1,17.9,10.8,9.7,13.6,10.0,15.1,11.7,7.6,10.3,10.0,10.9,14.2,10.7,18.8,36.9,27.9,35.7,51.7,25.4,51.6,36.5,81.3,50.1,28.4,41.3,57.6,63.2,100.4,48.1,124.2,167.9,127.3,211.8,303.9
SPAIN,1977,6.3,8.2,9.9,11.5,13.4,16.7,19.8,19.9,19.1,14.9,9.5,8.4,11.6,18.8,14.5,7.4,3.1,4.1,4.5,6.0,8.2,11.0,13.7,13.6,12.9,10.3,5.0,5.1,6.2,12.7,9.4,3.7,9.5,12.4,15.3,17.1,18.7,22.5,25.9,26.2,25.3,19.5,14.1,11.7,17.0,24.9,19.6,11.2,19.9,13.0,10.0,9.4,13.9,11.5,11.1,8.1,5.6,13.0,13.0,16.8,33.3,30.7,31.6,47.1,114.6,65.0,34.3,39.4,83.6,69.3,49.8,39.4,21.6,85.6,65.4,106.3,157.3,158.4,172.7,273.4
SPAIN,1978,5.7,8.1,9.3,10.0,13.1,16.6,21.3,21.9,20.3,14.1,9.4,8.5,10.8,20.0,14.6,7.8,2.1,3.9,3.8,5.4,7.9,11.1,14.3,15.1,13.6,8.4,4.6,5.0,5.7,13.5,8.8,4.3,9.5,12.3,14.8,14.6,18.4,22.2,28.4,28.8,27.0,19.9,14.3,12.1,15.9,26.5,20.4,11.3,14.5,15.9,13.0,15.5,13.5,10.9,2.3,3.2,5.0,7.4,9.6,18.1,41.9,16.4,22.0,56.3,70.9,96.2,56.6,80.7,68.1,51.7,5.0,11.0,16.4,28.9,38.2,133.9,205.4,67.8,83.6,384.3
SPAIN,1979,7.2,7.6,8.4,10.1,14.5,19.3,22.2,21.7,18.8,13.7,8.7,7.1,11.0,21.1,13.8,7.0,4.1,3.8,3.9,5.0,8.6,13.0,15.5,15.1,13.0,9.6,3.4,2.7,5.9,14.5,8.7,2.6,10.3,11.4,13.0,15.3,20.4,25.6,29.0,28.4,24.8,17.9,14.0,11.5,16.2,27.6,18.9,11.4,21.1,17.1,14.3,11.9,9.7,6.8,8.8,3.7,7.9,16.7,9.0,11.0,35.8,19.4,33.7,38.1,138.8,111.6,76.4,51.4,42.7,32.1,30.0,14.2,39.6,143.6,38.1,44.2,170.5,76.4,221.3,151.3
SPAIN,1980,5.8,8.1,8.9,10.8,13.4,18.0,20.9,22.5,20.5,14.1,9.1,5.3,11.0,20.5,14.6,5.6,1.7,3.5,4.0,5.4,8.4,12.0,13.9,15.8,14.2,8.6,4.7,0.3,5.9,13.9,9.2,0.4,9.9,12.7,13.9,16.2,18.5,24.1,27.9,29.3,26.8,19.8,13.5,10.3,16.2,27.1,20.0,10.9,13.2,13.8,13.6,12.5,15.6,8.4,5.6,6.7,6.0,10.3,13.4,7.9,41.7,20.7,29.7,26.6,46.6,60.5,62.7,56.2,86.6,34.2,18.5,21.4,22.5,53.7,78.4,28.1,205.5,74.0,154.6,89.5
SPAIN,1981,5.6,5.9,10.7,10.8,13.8,19.7,21.7,21.8,19.5,14.9,11.1,8.1,11.8,21.1,15.1,7.8,0.2,0.6,5.7,6.3,8.3,13.2,14.8,15.2,13.7,9.3,5.3,4.3,6.8,14.4,9.4,3.9,11.1,11.3,15.8,15.4,19.4,26.2,28.6,28.4,25.3,20.5,16.9,11.9,16.9,27.7,20.9,11.7,7.3,11.4,12.2,15.8,10.8,8.1,6.1,6.5,8.7,7.9,2.1,19.3,38.8,20.7,18.6,46.9,19.2,42.2,46.8,93.3,42.7,39.4,19.7,27.8,46.8,33.6,2.0,136.5,182.8,87.0,82.4,253.5
SPAIN,1982,7.7,7.6,9.2,11.6,15.0,20.1,22.4,21.7,19.5,13.5,9.4,6.4,11.9,21.4,14.2,6.0,3.7,3.7,4.0,5.9,9.1,13.9,15.8,15.4,13.7,8.5,5.4,2.6,6.4,15.0,9.2,1.5,11.8,11.5,14.5,17.2,20.9,26.3,29.0,28.1,25.4,18.6,13.5,10.1,17.6,27.8,19.2,10.5,14.2,13.4,12.0,10.1,10.1,7.2,7.1,7.7,8.9,11.7,14.7,11.0,32.2,22.0,35.3,26.2,55.3,61.6,49.4,36.5,46.5,28.4,33.7,34.7,49.8,79.2,98.1,47.6,132.4,96.8,227.2,98.3
SPAIN,1983,6.0,5.5,10.1,11.0,13.5,19.6,22.4,21.3,20.6,15.6,11.8,7.2,11.5,21.1,16.0,6.6,0.6,1.1,4.4,5.7,8.1,13.2,15.7,15.4,13.9,9.8,8.5,2.9,6.1,14.8,10.7,2.2,11.5,9.8,15.7,16.3,18.9,26.1,29.1,27.3,27.3,21.6,15.2,11.5,17.0,27.5,21.4,10.9,2.8,12.4,7.1,12.6,9.5,6.4,4.6,11.1,3.7,7.1,17.0,14.5,29.2,22.1,27.8,38.8,4.0,46.8,21.2,66.9,35.1,26.4,21.5,73.1,8.4,25.1,136.1,73.0,123.2,121.0,169.6,167.1
SPAIN,1984,6.3,6.3,7.5,12.4,11.7,17.9,22.5,21.4,18.7,13.8,10.2,7.2,10.5,20.6,14.2,6.6,2.2,1.6,2.7,7.2,7.1,11.9,15.5,14.9,12.2,8.2,6.5,3.3,5.6,14.1,9.0,2.5,10.4,11.0,12.3,17.7,16.3,23.9,29.6,28.0,25.2,19.4,14.0,11.1,15.4,27.1,19.5,10.8,12.4,11.8,15.3,11.1,16.9,9.5,2.9,5.6,6.4,10.3,18.4,9.9,43.2,18.1,35.1,40.4,48.9,45.2,85.3,41.2,110.5,41.3,5.0,21.7,27.3,53.7,147.5,32.7,237.0,68.0,228.5,178.3
SPAIN,1985,4.0,8.6,8.2,11.9,13.6,19.0,22.8,21.9,21.2,16.1,9.2,7.1,11.2,21.2,15.5,6.5,-0.2,4.3,3.0,6.3,8.3,13.1,16.0,14.8,14.4,10.0,5.0,2.9,5.9,14.7,9.8,2.5,8.4,12.9,13.5,17.5,18.8,24.9,29.6,29.0,28.0,22.2,13.6,11.4,16.6,27.8,21.3,10.6,15.8,14.7,9.8,12.4,13.0,7.1,5.3,2.8,3.4,6.4,14.1,15.2,35.3,15.1,23.9,43.6,74.8,70.8,38.8,54.8,65.9,25.1,20.9,7.4,13.0,26.8,87.4,76.6,159.5,53.4,127.2,211.4
SPAIN,1986,6.2,6.2,8.8,8.7,16.0,19.0,22.5,21.7,19.8,15.5,9.7,7.0,11.2,21.1,15.0,6.4,2.0,2.5,3.7,3.8,9.7,12.5,15.5,15.2,14.4,10.7,4.8,2.4,5.7,14.4,10.0,2.1,10.4,10.1,13.9,13.5,22.4,25.7,29.5,28.2,25.1,20.4,14.7,11.7,16.6,27.8,20.1,10.8,13.0,15.4,11.6,13.3,9.0,5.4,5.0,5.1,11.3,14.2,10.5,10.8,33.8,15.6,36.1,45.8,54.9,79.8,41.6,60.3,29.5,16.2,14.0,16.2,78.6,100.8,45.1,39.4,131.3,46.4,224.5,213.2
SPAIN,1987,5.2,7.0,9.8,12.3,14.5,19.1,22.2,22.6,21.4,14.0,9.6,8.3,12.2,21.3,15.0,7.7,1.0,2.9,4.8,7.0,8.4,12.8,16.1,16.1,15.0,10.0,5.3,5.0,6.8,15.0,10.1,3.9,9.4,11.2,14.8,17.6,20.6,25.4,28.4,29.1,27.9,18.2,13.9,11.7,17.7,27.7,20.0,11.5,18.3,16.8,9.7,10.6,7.8,7.6,12.3,7.2,8.1,16.7,12.9,17.6,28.1,27.1,37.7,47.3,96.2,77.6,25.6,47.8,26.2,25.5,52.1,24.8,42.3,133.6,68.4,100.1,99.6,102.4,244.3,231.2
SPAIN,1988,7.6,7.0,9.5,11.6,14.3,17.9,21.9,22.6,19.8,15.4,10.4,6.5,11.8,20.8,15.2,6.8,4.3,2.3,3.4,6.9,9.5,12.5,15.2,15.6,12.9,10.2,6.4,1.6,6.6,14.5,9.8,1.8,11.0,11.8,15.6,16.3,19.1,23.2,28.6,29.7,26.9,20.8,14.5,11.4,17.0,27.2,20.7,11.8,19.4,10.2,6.3,17.4,14.9,14.4,7.8,2.1,4.9,11.8,12.4,4.5,38.6,24.3,29.2,27.1,96.7,34.4,17.2,97.1,74.9,92.4,24.0,6.4,22.0,68.6,62.3,10.5,189.2,122.8,153.0,96.0
SPAIN,1989,6.0,7.9,10.5,10.1,16.0,19.8,24.0,23.2,19.1,15.6,10.9,9.4,12.2,22.3,15.2,8.5,1.1,2.6,4.9,5.3,10.1,13.5,17.1,17.1,13.4,10.2,7.5,6.4,6.8,15.9,10.3,4.4,11.0,13.1,16.2,14.9,21.9,26.2,30.9,29.4,24.8,21.2,14.4,12.5,17.7,28.8,20.1,12.6,10.0,12.6,11.4,16.2,12.0,6.8,5.3,7.3,9.4,8.7,17.8,20.4,39.6,19.3,36.0,39.2,27.3,58.2,49.4,85.8,63.2,23.9,14.8,29.8,56.7,40.2,143.3,148.0,198.4,68.5,240.3,214.7
SPAIN,1990,6.3,9.6,10.7,10.7,16.2,19.3,23.6,23.4,20.7,14.8,9.2,5.6,12.5,22.1,14.9,5.7,2.1,4.7,4.9,5.5,10.1,13.4,16.5,16.8,15.1,10.3,4.9,1.6,6.8,15.6,10.1,1.5,10.5,14.6,16.5,15.9,22.3,25.3,30.7,30.2,26.3,19.3,13.5,9.7,18.2,28.7,19.7,10.0,14.6,4.2,7.9,15.6,9.6,6.3,6.7,6.5,7.8,16.6,12.1,12.2,33.1,19.5,36.4,40.9,56.0,10.7,25.2,72.3,44.1,33.3,18.3,27.0,36.9,108.3,64.0,46.2,141.6,78.6,209.3,169.1
SPAIN,1991,5.8,5.8,9.7,10.4,14.2,19.4,23.2,23.8,20.7,13.0,9.3,6.8,11.5,22.1,14.4,6.3,1.6,1.4,5.6,4.8,7.9,12.9,16.1,16.8,14.8,7.9,4.7,3.1,6.1,15.3,9.1,1.7,10.0,10.2,13.9,16.0,20.5,26.0,30.3,30.9,26.7,18.2,14.0,10.5,16.8,29.0,19.6,10.8,12.6,16.2,17.8,10.4,8.1,7.4,5.1,4.2,11.3,13.6,11.0,11.0,36.3,16.6,35.9,30.2,48.2,74.7,95.7,46.7,30.1,21.9,15.1,14.6,61.0,78.3,56.7,38.9,172.5,51.6,195.9,102.6
SPAIN,1992,5.0,6.9,9.6,11.8,16.4,17.0,22.6,23.2,19.0,12.8,10.6,7.8,12.6,20.9,14.1,6.9,0.6,1.4,4.1,5.6,10.5,11.7,15.9,16.6,13.0,8.6,5.8,4.3,6.7,14.7,9.2,2.4,9.5,12.5,15.3,18.0,22.4,22.3,29.4,29.8,25.1,17.1,15.4,11.4,18.6,27.1,19.2,11.4,8.7,10.5,10.7,10.7,12.0,14.0,5.7,7.3,8.4,15.6,6.2,12.7,33.4,27.1,30.2,29.0,31.6,32.1,37.3,39.4,58.6,91.2,16.1,40.9,46.0,116.2,18.3,61.3,135.2,148.2,180.6,112.6
SPAIN,1993,6.0,6.8,9.2,10.9,14.4,19.3,22.4,22.5,17.8,12.4,8.8,7.4,11.5,21.4,13.0,7.0,1.1,1.9,3.9,5.6,9.3,13.1,15.5,15.7,12.2,8.2,4.9,3.5,6.2,14.8,8.5,2.5,11.0,11.6,14.5,16.3,19.7,25.5,29.4,29.3,23.4,16.8,12.8,11.5,16.8,28.1,17.6,11.4,5.0,11.3,11.3,13.8,14.8,8.6,4.0,5.7,9.4,17.3,12.9,8.4,39.8,18.4,39.6,35.1,9.7,41.6,49.3,66.8,82.5,36.6,11.6,29.3,56.0,128.5,59.5,29.2,198.6,77.4,244.1,143.3
SPAIN,1994,6.2,7.2,11.0,10.8,15.3,19.9,23.6,23.3,18.2,14.9,11.4,8.0,12.3,22.3,14.8,7.8,1.6,2.5,4.8,5.0,9.7,13.1,16.4,16.5,12.3,10.6,7.0,4.1,6.5,15.3,10.0,3.3,10.9,12.0,17.2,16.6,20.9,26.7,30.8,30.2,24.1,19.3,15.8,12.1,18.3,29.2,19.7,12.5,12.5,14.2,4.0,11.3,13.9,4.3,4.4,5.0,10.9,14.1,11.6,10.0,29.2,13.7,36.5,32.4,57.2,56.9,10.6,40.4,69.6,14.9,10.4,12.9,64.5,101.5,64.3,44.3,120.6,38.1,230.3,129.4
SPAIN,1995,6.8,8.7,9.8,12.2,16.3,19.1,23.2,23.0,17.7,16.4,11.3,8.5,12.8,21.8,15.1,7.6,2.1,3.6,3.8,5.8,10.3,13.2,16.5,16.5,11.9,11.0,7.1,5.4,6.6,15.4,10.0,4.2,11.5,13.8,15.8,18.6,22.4,25.1,29.9,29.4,23.4,21.9,15.6,11.6,19.0,28.2,20.3,11.1,10.9,11.5,7.9,7.7,8.5,7.6,6.2,4.9,9.7,7.2,14.0,22.6,24.1,18.7,30.9,59.7,39.8,45.3,22.3,25.4,37.1,39.0,18.0,23.0,38.5,24.4,83.5,160.1,84.8,80.0,146.3,369.1
SPAIN,1996,8.1,6.3,9.3,12.2,14.6,20.4,22.5,21.4,17.7,14.2,9.9,7.5,12.0,21.5,13.9,7.7,5.1,2.0,4.5,6.9,9.0,13.8,15.8,15.3,12.0,8.7,5.6,4.4,6.8,15.0,8.8,3.8,11.2,10.6,14.1,17.5,20.2,27.1,29.3,27.5,23.5,19.7,14.2,10.8,17.3,28.0,19.2,11.7,23.9,13.2,13.7,10.5,14.4,5.6,6.7,7.2,11.7,9.1,14.0,22.9,38.6,19.5,34.8,49.7,155.5,53.5,58.3,46.8,81.2,26.5,19.9,38.7,58.3,42.1,93.0,184.5,186.3,85.1,193.4,327.4
SPAIN,1997,6.7,9.0,11.5,13.5,15.6,18.6,21.5,22.7,20.5,16.4,10.7,7.8,13.5,21.0,15.9,8.1,3.5,3.7,4.7,7.6,10.2,13.2,15.2,16.4,14.4,11.2,7.0,4.2,7.5,14.9,10.9,3.9,10.0,14.3,18.5,19.4,21.2,24.1,27.9,29.0,26.6,21.6,14.4,11.4,19.7,27.0,20.9,12.2,21.8,5.0,2.1,10.5,13.6,11.7,9.5,10.2,8.5,10.6,17.5,19.3,26.2,31.5,36.5,43.2,134.8,8.1,4.3,42.8,80.1,60.7,44.4,52.8,43.6,52.4,147.0,133.9,127.2,157.9,243.0,224.8
SPAIN,1998,7.5,8.9,11.0,10.9,14.9,19.7,22.8,23.3,19.5,13.9,9.6,6.3,12.3,22.0,14.3,6.4,3.7,3.9,5.0,5.9,9.7,13.5,15.9,16.5,14.0,8.3,4.6,1.4,6.9,15.3,9.0,1.4,11.3,14.1,17.1,16.0,20.2,26.0,29.7,30.2,25.0,19.6,14.6,11.2,17.8,28.7,19.8,11.5,12.8,11.1,7.6,13.1,14.2,6.5,2.7,6.2,11.0,7.8,8.2,13.8,34.9,15.4,27.0,34.7,50.4,40.6,21.8,65.5,83.5,22.9,9.7,25.1,63.5,32.7,30.3,66.0,170.8,57.7,126.5,143.7
SPAIN,1999,6.4,6.6,9.8,12.3,16.2,19.8,23.1,22.8,19.6,15.0,8.6,7.0,12.8,21.9,14.4,7.0,1.8,1.1,4.5,6.5,10.7,13.5,16.5,16.5,13.8,10.5,3.8,2.8,7.2,15.5,9.4,2.0,11.1,12.1,15.0,18.1,21.8,26.2,29.8,29.1,25.3,19.6,13.5,11.2,18.3,28.4,19.5,12.0,12.3,8.6,13.1,11.3,11.1,6.0,6.4,5.8,11.9,14.7,10.6,11.6,35.4,18.2,37.1,24.8,50.1,27.7,63.3,43.7,55.9,20.5,27.8,23.7,83.9,113.9,46.9,46.6,162.8,72.1,244.7,80.8
SPAIN,2000,5.1,9.0,10.4,10.9,16.0,20.6,22.2,22.7,19.7,14.0,9.5,8.5,12.4,21.8,14.4,8.0,0.1,3.2,4.4,6.2,10.5,14.1,15.5,15.8,13.1,9.0,5.4,4.9,7.0,15.1,9.2,4.0,10.1,14.9,16.6,15.6,21.6,27.2,28.8,29.8,26.3,19.0,13.6,12.2,17.9,28.6,19.6,12.1,9.5,3.7,9.2,17.9,13.2,6.2,6.4,3.8,6.7,14.1,15.1,19.8,40.4,16.4,36.0,50.4,25.3,9.0,37.6,102.4,68.7,25.6,18.5,13.5,33.3,93.5,102.7,132.7,208.7,57.5,229.5,285.7
SPAIN,2001,7.6,8.0,11.5,11.9,15.2,20.6,22.1,23.0,18.9,16.3,8.7,5.6,12.9,21.9,14.7,7.1,4.1,3.0,6.9,6.1,9.4,13.7,15.7,16.4,13.0,11.3,4.1,1.2,7.5,15.2,9.5,2.4,11.1,12.9,16.2,17.8,21.0,27.6,28.7,29.7,24.9,21.3,13.4,10.0,18.3,28.6,19.9,11.9,19.6,11.0,14.9,8.8,11.2,3.8,7.5,5.6,9.4,12.4,10.5,10.3,34.9,16.9,32.3,29.9,109.5,43.5,100.4,30.3,50.6,10.6,37.2,16.3,52.7,75.9,51.5,39.0,181.2,64.0,180.1,110.8
SPAIN,2002,7.3,8.5,10.4,11.9,14.7,19.9,22.0,21.4,18.7,15.2,10.5,8.8,12.3,21.1,14.8,7.2,3.1,2.9,5.4,6.5,9.2,13.3,15.3,15.1,13.2,10.2,6.3,5.3,7.0,14.5,9.9,3.2,11.5,14.1,15.4,17.3,20.3,26.5,28.8,27.8,24.4,20.2,14.7,12.3,17.7,27.7,19.7,11.1,12.7,6.9,13.8,13.1,13.6,8.2,5.1,8.8,10.8,12.6,15.0,17.2,40.5,22.1,38.3,48.1,47.4,24.3,68.4,68.5,74.9,39.3,18.7,46.4,54.7,81.7,95.9,92.8,211.8,104.4,232.3,252.7
SPAIN,2003,6.2,6.5,10.6,12.1,16.2,21.6,23.3,24.4,20.2,14.3,10.4,7.1,12.9,23.1,15.0,7.3,1.8,2.6,5.2,6.7,10.0,14.8,16.4,17.3,14.3,10.2,6.5,3.5,7.3,16.2,10.3,3.2,10.6,10.5,16.0,17.5,22.4,28.5,30.2,31.5,26.1,18.4,14.4,10.9,18.7,30.1,19.6,11.6,15.8,15.2,11.4,11.8,9.9,5.4,4.2,6.3,7.9,17.7,14.5,15.9,33.1,15.9,40.1,39.4,78.6,81.3,52.4,56.3,45.3,20.6,13.2,29.6,55.1,149.0,88.6,70.0,154.0,63.4,292.8,169.5
SPAIN,2004,7.4,7.4,8.9,11.2,14.3,21.0,23.0,22.9,20.1,15.5,9.1,6.9,11.5,22.3,14.9,5.8,3.1,2.9,4.1,5.9,8.9,14.3,16.3,16.5,13.8,10.2,4.1,2.8,6.3,15.7,9.4,0.8,11.8,12.0,13.8,16.5,19.8,27.8,29.9,29.4,26.5,20.8,14.2,11.0,16.7,29.0,20.5,10.8,10.4,13.1,15.5,12.9,14.6,5.0,4.6,6.7,5.3,13.6,7.7,13.0,43.0,16.2,26.6,28.3,33.3,66.3,82.9,64.7,78.4,19.1,18.3,30.4,24.2,86.7,31.4,58.8,226.1,67.7,142.2,117.8
SPAIN,2005,5.4,5.0,9.4,12.2,16.4,21.5,23.2,22.7,19.2,15.6,9.1,6.3,12.7,22.4,14.6,5.9,-0.2,-0.2,3.8,6.5,10.3,14.8,16.4,16.0,12.9,11.0,4.9,2.0,6.9,15.7,9.6,1.6,11.0,10.3,15.0,17.8,22.6,28.2,30.1,29.4,25.6,20.3,13.3,10.7,18.5,29.2,19.7,10.4,4.0,11.3,9.5,9.4,8.6,4.1,3.2,4.1,8.3,15.0,12.9,10.5,27.5,11.5,36.2,36.9,10.9,48.1,31.6,35.8,36.9,19.1,7.9,19.1,41.6,111.3,71.6,42.9,104.3,46.2,224.5,165.2
SPAIN,2006,5.4,6.2,10.0,12.8,16.7,20.4,24.3,22.4,20.3,16.4,11.9,6.9,13.2,22.4,16.2,7.5,1.5,1.3,5.2,7.2,10.4,13.7,17.2,15.6,14.5,11.6,7.9,2.5,7.6,15.5,11.3,3.1,9.4,11.0,14.9,18.5,23.1,27.1,31.5,29.2,26.2,21.3,15.9,11.4,18.8,29.3,21.1,12.1,15.2,11.2,12.4,10.1,7.8,8.0,5.2,6.4,10.5,13.2,14.1,11.0,30.3,19.6,37.8,35.6,73.0,49.3,57.8,43.3,28.0,35.0,19.9,23.1,62.7,104.5,89.4,47.6,129.2,78.0,256.6,146.5
SPAIN,2007,6.8,8.9,9.5,12.1,15.5,19.2,22.5,22.1,19.3,14.9,9.5,6.8,12.4,21.3,14.5,7.9,2.1,4.6,4.1,7.1,9.6,13.0,15.6,15.6,13.1,9.5,3.5,2.2,6.9,14.7,8.7,3.2,11.5,13.3,15.1,17.3,21.6,25.4,29.4,28.6,25.5,20.3,15.4,11.5,18.0,27.8,20.4,12.6,11.0,13.6,12.4,15.0,13.1,7.6,3.8,7.9,8.6,11.0,7.7,9.8,40.5,19.4,27.3,33.0,37.0,61.9,58.5,90.5,74.5,33.1,11.4,32.9,40.6,67.2,40.0,32.2,223.5,77.5,147.8,116.9
SPAIN,2008,7.7,9.1,9.7,12.5,14.7,19.9,22.7,22.7,18.9,14.3,8.5,6.2,12.3,21.8,13.9,6.3,3.0,4.4,4.3,6.8,9.9,13.7,16.0,15.9,13.1,9.3,3.9,2.5,7.0,15.2,8.8,2.3,12.4,13.8,15.2,18.2,19.6,26.1,29.4,29.6,24.8,19.4,13.2,9.8,17.7,28.4,19.1,10.3,11.8,11.3,8.8,14.2,17.7,8.3,6.2,3.4,9.3,14.6,12.2,15.0,40.6,18.0,36.1,43.5,41.8,42.9,35.1,86.0,121.6,40.4,20.3,15.1,44.8,109.6,63.3,76.4,242.7,75.8,217.6,195.3
SPAIN,2009,5.8,7.0,10.2,11.1,16.4,20.7,23.2,23.7,19.6,16.1,11.4,7.6,12.6,22.5,15.7,6.9,2.1,2.2,4.4,5.8,10.1,14.2,16.2,16.7,13.5,10.5,6.8,3.8,6.8,15.7,10.2,3.3,9.4,11.8,16.1,16.4,22.8,27.3,30.2,30.8,25.8,21.8,16.1,11.3,18.4,29.4,21.2,10.6,16.8,11.6,11.9,13.0,7.3,7.2,5.0,4.6,9.6,9.3,9.7,21.1,32.2,16.9,28.7,60.7,71.2,47.7,49.1,56.7,25.8,23.4,15.4,16.4,51.3,56.7,51.8,158.3,131.6,55.1,159.7,378.4
SPAIN,2010,6.2,7.1,9.2,12.7,14.8,19.3,23.9,23.3,19.6,14.2,9.2,6.7,12.2,22.2,14.3,6.9,2.9,3.2,4.6,7.4,9.2,13.2,17.1,16.6,13.6,8.9,4.7,2.8,7.1,15.6,9.1,2.5,9.4,11.1,13.8,18.1,20.5,25.5,30.8,30.1,25.8,19.6,13.7,10.7,17.5,28.8,19.7,11.5,20.5,19.0,15.8,11.6,11.4,11.6,3.8,6.1,7.9,13.0,13.9,17.6,38.9,21.5,34.8,42.3,109.2,110.9,81.9,50.2,57.5,62.9,14.7,23.7,43.3,86.8,69.8,114.3,189.6,101.3,199.9,211.9
SPAIN,2011,6.7,7.5,9.6,14.3,16.9,19.9,22.2,23.1,20.5,15.9,10.8,7.5,13.6,21.7,15.8,6.2,2.5,2.1,5.0,8.5,10.9,13.7,15.8,16.3,13.7,9.6,7.1,2.9,8.1,15.3,10.1,1.0,10.8,12.9,14.3,20.0,23.0,26.1,28.6,29.9,27.4,22.4,14.7,12.1,19.1,28.2,21.5,11.5,13.5,11.3,15.8,11.8,11.0,7.3,5.1,6.5,4.9,9.0,15.4,8.0,38.6,18.9,29.3,22.5,53.4,44.1,86.1,59.4,54.4,28.7,19.9,20.0,16.7,46.4,104.2,22.3,200.0,68.6,167.3,60.1
SPAIN,2012,6.4,4.9,10.3,10.7,16.5,20.8,22.7,23.7,19.9,15.0,10.2,7.7,12.5,22.4,15.0,7.0,1.2,-1.0,3.5,6.1,10.3,14.2,15.8,16.7,13.8,10.1,6.3,3.5,6.7,15.5,10.1,2.6,11.6,10.8,17.1,15.3,22.7,27.6,29.6,30.8,26.0,20.0,14.2,12.0,18.4,29.3,20.0,11.3,9.7,4.8,7.9,15.1,8.1,5.0,4.4,3.2,10.2,14.3,16.4,10.4,31.2,12.6,41.0,40.9,25.0,12.8,29.3,80.9,35.7,18.9,14.6,11.0,58.5,107.7,105.6,37.3,145.9,44.4,271.8,182.5
SPAIN,2013,6.9,6.3,9.3,11.5,13.7,18.6,23.6,23.3,20.2,16.5,9.4,6.9,11.5,21.8,15.4,7.5,2.6,1.8,5.3,6.3,8.1,12.1,16.5,16.5,13.8,11.4,4.6,2.1,6.6,15.0,9.9,3.2,11.3,10.7,13.5,16.8,19.2,25.1,30.6,30.0,26.6,21.8,14.2,11.7,16.5,28.6,20.8,11.8,15.1,15.3,20.2,13.9,11.8,6.4,4.8,5.6,8.3,10.4,10.0,13.7,45.9,16.9,28.8,47.2,74.8,70.4,142.1,73.3,48.0,30.2,19.6,22.3,40.3,60.3,56.7,62.8,263.4,72.1,157.3,219.1
SPAIN,2014,7.9,7.7,9.9,13.5,15.7,20.0,22.2,22.5,20.8,17.3,11.4,7.1,13.0,21.6,16.5,6.6,4.2,3.4,4.2,7.8,9.6,13.4,15.6,16.1,15.3,11.6,7.6,2.8,7.2,15.1,11.5,2.0,11.6,12.1,15.6,19.2,21.9,26.7,28.8,28.9,26.4,23.0,15.4,11.4,18.9,28.1,21.6,11.2,18.1,15.5,9.7,10.3,8.7,7.6,7.3,3.9,11.4,10.0,18.6,10.5,28.7,18.7,40.0,35.4,86.2,70.1,43.2,45.9,31.6,31.0,28.3,19.8,63.3,60.8,133.5,40.4,120.6,79.2,257.6,141.0
SPAIN,2015,6.3,6.4,9.7,13.0,17.0,20.9,24.5,23.1,18.9,15.1,11.4,9.2,13.2,22.8,15.1,8.6,1.3,1.9,4.2,7.2,10.2,14.1,17.5,16.7,12.9,10.2,6.0,4.5,7.2,16.1,9.7,4.2,11.4,11.0,15.3,18.8,23.8,27.8,31.6,29.6,24.9,20.0,16.9,14.0,19.3,29.7,20.6,13.1,12.4,12.5,13.2,10.3,5.1,8.1,5.0,6.2,8.2,12.8,10.2,5.0,28.6,19.3,31.2,34.3,50.5,50.1,65.1,42.2,14.6,47.7,20.4,28.3,45.1,70.0,53.2,16.2,121.8,96.4,168.4,175.6
SPAIN,2016,8.4,8.2,8.8,11.6,15.2,20.1,23.8,23.6,20.6,16.0,10.1,8.1,11.9,22.5,15.6,7.6,4.3,3.7,3.6,6.5,9.6,13.4,16.7,16.3,13.9,11.0,5.7,3.6,6.6,15.5,10.2,3.0,12.5,12.9,14.1,16.8,20.8,26.9,31.0,30.9,27.4,21.0,14.6,12.6,17.2,29.6,21.0,12.2,15.1,14.2,13.5,15.1,13.8,4.3,4.5,3.0,5.5,11.1,15.3,12.2,42.4,11.9,31.8,37.9,84.2,75.2,64.0,83.5,67.6,13.3,14.2,7.0,24.9,62.3,102.7,48.1,215.1,34.5,189.9,159.3
SPAIN,2017,5.8,8.9,10.7,13.1,17.3,21.8,23.5,23.6,19.5,16.6,10.0,6.8,13.7,23.0,15.4,6.8,1.1,4.4,4.8,6.9,10.8,14.9,16.5,16.6,13.0,10.7,4.2,2.0,7.5,16.0,9.3,2.2,10.6,13.5,16.7,19.3,23.7,28.8,30.5,30.7,26.0,22.6,15.9,11.6,19.9,30.0,21.5,11.5,12.7,13.0,13.7,7.9,9.1,5.8,7.0,7.0,5.3,7.2,8.7,11.1,30.8,19.8,21.2,40.1,44.6,66.6,63.8,27.8,39.5,31.7,26.3,28.1,19.8,33.8,40.2,54.4,131.2,86.1,93.8,203.9
SPAIN,2018,7.5,6.1,9.0,12.2,15.1,19.5,22.8,24.0,21.4,15.1,10.2,8.3,12.1,22.1,15.6,7.6,3.0,1.4,4.4,7.0,9.5,13.6,16.0,17.1,15.1,9.9,6.3,3.9,7.0,15.6,10.4,2.4,12.0,10.7,13.5,17.5,20.7,25.4,29.7,30.9,27.7,20.3,14.2,12.8,17.2,28.7,20.7,12.9,15.6,13.4,19.9,15.0,11.8,10.7,5.0,4.3,7.9,14.7,17.5,8.5,46.6,20.0,40.2,23.3,71.4,78.1,136.1,81.7,65.1,48.7,23.3,21.8,37.4,110.7,105.2,24.8,283.0,93.8,253.3,80.8
SPAIN,2019,6.2,8.3,10.6,11.6,15.9,19.8,23.7,23.3,20.3,15.6,9.9,8.7,12.7,22.3,15.3,8.6,1.1,2.1,3.9,6.3,9.5,12.9,16.7,16.3,14.0,10.2,5.9,4.9,6.6,15.3,10.0,4.0,11.3,14.6,17.3,17.0,22.3,26.8,30.8,30.4,26.6,21.2,14.0,12.6,18.9,29.3,20.6,13.2,10.5,4.3,7.3,15.3,6.1,4.4,6.3,7.0,9.7,12.2,15.0,17.3,28.7,17.8,36.9,36.9,44.1,11.9,20.9,77.3,24.5,15.3,26.5,24.9,47.4,79.8,94.8,106.3,122.8,66.7,222.0,190.6
SPAIN,2020,7.1,9.9,10.4,12.9,17.6,19.7,24.3,23.5,20.2,14.2,11.5,7.7,13.6,22.5,15.3,7.8,2.7,4.3,5.5,8.3,11.6,13.5,17.2,16.4,13.8,8.6,6.8,3.8,8.5,15.7,9.8,3.8,11.5,15.5,15.4,17.5,23.7,26.0,31.4,30.6,26.7,19.9,16.2,11.7,18.8,29.3,20.9,12.0,15.9,3.7,16.2,16.7,11.5,8.2,4.2,6.6,8.7,11.3,12.8,13.7,44.5,19.0,32.8,43.8,76.8,7.4,93.1,94.6,56.0,36.9,13.6,33.0,39.1,67.1,71.7,61.8,243.7,83.6,177.9,213.7
SPAIN,2021,6.2,9.7,10.1,12.2,15.7,20.3,23.1,23.4,20.8,15.7,9.2,8.6,12.7,22.3,15.2,8.1,2.0,5.5,4.5,7.1,9.8,13.8,16.0,16.4,15.0,9.9,4.5,4.4,7.2,15.4,9.8,2.9,10.5,13.8,15.7,17.3,21.7,26.8,30.3,30.5,26.6,21.5,13.9,12.9,18.2,29.2,20.7,13.3,17.2,12.9,7.6,13.9,10.5,10.3,4.7,5.0,11.1,9.9,11.3,11.2,32.1,20.0,32.3,23.0,82.2,69.8,26.7,68.0,38.1,53.4,13.8,22.6,62.7,58.5,69.1,51.4,132.8,89.7,190.4,80.3
SPAIN,2022,6.8,8.8,9.8,11.5,17.5,21.2,24.7,24.1,20.3,17.4,11.8,9.6,13.0,23.3,16.5,8.0,1.1,3.1,5.9,6.1,10.8,14.4,17.2,17.0,14.3,12.0,7.1,5.8,7.6,16.2,11.1,3.3,12.5,14.6,13.7,17.1,24.3,28.1,32.2,31.2,26.3,23.0,16.5,13.4,18.4,30.5,21.9,12.7,6.4,5.4,18.5,13.7,6.8,5.4,3.1,6.2,8.3,9.8,12.9,19.2,39.0,14.8,31.0,39.4,18.1,10.8,109.9,67.1,23.7,15.6,10.0,25.4,38.7,50.4,59.4,127.2,200.7,51.0,148.4,206.1
SPAIN,2023,6.8,7.4,11.2,13.9,16.4,21.6,24.2,24.5,20.7,17.3,11.4,7.9,13.8,23.4,16.5,8.7,2.2,1.9,5.1,7.4,10.3,15.5,17.4,17.2,14.6,12.0,6.6,3.1,7.6,16.7,11.1,4.0,11.5,13.0,17.3,20.4,22.5,27.6,31.1,31.9,26.9,22.6,16.2,12.7,20.1,30.2,21.9,13.5,12.5,7.7,8.0,5.1,12.0,12.2,4.6,3.5,11.9,14.4,10.3,9.0,25.0,20.2,36.6,36.0,49.4,29.5,20.8,13.6,51.0,58.1,12.9,14.0,80.0,104.9,58.4,32.5,85.5,85.0,243.3,162.7
SPAIN,2024,8.5,9.8,10.8,13.3,16.0,20.1,24.0,24.6,19.5,16.1,12.6,7.9,13.3,22.9,16.1,-999.0,4.0,4.8,5.7,7.2,9.6,13.9,16.9,17.7,13.4,11.5,8.1,3.2,7.5,16.2,11.0,-999.0,13.0,14.8,15.9,19.4,22.3,26.3,31.1,31.6,25.7,20.7,17.0,12.7,19.2,29.7,21.1,-999.0,14.3,12.7,17.8,8.9,7.8,10.1,4.8,6.6,8.7,16.9,9.2,7.5,34.5,21.5,34.7,-999.0,67.1,63.1,111.7,33.9,36.2,53.5,13.8,26.6,55.5,137.6,49.6,25.2,181.8,93.8,242.7,-999.0
TUNISIA,1901,10.0,10.4,14.5,18.3,19.5,26.0,27.9,27.5,25.8,20.3,15.2,11.6,17.4,27.1,20.4,11.7,5.5,5.3,8.6,12.4,13.7,18.9,20.9,21.2,19.8,14.8,10.2,6.4,11.6,20.3,14.9,6.5,14.6,15.5,20.4,24.2,25.3,33.0,34.9,33.8,31.7,25.9,20.3,16.8,23.3,33.9,26.0,16.9,7.6,5.3,4.5,4.3,5.5,0.5,1.5,1.6,3.1,6.3,5.0,3.4,14.3,3.6,14.4,12.5,56.2,30.1,20.7,23.0,32.0,1.5,5.3,8.9,21.3,72.1,25.5,14.6,75.7,15.6,118.9,68.8
TUNISIA,1902,10.3,13.2,14.3,18.4,18.8,24.1,28.4,28.5,25.5,20.7,15.4,11.4,17.2,27.0,20.5,11.4,5.2,8.0,9.1,12.9,12.9,17.4,21.3,21.4,19.9,15.5,10.7,7.0,11.6,20.1,15.4,6.7,15.4,18.4,19.6,23.9,24.8,30.8,35.6,35.6,31.3,25.9,20.2,15.7,22.8,34.0,25.8,16.1,3.6,5.5,5.8,4.1,3.4,1.0,0.3,0.4,3.0,5.7,5.0,6.5,13.3,1.6,13.7,16.9,13.7,40.6,35.4,23.2,17.7,4.0,0.7,0.8,21.2,56.3,29.4,51.6,76.3,5.5,106.9,110.5
TUNISIA,1903,11.1,11.6,14.2,16.1,20.4,23.3,26.3,27.4,24.9,21.4,14.9,11.7,16.9,25.7,20.4,11.4,6.5,6.5,9.0,10.6,14.5,17.2,19.7,21.1,19.3,16.2,10.0,7.1,11.3,19.3,15.2,6.7,15.7,16.8,19.4,21.7,26.4,29.6,32.8,33.7,30.6,26.5,19.8,16.3,22.5,32.0,25.6,16.2,6.8,3.7,5.4,5.9,1.9,3.1,0.1,0.0,3.6,2.6,8.0,6.8,13.2,3.2,14.2,20.9,42.6,16.3,29.4,35.1,7.8,18.3,0.1,0.2,30.1,21.1,67.4,55.6,72.2,18.5,118.6,162.6
TUNISIA,1904,10.0,12.6,14.0,17.5,21.2,25.5,28.2,27.6,24.3,20.4,14.2,11.3,17.6,27.1,19.6,9.9,5.4,7.5,8.7,12.0,15.3,19.3,21.7,21.4,18.7,15.3,9.3,6.7,12.0,20.8,14.4,5.0,14.6,17.8,19.2,23.1,27.2,31.7,34.8,33.9,29.9,25.6,19.1,15.9,23.2,33.5,24.9,14.8,8.7,5.4,5.5,3.5,1.7,2.0,1.1,0.9,3.4,5.3,4.2,5.8,10.7,4.1,12.9,15.4,73.2,33.9,31.7,15.5,4.9,11.2,3.8,4.9,31.4,47.4,17.9,36.3,52.1,19.8,96.7,95.7
TUNISIA,1905,8.7,9.7,14.3,17.8,19.8,24.4,27.6,28.0,25.7,19.4,16.0,11.4,17.3,26.7,20.3,10.7,4.1,4.3,8.7,12.3,13.6,17.6,20.8,21.7,20.1,13.9,10.9,7.1,11.6,20.0,15.0,6.1,13.3,15.2,19.9,23.4,26.0,31.4,34.6,34.3,31.3,24.9,21.1,15.7,23.1,33.4,25.8,15.4,6.1,3.5,3.2,5.3,4.7,2.6,2.3,1.1,1.7,4.9,3.4,9.1,13.2,5.9,10.0,23.2,39.6,19.8,14.3,30.7,27.0,10.6,8.8,5.9,10.9,43.2,12.1,88.9,72.0,25.3,66.2,203.3
TUNISIA,1906,10.4,10.3,13.8,16.3,19.9,24.5,26.8,27.7,24.7,20.4,15.8,10.5,16.7,26.3,20.3,9.7,6.0,5.2,8.3,10.5,13.5,17.5,19.5,21.5,19.1,14.3,10.5,6.1,10.8,19.5,14.6,5.1,15.0,15.4,19.4,22.2,26.3,31.6,34.0,34.0,30.4,26.5,21.1,14.9,22.6,33.2,26.0,14.4,8.3,5.8,5.2,3.4,3.6,2.8,1.1,1.5,4.3,5.0,5.9,5.7,12.2,5.4,15.2,18.4,64.8,49.7,26.4,11.3,16.6,16.1,3.5,6.4,45.2,43.0,37.3,38.6,54.3,25.9,125.5,134.1
TUNISIA,1907,9.0,9.7,12.2,16.1,20.5,24.6,26.3,27.9,24.8,21.3,16.3,12.6,16.3,26.3,20.8,11.5,4.7,4.5,6.5,10.2,14.4,17.8,19.8,21.6,19.0,15.9,11.5,8.0,10.4,19.7,15.5,6.7,13.3,15.0,18.0,22.1,26.7,31.4,32.8,34.2,30.6,26.7,21.3,17.2,22.3,32.8,26.2,16.3,6.4,6.3,4.2,4.7,2.5,2.1,0.2,0.4,4.3,3.7,4.2,2.3,11.5,2.7,12.2,11.0,45.2,50.3,18.7,24.6,6.4,12.7,2.6,1.0,43.2,25.8,18.6,7.6,49.7,16.2,87.6,54.7
TUNISIA,1908,10.7,11.1,13.2,15.8,22.2,24.4,26.9,27.5,24.7,21.0,15.6,11.3,17.1,26.3,20.4,10.2,6.1,6.0,8.2,9.7,16.3,17.7,19.8,20.2,18.2,15.9,9.6,6.1,11.4,19.2,14.6,5.3,15.3,16.3,18.3,21.8,28.1,31.2,34.0,34.9,31.3,26.2,21.6,16.6,22.8,33.4,26.4,15.3,5.3,3.3,7.5,3.2,0.4,0.6,0.4,0.9,1.9,3.2,4.2,6.0,11.1,2.0,9.3,18.4,29.6,17.5,67.2,17.4,0.6,1.4,0.7,2.1,12.3,20.5,25.8,54.1,85.1,4.2,58.6,136.5
TUNISIA,1909,9.3,10.1,14.1,17.2,20.3,24.1,26.0,27.2,24.7,21.2,15.0,12.8,17.2,25.8,20.3,11.5,4.7,5.0,8.4,11.7,13.6,18.4,18.2,20.0,18.4,15.7,10.0,8.2,11.2,18.9,14.7,6.9,14.0,15.2,19.9,22.8,27.1,29.9,33.8,34.4,31.1,26.7,20.0,17.5,23.3,32.7,25.9,16.2,7.1,5.3,4.6,6.3,4.8,2.4,0.6,1.2,2.0,6.0,4.6,4.5,15.8,4.2,12.6,16.6,49.2,33.2,23.9,40.5,22.9,9.7,1.7,2.7,14.1,59.5,25.4,24.2,87.3,14.1,98.9,109.1
TUNISIA,1910,10.2,11.5,13.3,16.8,19.1,24.1,26.4,27.1,23.2,22.4,15.7,12.6,16.4,25.9,20.4,10.8,5.8,6.8,8.2,11.2,13.4,17.8,19.9,20.7,17.9,16.9,10.7,8.4,10.9,19.5,15.2,6.5,14.8,16.3,18.5,22.6,24.8,30.5,32.9,33.5,28.6,27.9,20.7,16.8,22.0,32.3,25.7,15.2,6.9,5.2,3.6,3.6,5.1,1.2,0.2,0.4,2.7,1.1,2.4,8.8,12.3,1.7,6.2,20.5,46.3,38.7,13.8,14.2,26.1,4.1,0.5,0.8,20.8,4.5,12.2,90.8,54.2,5.4,37.5,174.4
TUNISIA,1911,8.9,11.0,14.1,16.3,19.6,24.9,27.9,29.0,26.0,22.0,16.2,13.6,16.7,27.3,21.4,13.0,4.9,6.2,9.1,11.3,14.4,18.8,21.8,23.1,20.3,16.7,11.8,9.1,11.6,21.2,16.3,8.2,13.0,15.8,19.1,21.4,25.0,31.1,34.1,34.9,31.7,27.3,20.7,18.1,21.8,33.4,26.6,17.8,8.6,3.2,6.3,6.6,3.8,1.5,1.4,0.6,2.9,5.2,7.0,5.3,16.7,3.6,15.1,15.3,68.8,14.7,42.1,46.2,20.0,4.5,5.6,2.0,19.7,58.4,53.5,30.8,108.3,12.1,131.6,97.4
TUNISIA,1912,11.3,14.0,15.7,16.3,21.2,24.4,27.3,27.0,23.4,20.4,13.8,11.2,17.7,26.3,19.2,11.4,6.8,8.7,9.8,11.1,15.3,18.2,21.0,20.7,18.0,15.4,9.3,6.8,12.1,20.0,14.2,6.8,15.8,19.4,21.7,21.6,27.1,30.6,33.7,33.4,28.8,25.5,18.4,15.7,23.5,32.6,24.2,16.0,7.1,2.8,3.2,5.3,2.4,1.7,0.0,0.6,4.9,4.5,4.5,4.5,10.8,2.3,13.9,19.8,51.1,15.6,10.9,30.0,7.5,7.7,0.0,1.9,70.6,47.2,28.9,23.8,48.4,9.6,146.7,153.5
TUNISIA,1913,11.5,11.4,14.6,16.9,20.6,24.6,26.2,27.6,26.0,21.9,17.2,11.9,17.4,26.1,21.7,11.2,7.1,6.5,9.4,11.1,14.6,18.5,19.8,21.1,20.1,16.9,11.8,7.2,11.7,19.8,16.3,6.4,15.9,16.3,19.9,22.7,26.7,30.8,32.7,34.1,32.0,26.8,22.7,16.7,23.1,32.5,27.2,16.0,7.1,8.2,4.4,4.1,5.6,1.0,0.2,0.3,0.4,4.2,3.1,3.5,14.0,1.4,7.7,17.2,50.5,79.1,19.2,19.8,32.2,2.8,0.4,1.3,1.2,31.6,11.6,22.1,71.2,4.4,44.4,117.6
TUNISIA,1914,9.3,12.5,14.9,18.4,20.9,24.0,26.3,26.9,24.5,20.3,15.3,11.9,18.1,25.7,20.0,11.2,4.9,7.2,9.7,12.8,15.3,18.3,20.4,20.8,19.1,15.3,10.6,6.8,12.6,19.9,15.0,6.5,13.7,17.7,20.2,24.1,26.6,29.7,32.3,32.9,29.9,25.3,20.0,17.0,23.6,31.6,25.1,15.9,7.7,6.0,3.4,3.6,3.4,1.1,0.4,1.3,2.3,4.2,4.7,5.5,10.4,2.8,11.3,20.9,56.7,38.8,14.6,12.8,14.5,3.0,0.6,5.0,14.2,30.4,23.5,32.1,41.9,8.6,68.1,161.1
TUNISIA,1915,10.4,11.4,14.3,16.1,20.9,25.1,27.6,27.9,24.0,19.8,15.6,13.2,17.1,26.9,19.8,12.0,6.3,6.5,9.2,10.7,15.3,19.6,21.2,21.5,18.4,14.8,10.7,8.6,11.7,20.8,14.6,7.4,14.5,16.3,19.4,21.6,26.6,30.6,34.2,34.4,29.6,25.0,20.5,17.8,22.5,33.1,25.0,16.6,9.0,6.5,5.3,5.0,3.4,5.0,0.3,1.1,3.5,4.1,4.6,6.7,13.7,6.4,12.2,19.4,82.5,46.5,31.6,33.4,14.3,35.0,0.5,4.8,32.4,29.8,24.2,48.0,79.3,40.3,86.4,131.5
TUNISIA,1916,10.5,12.2,15.0,17.4,21.2,25.4,28.1,27.5,23.9,20.8,15.8,12.9,17.8,27.0,20.2,11.6,6.1,7.4,9.1,11.8,15.4,19.4,21.4,21.1,18.6,15.0,10.7,8.1,12.1,20.6,14.8,6.8,15.0,17.0,20.8,23.0,27.1,31.6,34.9,34.0,29.3,26.6,20.9,17.8,23.6,33.5,25.6,16.5,6.7,6.1,3.2,6.1,4.3,1.1,0.5,1.3,2.9,3.2,6.8,3.9,13.6,2.8,12.9,14.6,41.0,42.6,11.8,38.6,22.5,4.2,1.1,11.4,27.6,23.7,52.0,19.0,72.9,16.7,103.3,81.5
TUNISIA,1917,10.1,11.7,13.6,16.1,21.1,25.4,27.4,28.8,26.4,20.5,14.1,9.5,16.9,27.2,20.3,10.3,5.5,6.7,8.3,10.6,15.5,19.7,20.7,22.3,20.1,15.1,9.7,5.1,11.4,20.9,15.0,5.5,14.8,16.8,18.9,21.7,26.8,31.2,34.1,35.3,32.6,25.8,18.6,14.1,22.5,33.5,25.7,15.3,5.6,5.2,7.1,2.5,3.3,4.1,0.2,0.5,1.3,3.7,8.5,4.8,12.8,4.8,13.5,13.5,28.1,34.4,55.6,8.1,17.7,22.8,0.7,2.0,7.8,29.1,75.1,21.8,81.3,25.5,112.1,63.2
TUNISIA,1918,10.5,10.9,13.1,16.7,20.5,24.0,27.1,26.9,26.8,19.6,15.1,11.7,16.8,26.0,20.5,11.4,5.5,5.8,8.3,11.1,14.7,18.9,20.5,20.5,20.7,14.5,9.4,6.1,11.4,20.0,14.9,6.6,15.5,16.1,17.8,22.3,26.5,29.2,33.6,33.4,32.9,24.8,20.8,17.2,22.2,32.1,26.2,16.1,3.6,5.0,8.5,4.9,4.6,1.8,0.6,1.1,1.3,5.2,7.0,5.9,18.0,3.5,13.5,16.5,15.3,26.2,74.2,28.9,25.9,7.0,2.2,4.6,6.6,55.1,51.8,39.9,129.0,13.7,113.5,112.6
TUNISIA,1919,10.1,12.3,14.3,16.7,19.2,24.6,26.5,27.5,25.5,20.0,15.5,10.8,16.7,26.2,20.3,11.3,5.9,7.8,8.8,11.0,13.2,18.7,20.2,21.3,20.1,15.2,10.7,6.5,11.0,20.1,15.3,6.9,14.4,16.8,19.8,22.5,25.2,30.6,32.8,33.8,30.9,24.8,20.4,15.2,22.5,32.4,25.4,15.8,5.7,4.9,5.8,4.1,5.6,2.3,0.5,1.7,3.7,4.1,4.6,5.1,15.5,4.4,12.4,15.9,37.4,35.4,33.8,18.7,30.5,7.6,0.6,5.0,34.5,29.0,20.7,34.8,83.0,13.3,84.2,116.8
TUNISIA,1920,11.0,12.1,14.4,17.8,22.2,25.2,28.2,28.0,25.2,21.1,14.8,11.9,18.1,27.1,20.4,11.6,6.7,7.6,9.0,12.1,15.7,19.2,21.9,21.0,19.7,16.3,10.5,7.3,12.3,20.7,15.5,6.9,15.4,16.7,19.9,23.5,28.8,31.3,34.7,35.0,30.8,26.0,19.1,16.5,24.1,33.6,25.3,16.3,3.4,7.4,4.4,3.3,0.9,2.1,0.4,1.3,2.0,3.4,8.8,3.7,8.7,3.8,14.1,14.4,16.4,65.5,20.5,16.7,2.1,8.0,0.7,8.1,10.3,27.9,77.8,18.7,39.4,16.8,115.9,85.0
TUNISIA,1921,11.0,11.9,13.7,16.0,20.7,24.1,28.0,27.7,26.2,21.8,15.0,11.1,16.8,26.6,21.0,11.2,6.6,6.9,8.8,11.2,15.4,18.1,22.0,22.0,20.9,16.8,10.4,7.1,11.8,20.7,16.0,7.1,15.5,16.9,18.6,20.9,26.0,30.1,34.1,33.4,31.6,26.9,19.8,15.0,21.8,32.5,26.1,15.4,6.2,4.4,8.1,9.2,5.1,1.6,1.1,1.8,2.8,2.9,5.6,6.2,22.4,4.5,11.4,18.0,39.9,26.4,68.0,87.2,28.3,7.9,4.0,9.5,22.1,16.8,31.0,45.9,183.5,21.3,69.8,129.7
TUNISIA,1922,10.3,12.4,15.1,18.3,21.6,25.5,27.1,28.8,24.3,21.5,14.2,10.5,18.3,27.1,20.0,10.4,6.3,7.9,9.8,12.2,15.7,19.5,20.8,22.2,19.0,16.2,9.8,6.1,12.6,20.8,15.0,6.0,14.3,17.0,20.3,24.4,27.6,31.4,33.6,35.4,29.7,26.9,18.7,15.0,24.1,33.5,25.1,14.9,6.6,5.1,3.3,3.2,2.0,0.9,0.0,0.6,1.8,2.3,6.7,5.2,8.5,1.5,10.8,18.3,52.1,31.6,10.5,10.0,5.3,2.4,0.0,1.6,10.6,10.5,47.1,27.7,25.8,4.1,68.2,123.6
TUNISIA,1923,8.7,12.0,13.7,16.8,21.1,22.6,27.8,28.5,24.4,22.0,16.4,10.6,17.2,26.3,20.9,10.5,4.7,7.3,9.0,11.4,15.3,16.9,21.3,21.9,18.9,16.3,11.4,6.5,11.9,20.0,15.6,6.2,12.8,16.8,18.4,22.3,27.0,28.4,34.4,35.1,30.0,27.6,21.4,14.8,22.5,32.6,26.3,14.9,7.8,5.3,5.7,6.7,1.9,2.7,0.3,0.2,2.6,2.1,5.4,5.7,14.2,3.1,10.2,15.3,59.5,36.5,38.1,47.7,4.6,11.0,0.3,0.3,15.0,9.3,29.0,47.4,90.4,11.6,53.3,119.2
TUNISIA,1924,9.8,11.1,14.1,18.0,23.2,25.9,28.1,27.3,26.6,21.2,15.8,11.6,18.4,27.1,21.2,11.4,5.7,6.4,9.2,12.3,17.2,20.1,21.8,21.4,20.9,16.4,10.9,7.3,12.9,21.1,16.1,6.4,14.0,15.8,19.1,23.7,29.3,31.8,34.4,33.2,32.4,26.1,20.8,15.9,24.0,33.1,26.4,16.4,5.7,3.9,4.8,2.7,2.2,2.4,0.7,0.7,2.0,4.1,5.5,7.3,9.7,3.8,11.6,15.8,45.7,26.1,30.1,11.2,8.9,9.1,2.3,2.3,11.2,27.3,37.1,54.6,50.3,13.7,75.6,99.1
TUNISIA,1925,10.4,12.1,12.3,17.1,19.9,25.0,26.8,28.4,24.9,20.2,15.3,11.8,16.5,26.7,20.1,12.3,5.3,6.5,7.2,11.5,14.5,18.7,20.3,21.9,19.4,15.3,10.7,7.1,11.0,20.3,15.1,7.4,15.6,17.7,17.5,22.8,25.5,31.2,33.4,34.9,30.5,25.3,20.0,16.5,21.9,33.2,25.2,17.2,3.7,4.9,6.5,4.9,6.0,0.9,0.0,0.6,3.0,6.0,4.7,3.4,17.3,1.5,13.7,12.9,19.1,25.4,41.0,25.5,36.1,1.6,0.8,3.9,24.2,68.4,25.5,13.7,102.6,6.4,118.2,68.9
TUNISIA,1926,11.2,13.8,14.7,17.7,20.2,24.2,26.6,26.6,26.1,23.1,17.1,10.9,17.5,25.8,22.1,10.8,6.6,8.5,9.3,11.9,14.4,18.0,20.3,20.5,20.4,17.4,12.3,6.5,11.9,19.6,16.7,6.2,15.8,19.1,20.2,23.5,26.1,30.4,33.0,32.8,31.8,28.8,21.9,15.3,23.2,32.1,27.5,15.5,5.6,4.0,4.8,5.9,3.4,2.8,1.1,0.8,2.5,1.4,5.3,4.2,14.1,4.7,9.1,14.9,34.7,20.5,23.4,35.6,14.7,12.0,3.2,4.9,17.9,5.7,34.2,31.0,73.8,20.0,57.9,93.9
TUNISIA,1927,10.3,11.2,14.5,17.8,21.6,26.1,27.7,28.8,25.8,20.5,16.3,12.5,18.0,27.5,20.9,11.6,5.8,6.2,9.5,12.0,15.7,19.9,21.5,22.7,20.2,15.7,11.5,8.4,12.4,21.4,15.8,7.4,14.8,16.3,19.5,23.6,27.5,32.4,33.9,35.0,31.4,25.4,21.2,16.5,23.5,33.8,26.0,15.8,6.0,4.7,5.4,2.9,2.6,0.9,0.0,0.2,2.6,2.9,5.5,6.4,10.8,1.1,11.0,22.0,36.2,26.7,28.0,9.4,11.0,2.1,0.0,0.5,24.5,19.5,29.9,50.1,48.4,2.6,73.9,184.4
TUNISIA,1928,10.5,11.8,14.1,17.7,19.7,25.7,28.4,29.4,26.2,21.5,15.2,10.4,17.2,27.8,21.0,9.9,6.5,7.4,9.6,12.3,14.1,19.2,22.2,23.4,20.8,16.7,10.5,6.3,12.0,21.6,16.0,5.6,14.6,16.3,18.7,23.2,25.4,32.2,34.6,35.5,31.7,26.4,19.9,14.5,22.5,34.1,26.0,14.1,9.6,6.0,6.7,4.5,2.2,0.1,0.9,0.5,3.4,4.9,4.8,8.0,13.5,1.4,13.1,19.6,91.7,42.5,46.5,24.1,8.2,0.1,3.7,1.4,29.5,48.7,29.4,65.2,78.8,5.2,107.7,134.2
TUNISIA,1929,9.0,10.1,13.3,17.4,20.5,25.1,27.5,26.9,25.3,20.2,15.2,12.1,17.1,26.5,20.3,11.4,4.8,5.8,8.8,12.2,15.1,19.0,21.2,20.7,20.1,15.1,10.5,7.6,12.0,20.3,15.2,6.9,13.3,14.6,17.8,22.8,26.0,31.3,33.8,33.2,30.7,25.5,20.0,16.6,22.2,32.8,25.4,15.9,5.7,5.9,8.1,2.8,4.5,3.0,0.3,1.1,3.6,3.7,6.5,3.9,15.4,4.4,13.8,15.5,29.6,39.4,69.9,9.4,24.3,13.6,0.7,7.0,29.7,27.4,41.1,21.2,103.5,21.3,98.3,93.0
TUNISIA,1930,11.3,10.8,15.0,16.8,20.4,25.2,27.4,27.7,25.0,21.1,16.5,12.3,17.4,26.8,20.9,11.1,7.2,6.0,9.8,11.4,14.7,19.2,21.4,21.5,19.3,16.2,11.6,8.2,12.0,20.7,15.7,6.8,15.6,15.6,20.1,22.3,26.1,31.3,33.5,33.8,30.7,26.1,21.4,16.4,22.9,32.9,26.1,15.5,5.6,6.0,5.3,6.0,3.4,1.8,1.3,0.2,2.7,3.8,3.8,5.9,14.7,3.3,10.3,20.9,31.0,40.8,29.0,38.8,10.8,6.3,5.4,0.3,20.1,33.3,17.1,39.1,78.6,11.9,70.5,161.4
TUNISIA,1931,10.8,10.2,15.7,17.3,21.1,27.4,28.4,28.5,24.3,20.6,16.2,10.5,18.0,28.1,20.4,10.5,6.7,5.5,10.5,12.1,15.3,21.0,22.1,22.0,18.9,15.6,11.7,6.4,12.6,21.7,15.4,6.0,15.0,14.9,21.0,22.6,26.9,33.9,34.7,35.1,29.7,25.6,20.9,14.7,23.5,34.6,25.4,15.0,8.7,6.4,2.2,3.7,4.4,0.6,0.5,0.4,3.1,4.2,7.1,8.0,10.3,1.6,14.4,20.3,71.6,50.6,8.0,17.3,19.4,1.4,1.1,1.0,25.6,35.2,58.4,83.4,44.7,3.5,119.2,167.1
TUNISIA,1932,10.5,10.4,14.4,16.8,20.9,23.6,25.6,27.7,26.5,21.7,16.1,13.2,17.3,25.6,21.4,11.8,6.0,5.7,9.7,11.1,14.9,17.8,19.6,21.5,20.9,16.6,11.3,8.5,11.9,19.7,16.3,7.1,15.1,15.2,19.1,22.5,26.9,29.5,31.7,33.9,32.1,26.9,21.0,17.9,22.8,31.7,26.7,16.5,5.0,7.2,7.1,3.1,1.5,0.5,0.1,0.2,3.1,5.0,5.1,4.4,11.7,0.8,13.2,16.8,24.2,59.5,48.9,10.7,3.3,0.9,0.2,0.2,27.0,43.5,28.7,19.8,62.9,1.3,99.3,113.1
TUNISIA,1933,10.2,12.0,14.0,18.0,21.2,23.6,27.1,28.0,26.0,22.8,15.1,10.9,17.7,26.2,21.3,10.5,5.7,7.1,9.4,12.3,15.5,17.8,20.9,21.9,20.5,17.2,10.3,6.3,12.4,20.2,16.0,5.9,14.7,16.8,18.7,23.7,27.0,29.4,33.2,34.2,31.5,28.4,20.0,15.6,23.1,32.3,26.6,15.1,6.9,5.5,7.8,2.3,3.6,3.5,1.1,0.9,1.7,2.1,6.1,6.3,13.7,5.5,9.9,16.2,58.3,35.0,62.6,5.5,13.0,20.8,2.9,4.0,9.5,10.0,36.6,42.7,81.2,27.7,56.0,100.1
TUNISIA,1934,9.4,11.1,13.4,17.7,20.7,25.5,28.0,27.3,25.0,20.7,15.5,12.9,17.3,26.9,20.4,11.0,5.2,6.3,8.4,12.1,15.1,19.6,21.7,21.3,19.8,15.7,10.9,8.6,11.9,20.9,15.5,6.3,13.7,15.9,18.4,23.2,26.4,31.4,34.3,33.3,30.2,25.6,20.2,17.3,22.7,33.0,25.3,15.7,6.0,4.0,5.8,4.9,4.8,2.5,0.6,0.8,2.9,6.8,8.9,6.0,15.6,3.9,18.6,18.7,39.2,18.2,39.1,35.5,27.1,11.2,1.8,3.6,23.3,78.1,80.1,49.9,101.8,16.6,181.5,140.2
TUNISIA,1935,8.4,11.5,13.2,17.5,19.4,25.8,28.2,28.0,25.9,20.9,16.3,12.0,16.7,27.4,21.0,12.7,3.9,6.4,8.0,12.0,13.6,19.7,21.7,21.8,20.3,15.8,11.4,7.4,11.2,21.0,15.8,7.9,13.1,16.6,18.5,23.1,25.4,32.1,34.8,34.3,31.6,26.1,21.2,16.6,22.3,33.7,26.3,17.5,7.9,4.8,6.7,1.9,1.9,0.3,1.1,1.9,2.6,3.9,3.0,4.0,10.5,3.3,9.5,10.8,64.0,26.4,46.4,8.5,6.4,0.3,3.3,11.5,25.0,31.2,14.3,26.0,61.2,15.1,70.6,58.2
TUNISIA,1936,12.7,13.4,14.6,17.7,19.4,23.6,27.2,26.9,26.0,19.1,15.0,10.9,17.2,25.9,20.0,11.9,8.1,8.3,9.4,12.2,13.5,17.4,20.6,20.6,20.3,13.9,10.2,6.3,11.7,19.5,14.8,7.1,17.3,18.5,19.9,23.3,25.3,29.8,33.7,33.2,31.6,24.2,20.0,15.5,22.8,32.2,25.3,16.7,2.5,4.2,3.2,5.2,5.8,2.1,0.0,2.2,1.5,4.6,9.0,6.3,14.2,4.3,15.0,14.1,9.9,22.2,14.0,31.7,29.5,10.4,0.0,8.5,8.0,41.9,82.8,38.8,75.2,18.9,132.8,86.6
TUNISIA,1937,11.4,13.3,14.3,17.5,20.5,25.7,27.0,28.2,25.0,21.1,17.1,10.7,17.4,26.9,21.1,10.4,6.9,8.2,9.1,11.9,14.6,19.5,20.5,21.9,19.4,16.0,12.3,6.1,11.9,20.6,15.9,5.6,16.1,18.4,19.6,23.1,26.4,31.9,33.6,34.5,30.6,26.3,22.1,15.3,23.0,33.3,26.3,15.2,3.6,4.2,4.2,3.9,1.5,0.8,0.0,1.1,3.8,3.3,3.7,4.6,9.7,1.9,10.9,16.0,17.0,30.7,19.2,17.3,5.5,2.8,0.0,2.8,37.0,22.0,14.4,29.7,42.0,5.6,73.4,99.4
TUNISIA,1938,10.2,10.2,13.2,15.7,19.5,26.3,27.5,27.9,24.9,21.6,16.4,11.7,16.1,27.2,21.0,11.8,5.6,5.1,8.0,10.2,13.6,20.1,20.9,21.7,19.3,16.5,11.5,7.1,10.6,20.9,15.8,7.1,14.8,15.4,18.5,21.3,25.4,32.5,34.0,34.2,30.6,26.8,21.3,16.3,21.7,33.6,26.2,16.6,6.2,5.2,4.0,6.3,2.7,0.2,0.0,2.4,2.0,3.8,7.4,6.5,13.0,2.6,13.3,17.9,36.7,33.1,18.5,42.1,10.5,0.2,0.0,13.9,12.2,24.2,52.6,45.9,71.1,14.2,89.0,132.4
TUNISIA,1939,11.7,12.1,12.5,16.4,18.4,23.7,27.4,27.3,25.0,22.3,16.3,12.3,15.8,26.1,21.2,12.2,7.1,7.0,7.3,10.9,12.5,17.5,20.9,21.0,19.4,17.1,11.4,7.7,10.2,19.8,16.0,7.5,16.3,17.3,17.8,22.0,24.3,30.0,34.0,33.6,30.7,27.5,21.2,16.9,21.4,32.5,26.5,17.0,4.3,7.0,5.5,6.8,5.4,0.8,0.3,1.2,4.1,2.3,5.6,3.7,17.7,2.3,12.0,12.9,27.2,59.4,37.1,47.7,31.8,3.2,0.6,6.3,46.0,15.1,30.9,17.3,116.6,10.1,92.0,96.6
TUNISIA,1940,10.8,13.6,15.5,17.2,20.7,23.0,26.5,27.0,25.5,21.2,15.6,9.8,17.8,25.5,20.8,11.2,6.2,8.5,10.3,11.6,14.8,16.8,19.9,20.7,19.9,16.0,10.7,5.2,12.3,19.1,15.6,6.4,15.4,18.7,20.8,22.8,26.7,29.2,33.1,33.3,31.2,26.4,20.5,14.5,23.4,31.8,26.0,16.0,7.5,1.7,3.6,3.1,2.9,1.7,0.1,1.8,2.5,5.5,4.5,6.5,9.6,3.6,12.5,13.3,72.5,6.8,13.4,11.7,11.7,7.9,0.1,7.8,17.5,51.5,30.3,46.8,36.8,15.8,99.3,78.8
TUNISIA,1941,10.7,13.0,14.9,17.0,18.9,24.6,27.6,28.1,24.0,20.1,15.1,10.7,17.0,26.8,19.7,9.9,6.1,7.9,9.7,11.4,13.1,18.5,21.0,21.8,18.4,15.0,10.2,6.1,11.4,20.4,14.6,5.2,15.3,18.2,20.2,22.6,24.9,30.9,34.2,34.4,29.7,25.3,20.0,15.3,22.6,33.1,25.0,14.7,4.8,2.0,5.7,5.1,5.6,1.4,0.2,0.8,3.0,5.0,5.5,6.4,16.4,2.5,13.5,18.2,23.5,8.4,31.0,26.2,33.3,3.5,0.2,2.2,21.4,50.7,30.5,43.8,90.5,5.9,102.6,128.7
TUNISIA,1942,8.9,10.2,15.4,18.5,22.3,25.5,27.4,27.4,25.6,22.7,16.4,12.8,18.7,26.8,21.6,12.2,4.3,5.2,10.2,12.9,16.4,19.3,20.9,21.1,20.0,17.6,11.6,8.2,13.2,20.4,16.4,7.4,13.5,15.4,20.7,24.1,28.2,31.7,34.0,33.7,31.3,27.9,21.3,17.4,24.3,33.1,26.8,16.9,6.6,5.2,5.1,2.1,2.2,1.4,0.1,0.4,2.7,1.6,5.0,8.8,9.4,1.9,9.3,19.5,50.1,34.8,25.8,6.8,6.1,5.2,0.1,1.1,18.3,4.5,27.8,95.8,38.7,6.3,50.6,151.4
TUNISIA,1943,11.5,12.2,14.6,18.8,22.0,25.7,28.0,27.8,26.8,21.3,15.6,12.4,18.5,27.2,21.2,10.9,6.9,7.1,9.4,13.2,16.2,19.5,21.5,21.5,21.2,16.2,10.7,7.9,12.9,20.8,16.0,6.2,16.1,17.3,19.9,24.4,28.0,31.9,34.6,34.1,32.5,26.5,20.5,17.0,24.1,33.5,26.5,15.7,5.6,5.0,6.3,2.9,4.3,2.0,0.6,0.3,1.2,4.2,6.8,7.6,13.5,2.9,12.3,17.0,29.6,26.0,41.3,11.3,19.9,6.1,1.2,1.4,6.8,36.1,44.4,62.8,72.5,8.7,87.3,116.6
TUNISIA,1944,10.3,10.1,12.6,17.9,22.1,25.5,27.4,28.4,26.1,20.2,15.7,11.4,17.5,27.1,20.7,10.4,5.7,5.0,7.4,12.4,16.2,19.3,20.8,22.1,20.5,15.1,10.8,6.8,12.0,20.8,15.5,5.7,14.9,15.3,17.9,23.5,28.0,31.7,34.0,34.7,31.8,25.4,20.6,16.0,23.1,33.5,25.9,15.2,4.6,4.8,4.8,6.8,1.5,2.3,0.3,1.8,3.0,3.2,5.4,7.1,13.0,4.5,11.6,16.0,22.7,31.1,24.3,46.6,2.2,9.7,0.6,9.4,25.8,19.8,26.1,58.7,73.1,19.7,71.7,109.8
TUNISIA,1945,8.2,11.7,13.5,18.9,23.2,27.1,28.7,28.9,26.0,20.4,16.1,12.2,18.5,28.2,20.8,11.5,3.6,6.6,8.3,13.3,17.3,21.0,22.2,22.6,20.4,15.3,11.3,7.6,13.0,21.9,15.6,6.8,12.8,16.9,18.8,24.5,29.1,33.3,35.2,35.2,31.6,25.6,21.0,16.8,24.1,34.6,26.1,16.3,5.1,3.7,3.6,2.9,3.0,0.7,1.0,0.5,2.0,4.9,4.1,5.0,9.5,2.2,11.0,16.6,31.7,19.4,14.7,10.2,13.5,2.1,3.8,1.4,12.9,46.6,19.1,35.1,38.4,7.3,78.7,121.7
TUNISIA,1946,10.5,12.0,14.3,18.2,21.0,25.3,27.3,28.9,26.8,22.6,16.9,10.6,17.8,27.1,22.1,11.6,6.0,6.9,9.1,12.7,15.1,19.1,20.7,22.6,21.2,17.4,12.1,6.0,12.3,20.8,16.9,7.0,15.1,17.1,19.6,23.8,27.0,31.5,33.8,35.2,32.4,27.8,21.8,15.3,23.4,33.5,27.3,16.3,9.1,2.5,3.6,5.9,2.5,1.6,0.1,0.9,1.5,2.5,4.0,6.0,12.1,2.6,8.0,12.8,75.8,10.9,20.0,35.7,11.9,3.6,0.1,3.2,10.2,15.0,22.9,53.1,67.7,6.9,48.0,86.6
TUNISIA,1947,10.5,13.8,16.9,17.9,21.2,26.4,28.4,29.1,26.4,21.7,16.6,11.3,18.7,28.0,21.5,12.1,6.2,8.7,11.0,12.6,15.6,20.3,22.4,23.3,21.2,17.2,11.8,7.0,13.1,22.0,16.8,7.4,14.8,18.9,22.8,23.3,26.9,32.5,34.3,34.9,31.6,26.2,21.3,15.7,24.3,33.9,26.3,16.9,3.8,3.0,2.1,4.1,2.7,0.6,0.7,1.5,1.5,5.0,3.2,5.8,8.9,2.8,9.7,14.8,16.5,17.0,5.1,17.6,9.1,1.6,1.4,8.1,7.4,45.3,11.5,36.9,31.7,11.1,64.3,96.2
TUNISIA,1948,12.0,13.1,14.5,17.8,21.6,24.9,25.8,28.3,24.9,22.2,15.7,12.1,18.0,26.3,20.9,11.4,7.2,8.0,9.6,12.6,16.0,19.1,19.9,22.2,19.8,17.0,11.2,7.9,12.7,20.4,16.0,7.1,16.8,18.2,19.5,23.1,27.3,30.8,31.8,34.4,30.0,27.4,20.3,16.4,23.3,32.3,25.9,15.7,2.9,6.1,3.6,5.5,3.3,2.2,0.6,0.4,2.3,4.7,6.6,7.9,12.4,3.2,13.6,22.6,12.7,46.6,17.5,31.1,19.3,12.6,1.4,1.4,15.2,39.6,46.0,78.3,67.9,15.4,100.8,194.7
TUNISIA,1949,10.9,11.2,12.7,18.2,20.9,25.8,28.0,27.7,26.8,21.8,15.8,13.2,17.3,27.2,21.5,12.1,6.8,6.8,8.0,12.4,15.4,19.8,21.9,21.8,21.0,17.0,10.9,8.7,11.9,21.2,16.3,7.4,15.1,15.7,17.5,23.9,26.5,31.7,34.2,33.7,32.7,26.7,20.7,17.9,22.7,33.2,26.7,16.9,8.8,6.0,7.2,3.7,4.6,0.7,1.3,0.6,0.5,4.1,4.1,4.7,15.4,2.5,8.8,17.6,71.7,44.6,53.9,15.1,26.1,1.2,5.5,3.2,2.0,31.7,23.9,20.4,95.1,9.9,57.5,114.3
TUNISIA,1950,10.6,12.6,13.9,16.8,21.6,26.5,29.0,29.0,26.2,21.4,16.2,11.2,17.4,28.2,21.2,11.3,6.1,7.5,9.0,11.5,15.9,20.7,22.3,23.0,20.8,16.6,11.3,6.7,12.1,22.0,16.2,6.7,15.1,17.8,18.8,22.1,27.3,32.4,35.7,35.0,31.6,26.3,21.0,15.7,22.8,34.4,26.3,16.0,7.2,5.8,7.4,5.3,3.5,1.9,0.0,1.3,2.4,5.4,5.5,4.7,16.2,3.2,13.3,14.2,57.1,36.8,56.7,31.1,15.3,7.9,0.0,4.8,14.3,52.4,33.1,27.0,103.0,12.8,99.8,79.2
TUNISIA,1951,10.3,12.5,14.9,17.2,20.4,25.9,27.7,28.6,25.7,19.5,16.1,11.1,17.5,27.4,20.4,10.3,5.9,7.4,9.7,11.7,14.9,19.7,21.4,22.5,20.6,14.8,11.5,6.5,12.1,21.2,15.6,5.6,14.8,17.6,20.1,22.7,26.1,32.1,34.0,34.8,30.9,24.3,20.8,15.7,23.0,33.7,25.3,15.0,6.5,3.0,4.0,1.3,3.2,0.7,1.2,1.2,4.4,6.7,5.8,4.5,8.4,3.1,16.9,18.8,35.5,16.7,15.2,4.3,15.0,2.0,2.3,4.3,51.4,78.1,31.3,23.1,34.5,8.7,160.7,123.7
TUNISIA,1952,9.3,10.5,15.7,17.8,20.9,28.2,29.3,29.4,26.5,22.2,15.6,11.9,18.1,29.0,21.5,10.1,4.9,5.4,10.3,12.5,15.2,21.8,22.9,23.4,21.2,17.1,11.0,7.6,12.7,22.7,16.5,5.5,13.8,15.6,21.1,23.1,26.7,34.7,35.7,35.5,31.9,27.3,20.3,16.2,23.6,35.3,26.5,14.8,8.0,6.3,3.7,6.3,3.4,0.8,1.9,1.3,2.7,3.5,5.2,4.3,13.3,4.1,11.4,14.4,57.8,42.8,16.7,38.3,15.8,2.4,6.2,10.6,23.5,25.6,32.7,42.2,70.7,19.2,81.8,110.6
TUNISIA,1953,8.0,10.5,12.6,18.3,21.4,25.1,28.1,27.4,26.1,21.6,15.7,13.2,17.4,26.9,21.1,11.0,3.5,5.5,7.6,12.8,15.6,19.2,21.8,21.3,20.6,16.9,11.2,8.9,12.0,20.8,16.2,6.5,12.6,15.5,17.8,23.8,27.2,31.1,34.6,33.4,31.5,26.4,20.3,17.5,22.9,33.0,26.1,15.6,5.8,4.3,8.5,5.0,6.7,3.4,0.3,2.2,2.2,7.2,8.1,4.7,20.2,5.9,17.5,15.0,45.5,22.8,72.2,21.5,44.4,23.4,0.5,17.3,12.0,93.6,71.7,24.8,138.1,41.2,177.3,93.4
TUNISIA,1954,9.1,10.8,14.9,16.6,20.1,26.1,26.3,26.6,25.8,19.8,16.0,12.3,17.2,26.3,20.5,13.3,4.7,5.9,10.0,11.3,14.3,19.9,19.8,20.5,20.3,14.5,11.3,7.9,11.8,20.1,15.3,8.7,13.6,15.8,19.9,21.9,25.9,32.4,32.8,32.7,31.4,25.2,20.7,16.8,22.6,32.6,25.8,17.9,4.8,5.5,4.6,7.0,3.3,0.8,0.9,0.6,0.8,5.1,6.6,6.3,14.9,2.3,12.6,14.8,32.2,36.5,28.7,52.6,13.7,2.0,1.9,4.3,3.1,46.1,43.3,39.3,95.1,8.3,92.5,82.7
TUNISIA,1955,13.2,14.2,14.5,16.8,22.1,25.9,28.7,28.1,24.9,20.3,15.9,13.4,17.8,27.6,20.4,11.4,9.1,9.1,9.2,11.5,16.2,19.9,22.4,22.3,19.9,15.5,11.2,8.9,12.3,21.5,15.5,6.7,17.4,19.4,19.8,22.1,28.1,31.8,35.2,34.0,30.0,25.3,20.7,17.9,23.3,33.7,25.3,16.1,4.6,3.9,3.9,8.1,2.2,1.1,0.4,2.6,4.1,4.5,4.1,5.8,14.1,4.1,12.7,18.2,23.6,19.8,22.5,67.9,6.8,2.9,0.8,11.6,45.6,46.3,21.5,36.2,97.2,15.3,113.3,142.4
TUNISIA,1956,11.9,8.8,13.4,17.1,20.6,23.8,27.0,28.5,26.5,20.1,14.1,10.5,17.0,26.4,20.2,11.1,7.3,4.0,8.4,11.6,14.8,17.8,20.4,22.1,21.1,15.1,9.5,5.8,11.6,20.1,15.2,6.3,16.6,13.7,18.5,22.7,26.4,29.9,33.5,35.0,31.8,25.1,18.8,15.1,22.5,32.8,25.2,16.0,5.3,7.0,7.3,2.8,3.3,0.6,0.2,0.2,4.0,3.6,7.0,5.0,13.4,0.9,14.6,14.3,41.3,64.9,51.6,14.6,15.9,1.4,0.3,0.4,51.3,22.8,49.2,34.1,82.1,2.0,123.2,98.3
TUNISIA,1957,9.5,13.4,14.7,17.0,19.9,25.1,27.0,28.3,25.2,21.1,15.5,11.0,17.2,26.8,20.6,11.4,5.0,8.0,9.2,11.6,14.3,19.1,20.6,21.9,19.6,16.5,11.0,6.6,11.7,20.5,15.7,6.8,14.0,18.8,20.3,22.4,25.5,31.3,33.5,34.7,30.8,25.8,20.2,15.4,22.7,33.2,25.6,16.1,8.5,0.8,2.4,7.7,5.7,3.1,0.2,2.1,2.6,8.1,7.1,7.2,15.8,5.4,17.8,17.5,62.4,1.8,7.6,62.6,32.8,15.0,0.4,3.9,13.9,113.0,60.7,57.4,103.0,19.3,187.5,114.7
TUNISIA,1958,10.3,13.0,14.5,16.4,21.9,25.8,27.0,28.7,26.3,21.5,15.7,13.4,17.6,27.2,21.1,12.1,5.8,7.9,9.5,11.1,16.0,19.9,20.9,22.5,20.8,16.7,11.3,9.1,12.2,21.1,16.3,7.5,14.7,18.1,19.5,21.7,27.8,31.9,33.2,34.9,31.8,26.3,20.0,17.8,23.0,33.3,26.1,16.8,6.4,3.8,4.0,4.2,1.4,2.0,0.1,0.4,2.7,6.0,9.0,7.0,9.6,2.5,17.7,17.9,40.6,16.7,26.0,18.9,2.8,6.9,0.2,1.4,20.7,71.2,85.0,45.6,47.7,8.5,176.9,114.3
TUNISIA,1959,10.7,12.2,15.7,17.4,20.8,25.1,27.7,28.1,26.6,20.3,15.3,12.0,18.0,27.0,20.7,12.1,6.1,7.2,10.6,12.0,15.4,19.2,21.2,22.3,21.3,15.4,10.5,7.5,12.7,20.9,15.7,7.1,15.3,17.2,20.8,22.8,26.3,31.0,34.3,34.1,31.8,25.2,20.1,16.7,23.3,33.1,25.7,17.1,4.3,6.7,4.0,6.2,5.2,3.8,0.4,0.9,2.5,5.9,4.0,7.0,15.5,5.2,12.4,16.2,22.1,46.5,34.2,52.0,26.8,26.4,0.9,5.0,19.1,63.5,26.0,46.5,113.0,32.3,108.6,97.6
TUNISIA,1960,10.5,13.8,15.3,16.7,21.6,25.9,27.1,28.5,24.6,21.8,17.0,11.3,17.9,27.2,21.1,11.3,5.6,8.3,10.0,11.4,15.8,20.1,20.8,22.1,19.0,16.5,11.6,6.9,12.4,21.0,15.7,6.6,15.4,19.3,20.7,22.1,27.4,31.8,33.5,35.0,30.2,27.2,22.4,15.7,23.4,33.4,26.6,16.0,6.8,2.4,6.4,7.5,4.4,3.2,1.3,0.1,2.0,1.5,2.7,5.6,18.2,4.6,6.3,14.9,40.5,10.6,45.5,55.7,20.0,13.5,3.7,0.1,11.9,6.1,11.3,37.7,121.2,17.3,29.3,90.8
TUNISIA,1961,10.3,12.2,13.8,19.1,22.2,25.7,27.5,27.0,26.1,21.0,16.8,12.5,18.4,26.7,21.3,11.7,5.9,6.8,8.3,13.3,15.9,19.5,21.2,20.8,20.1,15.7,11.9,7.8,12.5,20.5,15.9,6.7,14.6,17.8,19.4,25.0,28.5,31.8,33.8,33.3,32.1,26.3,21.7,17.3,24.3,33.0,26.7,16.6,6.7,2.6,6.0,5.2,2.0,3.1,0.9,0.7,2.1,5.5,3.3,2.7,13.2,4.7,10.9,12.0,45.9,7.3,34.4,23.3,5.1,20.1,1.3,1.9,9.4,52.7,29.9,16.9,62.8,23.3,92.0,80.0
TUNISIA,1962,11.7,10.7,14.4,17.4,21.4,24.3,28.0,28.2,26.1,21.5,14.8,10.4,17.7,26.9,20.8,10.7,7.0,5.4,9.5,11.8,15.3,18.2,21.2,21.8,20.3,16.4,10.4,5.9,12.2,20.4,15.7,6.1,16.5,16.1,19.4,23.0,27.5,30.5,34.8,34.8,31.9,26.7,19.2,15.0,23.3,33.4,26.0,15.3,4.7,4.6,6.6,6.1,2.9,2.2,0.3,0.4,3.7,5.1,7.1,4.5,15.6,3.0,15.8,15.7,23.8,39.3,38.8,36.5,10.4,6.6,0.7,0.6,28.2,55.4,40.4,26.7,85.7,8.0,124.0,102.4
TUNISIA,1963,10.5,11.1,13.5,17.3,19.6,24.5,28.0,28.3,24.9,19.6,17.5,13.4,16.8,26.9,20.7,12.0,6.0,6.2,8.2,11.7,14.0,18.3,21.6,21.9,19.8,14.5,12.0,8.8,11.3,20.6,15.4,7.3,14.9,16.0,18.9,22.9,25.2,30.7,34.5,34.7,30.2,24.7,23.0,18.1,22.3,33.3,25.9,16.8,5.4,5.8,6.8,4.1,5.5,3.7,1.3,1.1,3.2,4.9,1.5,7.5,16.4,6.1,9.5,22.4,31.7,44.0,45.6,22.8,26.3,21.4,5.7,4.3,34.3,43.6,5.9,69.8,94.6,31.4,83.7,196.0
TUNISIA,1964,10.0,12.7,15.4,17.1,21.7,26.1,27.7,27.4,25.1,20.5,16.1,11.1,18.1,27.1,20.6,10.4,5.5,7.7,10.4,11.7,15.7,20.1,21.3,21.6,19.5,15.1,11.3,6.8,12.6,21.0,15.3,5.9,14.5,17.8,20.4,22.6,27.8,32.2,34.0,33.3,30.8,25.9,20.9,15.5,23.6,33.2,25.9,15.0,9.9,5.0,4.4,5.2,2.1,2.0,1.0,3.1,0.4,4.5,4.1,8.2,11.6,6.1,8.9,20.9,96.4,29.8,21.7,23.9,9.8,6.3,3.2,23.7,0.9,52.8,18.7,58.9,55.4,33.2,72.4,160.7
TUNISIA,1965,10.4,9.7,14.2,16.1,20.9,25.3,29.2,27.3,24.3,22.1,16.9,12.9,17.1,27.3,21.1,13.3,6.2,4.8,9.1,10.7,14.8,18.8,22.6,21.3,19.2,17.5,12.1,8.4,11.5,20.9,16.2,8.4,14.8,14.8,19.3,21.5,27.1,31.9,35.9,33.3,29.4,26.9,21.7,17.5,22.7,33.7,26.0,18.3,7.8,5.0,6.0,5.1,1.8,0.8,0.5,1.3,4.3,4.5,5.8,6.1,12.8,2.6,14.5,10.8,61.8,40.1,32.3,22.5,3.6,1.2,2.9,7.7,33.7,42.4,29.6,37.2,58.3,11.8,105.7,58.1
TUNISIA,1966,12.2,14.8,13.0,18.2,20.4,25.8,26.9,28.0,25.0,21.6,14.2,11.2,17.2,26.9,20.3,11.1,7.7,9.2,7.9,12.7,14.9,19.9,20.5,21.4,19.4,16.6,9.6,6.8,11.9,20.6,15.2,6.4,16.8,20.5,18.1,23.7,26.0,31.9,33.4,34.6,30.6,26.6,19.0,15.6,22.6,33.3,25.4,15.9,2.5,2.2,4.7,6.0,4.5,2.6,0.5,0.5,3.5,5.4,6.8,3.2,15.2,3.7,15.7,13.6,12.3,8.6,35.4,45.3,25.0,9.3,0.8,1.7,24.5,45.1,42.5,25.5,105.7,11.9,112.1,94.6
TUNISIA,1967,9.9,12.3,14.5,17.2,21.6,23.5,27.8,29.0,25.0,22.2,17.2,10.6,17.7,26.8,21.5,11.2,5.0,7.4,9.0,11.7,15.4,17.6,21.2,22.7,19.3,16.7,12.3,6.1,12.0,20.5,16.1,6.4,14.9,17.2,20.0,22.7,27.8,29.5,34.5,35.4,30.7,27.8,22.2,15.1,23.5,33.1,26.9,16.0,2.7,7.7,3.7,2.8,4.9,1.4,0.3,1.2,5.1,3.8,6.2,4.8,11.3,2.9,15.1,17.9,13.2,55.9,15.4,13.4,21.0,2.9,0.8,5.7,53.5,23.5,38.3,30.2,49.9,9.4,115.2,122.9
TUNISIA,1968,10.1,12.9,13.9,18.1,21.7,24.4,28.1,27.7,25.4,20.7,16.5,12.3,17.9,26.7,20.9,11.7,5.5,7.6,8.5,12.4,16.0,18.6,21.6,21.7,19.7,15.3,11.7,8.0,12.3,20.6,15.6,6.9,14.8,18.2,19.3,23.9,27.5,30.3,34.6,33.7,31.1,26.3,21.5,16.8,23.6,32.9,26.3,16.6,7.6,5.5,4.8,4.5,2.0,3.7,0.0,0.8,1.8,2.4,3.4,5.6,11.3,4.6,7.6,15.4,54.7,38.0,21.0,19.8,10.9,24.6,0.0,1.0,10.0,15.3,19.5,31.7,51.8,25.6,44.7,87.6
TUNISIA,1969,10.9,12.0,14.9,17.2,22.1,23.7,25.9,27.5,24.8,20.4,16.6,10.1,18.1,25.7,20.6,11.6,6.1,6.7,10.1,11.8,16.1,18.0,19.8,21.6,19.5,15.8,11.6,5.7,12.7,19.8,15.6,6.8,15.8,17.3,19.8,22.7,28.1,29.5,32.1,33.5,30.2,25.0,21.5,14.6,23.5,31.7,25.6,16.4,6.3,3.5,4.9,5.5,4.4,1.7,1.2,1.8,5.9,8.4,3.5,5.8,14.7,4.7,17.8,12.9,36.2,19.6,24.2,30.7,19.4,4.8,4.2,9.7,78.8,129.3,11.7,50.5,74.4,18.7,219.8,85.9
TUNISIA,1970,12.2,12.3,13.7,16.9,19.7,25.7,27.0,28.7,26.0,20.3,15.8,11.9,16.8,27.1,20.7,11.4,7.6,7.1,8.4,11.2,13.9,19.5,20.6,22.5,20.5,15.1,10.5,7.3,11.2,20.9,15.3,6.6,16.9,17.6,19.1,22.7,25.6,31.8,33.4,35.0,31.6,25.5,21.2,16.6,22.5,33.4,26.1,16.1,5.1,2.0,4.6,5.0,3.3,2.1,0.6,0.4,2.6,2.4,1.1,7.8,12.9,3.2,6.1,19.9,24.3,11.0,22.2,29.2,14.8,6.3,0.9,0.8,26.6,21.6,3.3,66.3,66.2,8.0,51.5,162.4
TUNISIA,1971,10.8,11.4,12.3,18.2,21.0,25.0,27.5,30.1,25.1,20.0,14.2,11.1,17.2,27.5,19.8,11.5,6.1,6.5,7.3,12.9,15.5,18.7,21.1,23.6,19.8,14.9,9.3,6.4,11.9,21.2,14.7,6.6,15.4,16.4,17.4,23.5,26.7,31.3,33.9,36.7,30.5,25.1,19.2,15.9,22.5,34.0,25.0,16.3,6.5,5.6,4.8,3.1,4.6,0.6,1.2,0.5,4.3,6.0,5.1,3.7,12.5,2.2,15.4,14.6,38.0,58.1,27.2,17.3,17.4,3.0,2.8,1.0,51.5,60.9,20.6,19.2,62.0,6.9,132.9,83.7
TUNISIA,1972,10.5,12.8,15.1,16.2,19.5,25.1,26.9,26.5,24.3,19.9,16.4,11.5,16.9,26.1,20.2,11.0,5.8,7.8,10.0,10.9,13.6,18.9,20.3,20.2,19.1,15.0,11.2,7.1,11.5,19.8,15.1,6.4,15.1,17.9,20.3,21.6,25.4,31.2,33.5,32.8,29.7,24.9,21.6,16.0,22.4,32.5,25.4,15.6,6.7,4.1,7.2,8.1,5.6,1.5,0.9,1.1,3.4,5.8,3.5,8.1,20.9,3.5,12.7,21.9,42.2,22.3,51.3,66.8,25.2,8.2,1.0,3.7,29.3,57.4,13.0,63.1,143.3,12.9,99.7,171.3
TUNISIA,1973,10.7,10.6,12.1,15.9,21.9,25.9,28.8,28.0,26.4,21.3,15.2,11.7,16.7,27.6,20.9,11.7,6.3,5.7,7.3,10.5,15.7,20.1,22.2,21.8,20.6,16.0,10.2,7.2,11.2,21.3,15.6,7.0,15.2,15.5,17.0,21.5,28.2,31.8,35.5,34.3,32.2,26.6,20.2,16.1,22.2,33.8,26.3,16.5,7.4,6.4,7.8,3.9,0.8,1.7,1.3,2.7,1.7,3.2,4.1,8.7,12.5,5.7,9.0,16.8,61.9,46.3,77.2,17.5,0.8,6.2,4.1,15.7,7.7,33.7,14.9,105.1,95.6,26.0,56.3,150.7
TUNISIA,1974,11.5,12.1,14.6,16.4,21.6,25.5,26.5,27.3,25.5,19.1,14.5,11.2,17.5,26.4,19.7,11.2,6.9,7.0,9.6,11.1,15.5,19.3,20.1,20.8,19.9,14.0,9.4,6.3,12.1,20.1,14.4,6.3,16.1,17.2,19.6,21.7,27.7,31.8,33.0,33.8,31.2,24.3,19.6,16.0,23.0,32.9,25.0,16.1,2.5,5.5,6.4,5.4,1.6,2.2,0.9,0.6,4.3,6.1,4.0,4.4,13.4,3.6,14.4,17.6,7.8,37.8,37.7,31.6,5.5,9.8,1.6,2.1,40.0,61.2,23.5,21.8,74.8,13.6,124.7,123.4
TUNISIA,1975,11.0,11.3,13.6,16.5,20.5,24.3,27.6,27.5,26.5,20.3,14.8,12.0,16.8,26.5,20.5,11.2,6.2,6.4,8.3,10.9,14.7,18.2,20.9,21.3,20.6,14.8,9.8,7.4,11.3,20.1,15.1,6.6,15.9,16.3,18.9,22.1,26.3,30.5,34.2,33.7,32.4,25.9,19.8,16.7,22.5,32.8,26.0,15.9,5.1,8.1,6.4,4.9,5.6,1.2,0.1,1.5,2.0,5.3,7.0,6.3,16.8,2.8,14.3,24.0,18.9,82.7,43.0,20.2,29.8,3.1,0.1,10.0,13.1,45.8,73.0,38.3,93.0,13.2,131.8,172.4
TUNISIA,1976,10.2,11.4,12.8,16.2,20.3,24.4,27.2,27.3,24.3,20.6,13.9,12.4,16.5,26.3,19.6,12.9,5.7,6.6,7.9,10.7,15.0,18.3,21.1,21.2,18.7,15.8,9.5,8.0,11.2,20.2,14.7,8.1,14.7,16.2,17.9,21.7,25.7,30.6,33.4,33.5,30.0,25.6,18.3,16.8,21.8,32.5,24.6,17.6,9.8,7.9,9.3,4.3,7.6,3.4,1.8,3.0,2.3,5.2,7.5,4.5,21.2,8.2,15.0,14.9,77.0,57.0,77.8,21.0,53.8,22.1,8.1,11.2,18.8,54.0,66.3,19.3,152.6,41.4,139.1,72.7
TUNISIA,1977,12.0,14.2,15.6,17.7,21.3,24.6,28.1,27.3,24.1,21.5,16.5,12.3,18.2,26.7,20.7,11.9,7.6,8.9,9.9,11.9,15.4,18.3,21.7,21.1,18.4,16.1,11.5,7.3,12.4,20.4,15.3,7.0,16.5,19.5,21.5,23.5,27.2,30.9,34.5,33.6,29.8,26.9,21.5,17.4,24.1,33.0,26.1,17.0,6.3,4.0,3.8,5.5,3.0,1.5,0.3,0.9,3.2,1.7,7.6,2.3,12.3,2.7,12.5,16.2,38.8,14.5,16.6,38.7,12.3,8.1,0.5,8.5,26.7,7.6,52.7,10.8,67.6,17.2,87.0,102.3
TUNISIA,1978,10.0,13.5,14.4,16.8,20.6,24.9,26.8,27.6,24.7,19.1,14.1,13.7,17.3,26.5,19.3,13.3,5.3,8.4,9.1,11.5,14.9,18.7,20.2,21.1,19.0,14.1,9.1,9.1,11.8,20.0,14.1,8.6,14.8,18.7,19.7,22.1,26.5,31.3,33.6,34.1,30.5,24.2,19.1,18.5,22.8,33.0,24.6,17.9,7.0,6.8,4.6,3.8,5.4,1.1,0.0,2.6,1.1,6.6,6.3,2.4,13.8,3.7,13.9,14.9,40.0,51.4,25.8,23.0,25.1,3.3,0.0,12.0,4.3,62.7,48.6,11.2,73.9,15.2,115.6,103.9
TUNISIA,1979,12.7,13.3,14.9,15.9,20.6,26.3,27.8,28.1,24.3,21.8,14.2,12.2,17.1,27.4,20.1,11.8,8.4,8.5,9.5,10.5,14.4,19.9,21.4,21.8,18.7,16.7,9.4,7.4,11.4,21.0,14.9,6.8,17.1,18.2,20.3,21.4,26.9,32.7,34.2,34.5,29.9,26.8,19.0,17.0,22.9,33.8,25.2,16.8,4.0,8.5,7.9,6.6,2.5,1.6,0.4,1.7,5.1,3.8,5.2,1.7,16.9,3.8,14.1,11.9,17.8,74.8,59.1,46.6,6.4,5.8,0.6,4.5,66.6,23.7,44.1,6.4,112.1,11.0,134.3,59.5
TUNISIA,1980,10.7,12.6,14.2,15.7,19.5,24.8,26.2,28.0,25.7,20.4,16.4,9.7,16.5,26.3,20.8,9.9,5.8,7.4,9.1,10.2,13.8,18.4,19.3,21.6,19.9,15.0,11.5,5.2,11.0,19.8,15.4,5.2,15.7,17.8,19.4,21.2,25.2,31.1,33.1,34.5,31.6,25.9,21.3,14.3,22.0,32.9,26.3,14.7,4.3,5.8,7.4,6.8,4.7,1.0,0.0,1.1,2.2,4.1,5.4,7.8,18.9,2.2,11.7,18.6,20.9,32.2,52.5,42.8,21.1,2.7,0.1,2.9,12.5,31.6,31.0,66.8,116.4,5.7,75.1,135.2
TUNISIA,1981,9.1,11.0,16.0,18.6,21.4,25.6,26.6,27.4,26.1,22.5,14.9,13.5,18.7,26.5,21.2,12.6,4.6,5.9,10.6,13.0,15.3,19.4,20.3,20.8,20.6,17.0,9.8,8.9,13.0,20.2,15.8,8.0,13.6,16.2,21.5,24.2,27.5,32.0,32.8,34.0,31.8,28.0,20.1,18.2,24.4,32.9,26.6,17.3,4.3,6.5,3.6,2.9,2.7,3.3,0.3,1.1,1.8,2.9,3.1,4.3,9.3,4.7,7.8,16.9,28.3,40.1,15.1,12.7,10.8,12.5,0.2,2.7,6.5,18.8,14.0,28.3,38.7,15.4,39.2,120.4
TUNISIA,1982,12.3,12.1,13.9,17.0,20.9,27.7,30.3,28.9,26.4,21.7,15.9,11.0,17.3,29.0,21.3,10.7,8.0,7.2,8.7,11.5,15.0,21.1,23.5,22.5,20.9,16.7,11.4,6.6,11.7,22.4,16.3,5.9,16.7,17.1,19.1,22.4,26.9,34.3,37.2,35.3,32.0,26.8,20.5,15.6,22.8,35.6,26.4,15.6,6.9,5.7,5.2,7.1,3.8,0.6,0.1,0.8,3.0,6.7,9.0,8.0,16.1,1.5,18.7,16.1,57.7,34.4,32.4,49.8,18.4,1.7,0.1,5.5,22.7,78.9,88.2,63.1,100.5,7.2,189.8,102.3
TUNISIA,1983,10.1,11.1,14.2,18.4,21.8,25.8,29.5,28.8,26.0,21.2,17.3,12.1,18.1,28.0,21.5,11.4,5.4,5.9,8.9,12.4,15.7,19.4,22.4,22.8,20.4,16.1,12.7,7.3,12.3,21.6,16.4,6.5,14.9,16.3,19.5,24.4,28.0,32.1,36.7,34.8,31.7,26.4,21.9,16.9,24.0,34.5,26.7,16.3,3.9,4.2,5.4,1.2,2.8,3.8,0.6,0.7,2.2,5.3,4.3,7.0,9.4,5.1,11.8,17.2,18.6,20.6,33.5,2.2,9.5,16.6,1.2,1.0,20.0,53.0,32.2,45.6,45.2,18.8,105.2,113.2
TUNISIA,1984,11.0,11.1,13.5,17.2,20.8,24.8,27.9,27.6,25.0,20.3,17.1,11.7,17.2,26.8,20.8,11.7,6.3,5.9,8.4,11.6,14.9,18.7,21.2,21.6,19.3,15.4,12.3,7.4,11.6,20.5,15.7,7.2,15.8,16.3,18.7,23.0,26.7,31.0,34.7,33.6,30.8,25.3,22.0,16.1,22.8,33.1,26.0,16.3,4.4,5.8,6.5,4.9,3.3,0.6,0.1,1.2,2.3,8.7,4.6,8.2,14.7,1.8,15.6,19.6,29.1,38.4,38.3,22.6,9.9,4.2,0.1,3.2,18.8,118.6,21.7,94.0,70.8,7.5,159.0,169.1
TUNISIA,1985,9.6,13.9,13.4,18.3,21.0,26.3,28.7,28.0,25.6,21.2,17.3,12.5,17.5,27.7,21.4,11.9,5.3,9.0,8.4,12.8,15.2,19.9,22.1,21.7,19.7,15.8,12.6,7.8,12.1,21.3,16.0,7.2,13.9,18.9,18.4,23.8,26.8,32.8,35.4,34.4,31.5,26.6,22.1,17.3,23.0,34.2,26.8,16.7,8.1,3.3,6.5,5.1,4.1,0.4,0.0,0.1,3.3,3.1,2.4,5.5,15.7,0.6,8.9,12.6,54.2,20.9,43.6,26.7,22.4,0.9,0.0,0.3,25.2,14.8,11.6,31.1,92.7,1.2,51.6,73.8
TUNISIA,1986,11.0,12.2,14.4,17.8,22.7,25.2,27.6,29.5,26.1,22.5,15.8,11.3,18.3,27.4,21.5,11.2,6.5,7.3,9.3,12.3,16.6,19.0,21.2,23.1,20.4,17.6,11.3,6.8,12.7,21.1,16.4,6.6,15.5,17.3,19.5,23.4,28.9,31.5,34.0,35.9,31.9,27.4,20.3,15.9,24.0,33.8,26.5,16.0,4.3,2.8,7.1,6.1,3.4,1.5,1.9,0.7,2.4,5.2,8.6,8.2,16.7,4.1,16.2,17.6,25.3,17.4,52.8,35.9,11.7,4.2,7.1,2.9,28.0,53.2,67.4,63.4,100.4,14.2,148.6,127.2
TUNISIA,1987,10.0,12.4,13.0,17.7,20.0,25.4,29.1,30.0,28.0,23.7,16.0,13.7,16.9,28.2,22.6,12.8,5.3,7.6,7.8,11.6,14.2,19.0,22.5,23.5,21.8,18.5,11.1,8.8,11.2,21.6,17.1,7.9,14.7,17.2,18.2,23.8,25.8,31.9,35.9,36.6,34.3,28.9,21.0,18.6,22.6,34.8,28.1,17.7,4.5,4.9,5.2,5.1,3.4,1.8,2.1,0.4,1.9,3.8,6.2,4.6,13.7,4.3,11.9,13.0,30.2,33.6,32.2,24.4,17.4,2.7,5.2,2.1,15.5,19.3,39.0,18.7,73.9,10.0,73.9,58.0
TUNISIA,1988,12.4,12.3,14.7,18.4,23.2,25.9,29.2,29.2,25.1,23.1,16.2,10.9,18.8,28.1,21.5,10.8,7.8,7.0,9.4,12.7,17.2,20.0,22.6,22.9,19.6,17.9,11.5,6.4,13.1,21.8,16.3,5.8,17.0,17.6,19.9,24.3,29.2,31.8,36.0,35.6,30.7,28.4,21.0,15.4,24.5,34.5,26.7,15.9,5.1,3.3,4.6,3.0,2.1,4.0,0.5,1.3,3.6,2.1,7.9,7.6,9.7,5.8,13.5,17.5,24.6,14.7,24.9,15.1,9.2,19.3,1.5,3.3,23.6,8.2,49.0,51.7,49.2,24.2,80.7,98.6
TUNISIA,1989,9.7,11.8,15.7,18.3,21.2,25.3,28.6,29.6,26.4,20.5,16.5,14.4,18.4,27.8,21.1,13.4,4.7,6.2,10.0,12.6,15.5,19.2,22.2,23.5,21.0,15.3,11.4,9.7,12.7,21.6,15.9,8.6,14.8,17.4,21.4,24.0,27.0,31.5,35.0,35.7,31.9,25.8,21.7,19.1,24.1,34.1,26.4,18.3,5.2,4.6,3.9,3.8,2.8,1.6,2.2,2.4,3.0,3.8,5.5,5.4,10.5,6.2,12.3,15.9,24.5,22.4,19.4,25.3,7.1,6.1,5.6,14.6,19.0,29.2,29.9,50.9,51.7,26.3,78.0,152.9
TUNISIA,1990,11.3,14.4,15.1,17.4,21.6,26.7,28.1,28.3,27.3,23.2,16.4,10.3,18.0,27.7,22.3,10.6,7.0,9.0,9.5,12.0,15.9,20.3,21.5,22.2,21.5,18.0,11.7,5.7,12.5,21.3,17.1,5.9,15.7,20.0,20.8,22.8,27.3,33.2,34.7,34.4,33.1,28.4,21.1,14.9,23.7,34.1,27.6,15.4,9.6,1.0,5.6,7.5,6.0,1.6,1.0,3.5,1.5,2.6,8.3,9.1,19.1,6.1,12.4,20.8,98.9,3.1,29.8,46.9,35.8,3.7,3.5,19.2,8.2,19.4,69.2,87.1,112.6,26.4,96.8,173.0
TUNISIA,1991,10.3,11.3,15.8,15.9,18.7,25.3,27.9,28.9,27.1,21.9,15.6,10.7,16.8,27.4,21.5,10.6,5.6,6.3,10.8,10.4,12.9,18.9,21.2,22.6,21.6,16.7,10.5,6.2,11.4,20.9,16.3,5.7,15.0,16.3,20.9,21.5,24.5,31.6,34.7,35.2,32.5,27.1,20.8,15.2,22.3,33.9,26.8,15.5,6.4,5.3,7.2,4.1,3.9,1.4,0.2,0.6,3.2,4.6,5.1,4.6,15.2,2.2,12.9,18.7,52.8,33.1,51.8,25.7,14.7,3.5,0.7,1.7,28.8,38.2,37.4,31.2,92.2,6.0,104.4,131.9
TUNISIA,1992,9.7,11.4,14.3,17.2,21.0,24.9,26.6,29.2,26.3,21.9,17.2,11.9,17.5,26.9,21.8,10.9,4.7,6.1,9.3,11.4,15.1,18.8,20.2,22.7,20.6,16.5,12.2,7.2,11.9,20.5,16.4,6.0,14.6,16.8,19.3,23.0,26.9,31.1,33.1,35.8,32.1,27.3,22.2,16.6,23.1,33.3,27.2,15.9,8.2,5.9,6.1,6.1,6.1,1.6,1.5,1.2,1.6,3.3,5.6,7.3,18.3,4.3,10.5,17.2,52.9,47.7,33.8,41.2,37.4,5.5,6.2,3.5,8.9,23.7,43.9,54.8,112.4,15.2,76.5,106.4
TUNISIA,1993,10.1,10.8,13.3,17.7,22.1,26.4,28.1,29.2,26.2,22.5,16.2,12.2,17.7,27.9,21.6,12.4,5.2,5.7,7.7,11.9,16.1,20.1,21.5,22.6,20.4,17.1,11.6,7.8,11.9,21.4,16.4,7.7,15.0,16.0,18.9,23.6,28.2,32.7,34.6,35.8,32.1,27.9,20.9,16.8,23.6,34.4,27.0,17.2,4.0,5.8,5.9,2.3,3.8,0.4,0.2,0.2,3.3,4.0,5.8,5.8,12.0,0.9,13.1,18.7,19.9,31.8,36.3,7.7,26.1,0.5,0.1,0.5,25.0,27.3,25.9,35.2,70.1,1.1,78.1,123.9
TUNISIA,1994,12.0,13.0,15.3,17.0,22.9,26.1,29.2,31.1,27.6,22.0,17.9,13.0,18.4,28.8,22.5,12.5,7.5,7.7,9.4,11.4,16.6,19.9,22.6,24.5,21.9,17.0,12.8,8.0,12.5,22.3,17.2,7.4,16.5,18.3,21.2,22.7,29.2,32.4,35.8,37.7,33.3,27.1,23.0,18.0,24.4,35.3,27.8,17.7,7.0,5.9,3.9,7.1,3.9,1.4,0.8,0.2,2.9,6.3,2.0,3.7,15.0,2.4,11.2,11.5,41.2,47.5,15.7,38.8,15.6,4.8,2.2,0.4,22.5,65.6,7.5,20.7,70.1,7.4,95.5,70.1
TUNISIA,1995,10.3,14.3,14.4,17.1,22.3,26.0,28.7,29.0,25.3,21.5,16.4,13.8,17.9,27.9,21.1,12.7,5.5,8.7,8.9,11.4,16.2,19.9,22.2,23.0,19.8,16.2,11.4,9.3,12.2,21.7,15.8,8.0,15.2,19.9,19.9,22.8,28.5,32.2,35.3,35.1,30.9,26.9,21.4,18.3,23.8,34.2,26.4,17.4,6.8,1.0,4.8,4.8,1.0,1.7,0.3,2.7,5.9,6.3,5.2,7.0,10.5,4.6,17.4,22.7,47.0,2.4,28.8,27.3,1.7,10.9,0.2,13.0,69.6,76.1,33.4,47.8,57.8,24.1,179.1,176.8
TUNISIA,1996,12.7,11.6,14.6,17.6,21.5,25.2,27.9,29.3,24.7,20.2,16.7,13.4,17.9,27.5,20.5,13.1,8.1,6.7,9.6,12.0,15.6,19.1,21.1,23.1,19.2,15.0,11.7,8.7,12.4,21.1,15.3,8.1,17.3,16.6,19.6,23.3,27.4,31.3,34.7,35.6,30.2,25.5,21.8,18.2,23.4,33.9,25.8,18.1,7.1,8.6,6.9,5.9,5.0,3.2,1.2,2.1,3.6,3.6,3.0,3.7,17.8,6.5,10.2,13.3,45.6,83.4,47.0,41.2,28.6,20.3,2.9,12.2,24.8,26.1,10.9,18.0,116.8,35.4,61.7,72.7
TUNISIA,1997,12.6,13.4,14.4,17.2,22.8,28.2,28.7,28.9,26.2,22.4,16.8,12.9,18.1,28.6,21.8,12.4,7.9,7.8,8.6,11.5,16.5,21.9,22.0,22.8,20.7,17.4,12.0,8.4,12.2,22.2,16.7,7.4,17.3,18.9,20.1,23.0,29.2,34.5,35.4,35.0,31.8,27.4,21.7,17.5,24.1,34.9,27.0,17.4,6.3,3.3,3.3,5.8,1.9,2.5,0.1,2.5,5.3,5.9,5.9,6.6,10.9,5.1,17.2,15.9,40.3,14.4,11.0,35.3,3.9,8.4,0.3,13.5,81.4,64.5,47.6,48.1,50.2,22.3,193.5,95.5
TUNISIA,1998,11.3,12.9,14.1,19.1,22.0,27.4,28.9,29.1,26.5,20.8,15.2,10.9,18.4,28.5,20.8,10.9,6.3,7.5,8.6,13.3,16.0,21.0,22.0,22.6,20.9,15.5,9.9,6.1,12.6,21.9,15.4,5.9,16.4,18.3,19.7,24.9,28.1,33.8,35.9,35.5,32.2,26.2,20.5,15.8,24.2,35.1,26.3,16.0,5.2,4.2,4.0,5.5,4.2,2.2,0.1,1.5,3.7,5.2,5.1,4.6,13.6,3.8,14.0,17.2,28.3,19.0,18.5,29.1,15.8,6.0,0.0,11.2,30.2,52.4,39.3,25.7,63.4,17.2,121.9,135.2
TUNISIA,1999,11.1,10.8,14.6,18.4,23.9,28.0,28.6,31.3,27.8,23.9,16.4,11.8,19.0,29.3,22.7,11.1,6.2,5.5,9.1,12.5,17.8,21.5,22.2,24.7,22.1,18.4,11.6,7.2,13.1,22.8,17.4,6.1,16.0,16.1,20.1,24.3,30.1,34.5,35.2,37.8,33.5,29.5,21.2,16.4,24.8,35.8,28.1,16.1,8.5,4.1,5.2,2.5,2.8,1.1,2.1,1.0,2.8,2.7,7.6,6.7,10.6,4.2,13.1,15.4,83.3,26.2,29.9,13.7,10.9,3.6,7.5,3.6,17.3,12.7,69.5,44.7,54.5,14.8,99.5,86.6
TUNISIA,2000,9.2,12.2,15.4,19.5,23.7,26.3,28.9,29.6,26.5,21.4,17.3,13.5,19.5,28.2,21.7,12.8,4.2,6.8,10.0,13.8,18.0,20.1,22.4,23.0,20.7,16.5,12.3,8.8,13.9,21.8,16.5,7.9,14.2,17.6,20.9,25.1,29.6,32.5,35.4,36.2,32.3,26.4,22.3,18.3,25.2,34.7,27.0,17.7,4.8,3.9,2.2,4.3,6.1,2.5,0.4,0.6,1.8,5.5,3.4,3.6,12.6,3.5,10.7,14.5,20.3,21.6,6.6,20.5,33.5,11.2,1.2,2.1,11.2,56.5,14.7,28.8,60.6,14.6,82.4,113.1
TUNISIA,2001,12.4,12.5,17.1,17.9,22.3,27.0,29.4,29.3,26.4,24.3,16.9,11.4,19.1,28.6,22.5,11.4,7.8,7.1,11.4,12.1,16.4,20.6,22.7,23.0,21.0,18.9,12.0,6.7,13.3,22.1,17.3,6.4,17.0,17.8,22.8,23.7,28.2,33.4,36.1,35.7,31.9,29.8,21.8,16.2,24.9,35.1,27.8,16.4,6.4,4.5,3.7,4.6,5.0,0.8,0.2,1.8,3.4,1.5,3.9,6.2,13.4,2.8,8.8,13.5,56.2,28.2,14.6,20.8,33.5,3.2,0.2,7.3,27.8,6.1,23.6,36.6,68.9,10.7,57.5,65.2
TUNISIA,2002,10.2,12.6,16.2,18.7,22.2,27.0,28.9,28.9,26.0,22.0,17.5,13.4,19.0,28.3,21.8,11.9,5.2,7.4,10.9,13.1,16.5,20.7,22.5,23.0,20.6,16.9,12.9,8.9,13.5,22.1,16.8,7.3,15.2,17.9,21.5,24.3,27.9,33.3,35.4,34.9,31.4,27.2,22.1,18.0,24.6,34.6,26.9,16.6,3.6,3.6,3.6,5.1,4.9,1.1,1.5,2.5,2.7,3.7,7.9,5.6,13.6,5.1,14.3,21.5,12.3,16.3,18.9,26.9,24.0,3.2,4.4,15.1,18.8,26.7,67.8,41.7,69.7,22.6,113.4,180.6
TUNISIA,2003,11.6,10.8,14.1,18.3,22.5,28.3,31.1,30.9,26.6,23.6,17.3,11.7,18.3,30.1,22.5,12.1,7.1,5.9,8.8,12.9,16.5,22.1,24.6,24.5,21.3,18.7,12.6,7.2,12.7,23.7,17.5,7.2,16.0,15.7,19.4,23.8,28.7,34.7,37.7,37.3,31.9,28.6,22.2,16.2,23.9,36.6,27.5,17.1,9.5,6.4,4.3,7.1,4.2,0.9,0.7,0.3,4.5,5.0,5.2,9.7,15.6,1.9,14.7,18.2,91.2,47.7,19.4,55.1,16.1,2.9,1.0,0.5,47.7,47.7,30.7,104.4,90.6,4.4,126.0,148.6
TUNISIA,2004,11.5,13.2,14.8,18.0,20.4,25.9,28.6,29.9,26.0,23.9,15.6,12.6,17.8,28.1,21.8,10.7,6.7,7.8,9.7,12.7,14.8,19.6,22.0,23.6,20.5,18.4,10.9,8.3,12.4,21.7,16.6,6.0,16.3,18.7,19.9,23.4,26.1,32.2,35.2,36.2,31.6,29.4,20.3,16.9,23.2,34.6,27.1,15.4,6.0,2.4,7.3,5.8,3.8,2.2,0.7,0.7,3.2,3.2,6.9,7.0,16.9,3.7,13.3,18.4,35.7,8.5,51.7,34.6,16.1,12.0,1.3,2.7,26.9,22.2,54.7,52.5,102.4,16.1,103.8,139.2
TUNISIA,2005,9.4,10.1,14.5,18.2,22.9,27.1,29.7,28.6,26.1,22.8,16.8,11.2,18.6,28.4,21.9,10.9,4.6,5.1,9.2,12.7,16.9,21.0,23.1,22.6,20.7,17.8,11.9,6.7,12.9,22.2,16.8,6.3,14.2,15.1,19.9,23.7,29.0,33.1,36.3,34.7,31.5,27.8,21.8,15.7,24.2,34.7,27.0,15.5,5.3,6.1,4.0,5.9,1.7,3.2,0.9,2.7,3.0,2.7,5.7,8.4,11.6,6.8,11.4,22.9,33.9,52.9,17.5,39.2,4.4,10.5,2.3,11.3,21.6,15.6,29.5,71.1,61.1,24.1,66.7,186.5
TUNISIA,2006,9.7,11.8,15.4,19.9,23.6,26.9,29.5,29.0,25.8,23.3,17.4,13.0,19.7,28.5,22.2,13.3,5.3,6.8,9.9,14.0,17.4,20.2,23.1,22.7,20.3,18.0,12.4,8.4,13.8,22.0,16.9,8.4,14.1,16.8,20.9,25.9,29.9,33.6,36.0,35.4,31.5,28.6,22.5,17.6,25.6,35.0,27.5,18.2,9.6,4.9,3.0,4.1,4.5,1.5,1.3,2.2,3.8,4.1,5.2,8.3,11.7,5.0,13.0,15.5,89.0,26.5,13.0,14.2,24.9,3.5,2.0,8.9,34.8,32.0,30.4,75.8,52.1,14.5,97.3,113.4
TUNISIA,2007,12.8,14.0,14.8,18.5,22.6,27.5,28.5,29.5,26.6,21.8,15.8,11.9,18.6,28.5,21.4,12.0,7.8,8.8,9.5,13.0,16.8,21.0,21.7,23.2,21.0,16.8,11.1,7.6,13.1,22.0,16.3,7.3,17.8,19.3,20.1,24.0,28.5,34.0,35.3,35.9,32.3,26.9,20.6,16.3,24.2,35.1,26.6,16.7,2.0,5.2,7.8,6.7,3.1,3.2,0.4,1.2,2.5,5.4,3.8,7.9,17.7,4.9,11.7,14.6,6.3,31.2,71.5,46.6,9.3,17.6,0.7,3.3,22.2,54.8,18.7,60.8,127.3,21.5,95.7,87.3
TUNISIA,2008,11.7,12.4,15.1,19.4,23.1,26.3,29.7,29.5,26.9,22.4,16.2,11.8,19.2,28.5,21.8,11.6,7.3,7.1,9.8,14.0,17.6,20.2,23.4,23.3,21.4,17.5,11.5,7.5,13.8,22.3,16.8,7.1,16.1,17.7,20.5,25.0,28.6,32.4,36.1,35.7,32.4,27.5,20.9,16.1,24.7,34.7,26.9,16.2,4.1,2.6,4.8,2.7,3.5,1.5,1.6,1.0,3.6,4.1,5.2,5.6,11.0,4.1,12.8,18.7,17.0,9.5,34.2,7.2,17.1,6.1,3.1,4.6,34.2,28.6,28.0,31.5,58.5,13.7,90.8,154.5
TUNISIA,2009,11.6,11.5,14.6,17.5,22.5,27.0,30.2,30.5,26.0,21.5,16.8,14.0,18.2,29.2,21.4,13.3,7.4,6.5,9.6,12.4,16.6,20.9,23.6,24.5,20.8,16.6,12.0,9.5,12.9,23.0,16.5,8.7,15.8,16.6,19.6,22.7,28.5,33.1,36.8,36.5,31.3,26.3,21.7,18.5,23.6,35.5,26.4,18.0,9.1,4.0,5.6,7.7,4.5,0.6,0.5,1.5,5.2,4.3,2.5,3.8,17.7,2.6,11.9,13.6,94.5,28.6,33.6,57.8,21.4,0.6,0.7,6.6,61.0,33.0,13.1,20.9,112.8,7.9,107.1,76.5
TUNISIA,2010,12.1,13.9,15.9,19.1,21.7,26.2,29.6,29.4,26.0,21.7,16.6,13.0,18.9,28.4,21.4,12.1,7.6,8.9,10.9,13.8,16.2,20.1,23.5,23.2,20.7,17.1,11.8,8.2,13.6,22.3,16.5,7.2,16.6,19.0,21.0,24.5,27.3,32.4,35.9,35.6,31.3,26.5,21.5,17.8,24.2,34.6,26.4,17.1,5.8,3.9,4.8,6.3,3.9,2.0,1.4,1.1,3.3,5.5,7.0,4.7,14.9,4.4,15.8,16.6,36.2,19.4,29.1,43.0,18.8,7.0,2.3,2.9,25.8,53.5,49.3,20.7,90.9,12.2,128.6,99.3
TUNISIA,2011,11.7,11.7,14.6,19.3,21.7,26.0,29.3,29.1,27.4,21.5,17.4,12.9,18.5,28.1,22.1,11.2,6.8,6.5,9.3,13.6,16.1,19.9,22.8,22.7,21.7,16.5,12.6,8.3,13.0,21.8,16.9,6.4,16.5,16.9,19.9,25.0,27.4,32.0,35.9,35.6,33.2,26.5,22.2,17.5,24.1,34.5,27.3,16.1,6.1,5.8,6.1,5.9,4.7,2.2,1.7,1.1,1.9,6.7,5.4,5.5,16.7,4.9,14.0,17.2,33.4,45.2,36.6,37.6,23.6,7.9,6.2,5.9,11.1,85.9,33.4,36.9,97.8,20.1,130.4,114.1
TUNISIA,2012,11.1,9.6,14.6,18.8,22.3,28.4,30.3,30.5,27.0,23.5,18.6,12.9,18.6,29.7,23.0,12.0,6.4,4.4,9.0,13.2,16.3,21.8,23.7,24.1,21.3,18.2,13.6,8.2,12.8,23.2,17.7,7.2,15.9,14.9,20.2,24.6,28.4,35.1,37.0,37.0,32.7,28.9,23.6,17.6,24.4,36.3,28.4,16.9,5.8,5.9,6.2,5.4,2.2,1.3,0.7,1.6,3.1,4.0,3.5,3.2,13.8,3.6,10.6,13.2,32.4,44.9,39.9,28.6,6.7,4.4,2.0,7.2,24.1,32.5,15.7,13.3,75.2,13.5,72.2,77.4
TUNISIA,2013,11.9,11.3,16.4,19.4,21.9,25.2,28.8,29.0,26.5,24.7,16.3,12.2,19.2,27.7,22.5,12.8,7.3,6.0,11.2,13.6,16.1,18.9,22.3,22.8,21.0,19.4,11.4,7.4,13.7,21.4,17.3,7.9,16.6,16.6,21.6,25.2,27.7,31.5,35.3,35.2,32.0,30.0,21.2,17.1,24.8,34.0,27.7,17.7,5.0,4.9,5.5,5.9,2.4,0.7,1.0,3.2,3.3,3.9,7.3,6.4,13.7,4.9,14.5,15.8,28.6,35.4,30.6,32.7,6.4,1.7,2.5,17.3,28.8,37.4,57.9,46.0,69.7,21.5,124.1,96.0
TUNISIA,2014,12.3,13.7,14.4,19.3,21.8,26.7,28.6,29.6,28.3,23.6,18.6,12.8,18.5,28.3,23.5,11.9,7.7,8.6,9.1,13.6,16.0,20.3,22.1,23.2,22.6,18.3,13.7,8.3,12.9,21.9,18.2,7.1,17.0,19.0,19.8,25.0,27.6,33.2,35.1,36.0,34.0,29.0,23.5,17.4,24.1,34.8,28.8,16.7,5.3,4.1,7.7,3.1,3.9,2.0,0.7,0.4,2.3,4.1,5.4,6.3,14.7,3.2,11.8,20.0,31.7,18.4,63.7,11.1,13.9,6.4,4.1,1.0,12.4,37.1,27.7,48.7,88.7,11.5,77.2,163.5
TUNISIA,2015,11.3,11.5,15.0,18.7,23.5,26.9,30.1,30.0,27.2,23.0,17.0,12.5,19.0,29.0,22.4,13.1,6.4,6.6,10.0,12.7,17.4,20.6,23.6,24.0,21.7,18.0,12.1,7.7,13.4,22.7,17.3,8.1,16.3,16.4,20.0,24.6,29.7,33.3,36.7,36.1,32.8,28.1,21.8,17.2,24.8,35.4,27.6,18.1,5.9,7.8,6.5,1.0,1.9,1.3,1.4,2.7,4.1,5.0,5.5,1.8,9.4,5.4,14.6,9.2,39.4,75.5,42.1,1.8,8.0,3.8,4.4,19.9,43.9,42.5,36.0,8.1,51.9,28.1,122.4,44.5
TUNISIA,2016,12.5,14.2,15.1,20.1,22.5,26.9,29.0,28.6,26.4,24.0,17.5,13.3,19.2,28.1,22.6,12.2,7.6,8.9,9.6,14.1,16.7,20.6,22.4,22.4,20.9,18.8,12.8,8.7,13.5,21.8,17.5,7.3,17.4,19.6,20.7,26.1,28.3,33.1,35.6,34.8,31.9,29.2,22.3,18.0,25.0,34.5,27.8,17.3,4.2,3.2,5.3,4.5,5.5,1.9,0.3,0.7,4.2,3.1,4.8,6.9,15.3,2.8,12.1,16.3,21.4,15.0,31.2,23.9,29.9,4.6,0.4,1.7,42.4,19.2,27.5,70.1,85.0,6.8,89.0,133.0
TUNISIA,2017,9.8,13.7,16.0,18.7,23.3,28.2,30.0,30.7,26.1,21.6,16.0,11.5,19.3,29.6,21.2,12.0,4.9,8.2,10.4,12.9,17.3,21.9,23.4,24.2,20.5,16.5,11.1,6.7,13.5,23.2,16.0,7.2,14.7,19.1,21.6,24.5,29.5,34.5,36.6,37.2,31.7,26.8,20.9,16.2,25.2,36.1,26.5,16.9,4.9,4.6,3.9,5.3,1.0,1.6,1.2,0.2,2.6,5.9,7.1,5.2,10.2,3.0,15.5,15.5,33.9,28.9,19.0,28.3,1.4,8.6,1.9,0.4,18.6,71.4,50.9,32.0,48.6,10.8,140.9,97.0
TUNISIA,2018,12.8,11.8,15.9,19.4,21.7,26.6,30.5,28.6,27.5,21.9,16.7,13.0,19.0,28.5,22.0,11.8,8.0,6.8,10.7,13.7,16.0,20.4,23.9,22.7,22.0,17.2,12.1,8.1,13.4,22.3,17.1,6.8,17.6,16.8,21.2,25.3,27.4,32.8,37.1,34.5,33.0,26.7,21.4,17.9,24.6,34.8,27.1,16.8,3.9,6.4,5.6,3.2,5.6,1.7,0.5,2.3,3.6,7.1,6.0,3.2,14.4,4.5,16.6,14.2,16.3,48.7,32.6,12.3,26.9,5.2,2.5,14.6,38.2,86.8,35.6,12.3,71.8,22.3,160.6,90.2
TUNISIA,2019,10.4,11.9,15.2,18.3,20.6,28.3,30.3,30.4,27.1,22.9,16.3,14.1,18.0,29.6,22.1,13.4,5.6,6.6,10.0,13.1,15.1,21.8,23.9,24.2,21.8,18.0,11.6,9.6,12.7,23.3,17.1,8.4,15.2,17.3,20.5,23.7,26.2,34.8,36.7,36.6,32.6,27.8,21.0,18.7,23.4,36.0,27.1,18.5,6.0,5.0,6.8,5.3,5.5,0.1,0.1,2.6,3.4,5.8,6.3,5.4,17.6,2.9,15.5,11.8,44.1,33.9,52.8,28.0,26.3,0.2,0.1,13.0,28.8,59.7,41.0,31.7,107.1,13.4,129.5,67.2
TUNISIA,2020,12.3,13.9,15.0,19.0,23.7,26.5,29.1,30.3,26.5,21.1,17.6,12.9,19.2,28.6,21.7,13.2,7.3,8.3,9.8,13.6,17.8,20.5,22.8,24.2,21.2,15.9,12.6,8.5,13.7,22.5,16.6,8.5,17.4,19.5,20.3,24.5,29.6,32.5,35.5,36.4,31.8,26.4,22.7,17.4,24.8,34.8,27.0,17.9,4.1,2.3,6.6,5.7,2.2,1.4,1.1,0.7,4.4,2.5,6.0,6.5,14.5,3.2,12.8,12.6,21.3,14.2,49.6,37.0,5.5,4.2,2.7,2.3,49.2,13.7,42.9,47.1,92.0,9.2,105.9,72.5
TUNISIA,2021,12.2,14.4,14.7,18.6,23.1,28.7,30.6,31.1,28.3,21.8,16.5,12.1,18.8,30.1,22.2,11.9,7.7,9.3,9.7,13.6,17.2,22.3,24.1,24.8,22.8,17.0,11.8,7.6,13.5,23.7,17.2,7.0,16.8,19.6,19.9,23.7,29.0,35.1,37.1,37.5,33.8,26.7,21.3,16.6,24.2,36.6,27.3,16.7,3.6,2.4,4.7,4.3,2.2,0.9,0.5,1.0,1.5,4.1,4.9,3.3,11.3,2.4,10.5,11.6,16.2,9.2,29.6,21.2,8.0,1.9,0.4,4.6,7.5,32.5,27.0,23.7,58.8,6.9,67.0,63.1
TUNISIA,2022,10.5,12.9,14.6,18.1,23.4,28.7,30.8,30.4,28.5,23.7,18.0,14.9,18.7,30.0,23.4,12.8,5.9,7.5,9.4,12.3,17.5,22.3,24.4,24.4,23.1,18.5,13.3,10.1,13.1,23.7,18.3,7.8,15.1,18.4,19.8,23.8,29.3,35.2,37.3,36.4,34.0,28.9,22.7,19.8,24.3,36.3,28.5,17.8,5.1,3.2,4.8,3.5,3.9,0.1,0.3,0.9,2.5,1.8,4.1,2.8,12.2,1.3,8.4,11.4,27.5,11.9,23.9,12.6,17.6,0.2,0.6,2.5,16.0,12.3,27.3,8.5,54.1,3.3,55.5,56.0
TUNISIA,2023,11.2,12.2,16.5,19.2,21.4,27.1,29.8,29.6,27.7,24.8,18.6,13.4,19.0,28.8,23.7,13.3,6.6,6.7,11.1,13.4,15.8,21.0,23.5,23.4,22.0,19.3,13.7,8.8,13.5,22.6,18.3,8.5,16.0,17.8,21.9,25.0,27.1,33.3,36.3,35.8,33.5,30.4,23.6,18.1,24.7,35.1,29.2,18.3,3.5,5.1,2.0,3.8,7.2,3.0,0.7,2.3,0.9,1.1,5.1,7.7,12.9,5.9,7.1,15.1,16.5,31.0,6.2,14.6,44.0,17.8,2.1,12.4,3.4,6.9,33.6,66.1,64.8,32.3,43.9,109.5
TUNISIA,2024,12.5,14.1,16.5,18.9,23.5,28.1,30.6,30.5,27.0,23.9,18.4,12.5,19.6,29.8,23.1,-999.0,7.7,8.9,11.0,13.2,17.6,21.6,24.2,24.3,21.5,18.7,13.3,7.8,13.9,23.4,17.8,-999.0,17.4,19.3,22.1,24.7,29.4,34.7,37.1,36.7,32.5,29.2,23.6,17.2,25.4,36.2,28.5,-999.0,2.2,5.2,3.5,5.7,4.7,0.9,0.0,1.2,4.0,4.5,3.3,5.2,14.0,2.2,11.8,-999.0,11.2,32.3,11.5,35.4,15.4,1.7,0.0,5.4,34.3,35.5,13.4,33.5,62.3,7.0,83.2,-999.0
TURKEY,1901,-1.6,2.7,7.2,10.5,13.8,19.3,22.0,21.8,17.3,12.1,6.0,4.2,10.5,21.1,11.8,2.8,-6.0,-2.1,1.5,4.2,7.5,12.1,14.2,14.0,9.9,5.7,0.9,0.0,4.4,13.5,5.5,-1.7,2.8,7.5,12.9,17.0,20.2,26.6,29.9,29.7,24.8,18.5,11.2,8.5,16.7,28.7,18.2,7.2,11.8,10.1,10.6,9.9,13.9,9.2,3.8,4.7,7.4,7.8,10.5,12.1,34.3,17.7,25.6,35.8,62.3,48.4,47.3,40.5,77.9,53.3,19.3,16.6,28.6,47.8,79.5,73.1,165.7,89.2,155.9,205.6
TURKEY,1902,1.2,2.8,4.6,9.1,13.7,18.5,20.8,21.9,17.4,12.5,4.0,0.2,9.1,20.4,11.3,0.2,-3.5,-1.6,-0.9,2.8,7.0,11.1,13.1,14.1,9.9,6.4,-1.0,-3.6,3.0,12.8,5.1,-3.8,5.9,7.2,10.1,15.4,20.3,26.0,28.5,29.7,25.0,18.7,8.9,3.9,15.3,28.1,17.5,4.2,12.6,11.1,11.8,11.6,11.1,5.6,3.6,3.8,4.0,8.4,11.2,13.0,34.5,12.9,23.7,36.6,77.0,55.5,60.0,55.0,55.2,23.9,23.0,13.5,18.1,51.5,90.8,92.5,170.3,60.4,160.5,225.0
TURKEY,1903,-0.8,1.2,4.1,10.3,14.5,18.1,21.2,21.3,17.1,12.9,6.7,2.3,9.6,20.2,12.2,1.0,-4.7,-2.9,-0.8,4.8,8.5,11.5,14.2,14.1,9.9,6.8,1.8,-1.4,4.2,13.3,6.2,-3.1,3.1,5.4,9.1,15.8,20.5,24.7,28.2,28.6,24.3,19.0,11.6,6.0,15.1,27.2,18.3,5.0,12.0,11.6,10.4,10.5,10.8,8.4,4.4,5.4,4.3,7.2,9.3,11.8,31.6,18.2,20.8,34.3,66.6,65.9,48.9,47.3,53.4,38.8,21.8,20.7,19.5,38.1,60.7,78.6,149.6,81.3,118.3,202.4
TURKEY,1904,-2.5,3.1,4.1,8.2,13.1,17.5,21.3,21.5,17.6,13.4,6.3,1.3,8.5,20.1,12.4,-0.5,-6.4,-1.3,-0.6,2.8,7.2,10.9,14.2,14.4,10.5,7.4,1.5,-2.5,3.1,13.2,6.5,-4.6,1.5,7.5,8.9,13.7,19.1,24.2,28.3,28.7,24.7,19.3,11.2,5.1,13.9,27.1,18.4,3.5,11.8,10.7,13.0,11.7,13.7,7.6,3.7,4.2,5.3,7.9,11.6,13.5,38.4,15.5,24.9,37.5,69.3,54.5,75.6,58.7,75.0,35.6,16.3,11.3,29.6,46.8,95.5,95.1,209.4,63.2,171.9,240.1
TURKEY,1905,-2.2,-0.6,3.6,9.1,14.0,18.1,21.9,22.1,18.7,14.4,9.0,1.3,8.9,20.7,14.0,0.8,-6.3,-4.9,-1.0,3.6,8.0,11.6,15.0,15.1,11.6,8.3,4.1,-2.4,3.5,13.9,8.0,-3.2,1.9,3.6,8.3,14.7,20.0,24.8,28.8,29.1,25.9,20.6,13.9,5.0,14.3,27.5,20.1,4.8,13.3,10.8,11.6,11.6,10.1,7.2,3.5,4.0,4.0,8.2,9.0,11.8,33.3,14.7,21.2,36.0,86.0,59.0,61.3,56.2,42.8,33.4,14.4,13.8,16.2,55.2,56.8,68.4,160.4,61.6,128.2,211.6
TURKEY,1906,-0.5,1.6,6.1,9.7,14.7,18.7,21.3,20.7,16.7,12.2,7.1,3.2,10.2,20.2,12.0,0.3,-4.5,-2.6,1.1,4.2,8.7,12.0,14.3,13.5,9.6,6.2,2.2,-0.6,4.7,13.3,6.0,-3.7,3.6,5.8,11.1,15.2,20.8,25.4,28.2,27.9,23.9,18.2,12.1,7.0,15.7,27.2,18.1,4.3,12.6,11.6,11.9,11.3,13.0,7.8,4.8,4.9,4.4,7.8,9.8,13.7,36.1,17.5,21.9,38.3,73.1,70.2,62.6,54.3,70.7,35.0,22.2,15.4,20.4,51.7,68.5,105.6,187.6,72.6,140.6,249.0
TURKEY,1907,-1.5,-0.6,2.9,8.1,15.0,18.4,21.7,21.3,16.7,13.1,4.8,1.5,8.7,20.5,11.5,0.5,-5.5,-4.8,-2.0,2.8,8.8,11.7,14.7,14.3,9.9,7.2,0.1,-2.3,3.2,13.6,5.7,-3.7,2.4,3.6,7.8,13.6,21.2,25.1,28.8,28.4,23.7,19.0,9.5,5.3,14.2,27.4,17.4,4.8,12.9,11.6,12.7,12.0,9.5,7.0,4.3,4.8,5.5,6.5,10.0,12.5,34.2,16.1,22.1,36.3,78.1,65.3,78.7,61.5,40.7,32.2,21.0,15.1,25.1,35.7,70.1,82.4,180.8,68.3,130.8,214.2
TURKEY,1908,-1.1,1.3,3.7,8.6,14.4,18.6,20.9,21.5,17.9,11.6,4.7,-0.1,8.9,20.3,11.4,-1.0,-5.1,-3.6,-1.1,2.6,8.2,11.9,13.2,13.7,10.4,5.5,0.3,-3.5,3.2,12.9,5.4,-4.8,2.8,6.2,8.6,14.6,20.6,25.3,28.6,29.4,25.4,17.7,9.2,3.3,14.6,27.8,17.4,2.8,12.4,11.4,12.5,11.5,10.9,8.6,3.9,4.2,4.9,6.8,10.4,12.4,35.0,16.7,22.1,36.6,71.1,60.7,73.1,55.5,49.5,49.6,14.7,12.3,22.1,36.5,78.3,82.5,178.0,76.6,136.9,221.6
TURKEY,1909,-2.6,-0.4,5.4,8.5,15.0,17.5,22.1,21.7,19.6,14.0,8.4,3.4,9.6,20.5,14.0,2.4,-6.4,-4.5,0.7,3.2,9.0,11.0,15.2,14.7,12.6,8.3,3.6,-0.3,4.3,13.6,8.1,-1.8,1.3,3.8,10.1,13.9,21.1,24.1,29.1,28.8,26.8,19.8,13.3,7.0,15.0,27.3,20.0,6.5,12.2,12.0,12.1,11.4,9.9,8.6,3.5,5.1,6.0,9.0,10.2,11.3,33.4,17.2,25.2,35.4,68.1,71.0,68.1,53.7,42.9,40.0,12.4,17.6,28.6,63.6,78.2,66.6,164.7,70.1,170.4,205.5
TURKEY,1910,1.0,2.8,4.0,9.8,14.0,18.1,21.6,21.3,17.5,12.2,7.8,1.4,9.3,20.3,12.5,-1.5,-3.2,-1.8,-1.0,3.8,8.0,11.7,13.9,13.5,9.9,6.2,3.0,-2.4,3.6,13.0,6.4,-5.7,5.2,7.4,9.0,15.8,20.1,24.6,29.4,29.1,25.1,18.2,12.6,5.2,15.0,27.7,18.6,2.7,12.8,11.2,11.6,11.6,12.8,7.7,6.6,4.5,4.8,7.7,9.2,11.4,36.0,18.8,21.8,36.0,79.4,59.6,62.3,56.8,75.1,38.4,25.7,15.4,21.9,46.4,59.2,71.0,194.2,79.5,127.5,223.3
TURKEY,1911,-2.6,-3.2,2.7,8.6,14.2,17.4,21.3,21.5,17.0,12.1,7.7,1.6,8.5,20.1,12.3,1.1,-7.1,-7.5,-2.0,3.0,7.4,10.1,13.8,13.8,9.4,5.4,2.5,-2.4,2.8,12.6,5.8,-3.1,1.8,1.2,7.4,14.1,21.0,24.8,28.8,29.2,24.7,18.8,12.8,5.6,14.2,27.6,18.8,5.3,13.0,11.7,11.9,12.1,12.1,7.0,4.2,4.7,5.3,7.2,9.0,12.8,36.1,15.9,21.5,37.3,84.4,68.0,63.9,63.8,61.3,33.8,16.4,15.3,24.2,39.8,57.6,99.5,189.1,65.5,121.6,245.4
TURKEY,1912,-0.7,2.2,5.8,8.6,12.5,18.4,20.2,20.7,18.3,11.7,7.0,2.1,9.0,19.8,12.3,0.2,-4.8,-2.2,0.3,2.2,5.7,11.3,12.8,13.4,10.3,5.7,1.9,-1.8,2.7,12.5,6.0,-4.3,3.5,6.7,11.3,15.0,19.5,25.5,27.6,28.1,26.3,17.7,12.1,6.1,15.2,27.1,18.7,4.7,12.6,11.8,11.4,12.0,11.9,6.9,5.0,4.5,4.4,8.7,9.6,12.7,35.3,16.4,22.7,37.7,79.3,66.6,59.0,64.9,60.0,33.8,22.2,14.7,18.8,59.6,64.9,89.2,183.9,70.6,143.3,244.8
TURKEY,1913,-0.7,-0.8,4.8,9.4,13.3,17.1,20.8,21.9,18.7,12.4,7.4,2.7,9.2,19.9,12.8,1.9,-5.3,-5.7,-1.1,3.6,7.0,10.5,12.9,13.8,11.1,6.0,2.4,-1.5,3.2,12.4,6.5,-2.2,4.0,4.1,10.8,15.2,19.7,23.8,28.7,30.1,26.4,18.9,12.5,6.8,15.2,27.5,19.3,6.1,12.9,12.1,11.2,11.4,12.2,6.4,4.7,4.3,5.3,8.3,9.4,12.8,34.8,15.4,22.9,35.4,81.7,73.8,56.2,56.8,62.8,28.7,17.8,12.3,26.7,52.9,61.5,92.3,175.8,58.9,141.1,223.9
TURKEY,1914,0.4,2.6,7.1,9.2,13.8,17.9,21.6,21.1,16.9,12.2,4.8,1.8,10.0,20.2,11.3,2.5,-3.5,-1.7,2.1,3.8,7.7,11.4,14.7,14.0,9.9,6.3,0.0,-1.8,4.5,13.3,5.4,-1.5,4.4,7.0,12.1,14.6,20.0,24.5,28.6,28.2,24.0,18.1,9.6,5.5,15.6,27.1,17.2,6.5,13.0,9.6,11.7,12.6,12.1,8.1,5.0,4.7,5.2,8.4,10.1,12.5,36.4,17.9,23.6,35.7,82.3,49.3,61.3,68.5,59.8,40.3,21.2,16.4,23.2,53.8,74.5,85.7,189.6,78.0,151.6,216.0
TURKEY,1915,3.4,2.1,5.3,9.4,13.1,18.1,21.6,20.8,17.0,12.8,7.6,4.2,9.3,20.2,12.5,2.1,-0.6,-2.2,0.4,4.1,7.1,11.6,14.7,13.7,10.0,6.9,2.6,0.4,3.9,13.3,6.5,-1.9,7.5,6.5,10.2,14.8,19.2,24.6,28.6,27.9,24.1,18.7,12.6,8.0,14.7,27.0,18.5,6.1,12.1,11.1,12.5,12.7,11.4,8.0,4.9,4.7,4.7,7.7,9.4,11.5,36.6,17.6,21.7,35.4,70.2,60.1,69.8,71.6,55.4,40.6,22.4,17.5,22.3,45.1,62.7,72.0,196.7,80.5,130.1,214.1
TURKEY,1916,0.4,1.8,6.2,10.0,14.7,18.9,21.8,20.9,16.8,12.8,7.7,3.3,10.3,20.5,12.4,1.4,-3.5,-2.4,1.4,4.5,8.8,12.2,14.8,13.9,9.8,6.8,2.9,-0.4,4.9,13.6,6.5,-2.6,4.4,6.0,11.0,15.5,20.7,25.6,28.9,28.0,23.8,18.8,12.6,7.1,15.8,27.5,18.4,5.5,12.4,11.5,11.2,12.1,11.6,6.4,4.3,4.5,5.5,6.8,8.6,12.8,34.9,15.2,20.8,37.6,77.2,64.9,55.8,65.9,58.9,29.4,15.9,13.4,27.3,37.5,51.4,91.6,180.5,58.7,116.3,243.2
TURKEY,1917,1.3,-0.3,5.2,11.0,12.7,17.9,21.5,21.9,18.2,13.1,8.8,1.3,9.7,20.4,13.4,1.0,-2.7,-4.7,-0.0,5.4,6.8,11.3,14.5,14.7,11.1,7.1,3.8,-2.5,4.0,13.5,7.3,-2.9,5.3,4.0,10.4,16.8,18.8,24.5,28.5,29.1,25.4,19.3,13.9,5.1,15.3,27.4,19.5,5.0,12.8,12.0,11.7,11.4,12.1,7.1,4.0,4.6,5.0,7.5,9.6,12.3,35.2,15.8,22.0,36.0,82.1,69.5,61.9,57.9,59.8,35.7,15.2,15.6,21.3,43.4,62.8,85.3,179.5,66.5,127.5,221.8
TURKEY,1918,0.7,1.1,4.3,9.1,13.4,17.4,21.2,21.2,19.6,15.7,7.3,2.4,8.9,19.9,14.2,2.1,-3.3,-3.1,-0.5,3.9,7.4,10.8,14.1,14.0,12.3,9.6,2.5,-1.2,3.6,13.0,8.1,-1.7,4.7,5.2,9.2,14.4,19.4,24.1,28.3,28.4,27.0,21.9,12.1,6.1,14.3,26.9,20.3,6.0,12.0,11.7,11.1,11.4,11.8,7.6,4.3,4.9,5.9,8.4,9.7,13.2,34.3,16.7,24.0,37.6,69.6,66.9,58.0,56.5,57.5,36.8,16.4,17.1,25.9,57.3,66.5,98.2,172.1,70.4,149.7,250.1
TURKEY,1919,1.8,2.1,5.3,10.5,12.4,16.8,20.9,20.5,18.9,15.0,7.9,2.4,9.4,19.4,14.0,0.3,-1.9,-2.1,0.6,5.2,6.6,10.3,14.1,13.4,11.8,9.0,3.0,-1.5,4.1,12.6,7.9,-3.8,5.5,6.2,10.1,15.9,18.3,23.3,27.8,27.6,26.1,21.1,13.0,6.4,14.8,26.3,20.0,4.3,12.2,12.3,11.9,11.8,12.4,7.6,4.5,4.6,4.6,8.1,9.7,12.9,36.0,16.7,22.4,37.4,77.5,74.3,64.0,60.1,66.8,40.5,18.8,14.7,21.2,51.7,65.7,91.9,190.9,73.9,138.6,237.5
TURKEY,1920,0.8,-2.4,5.2,10.8,14.8,18.5,21.8,22.5,17.7,10.4,3.6,-0.4,10.3,21.0,10.6,-0.4,-3.2,-6.6,0.5,5.4,8.8,11.9,14.9,15.3,10.7,4.5,-1.2,-4.3,4.9,14.0,4.7,-4.4,4.7,1.7,10.0,16.1,20.8,25.1,28.8,29.8,24.8,16.4,8.3,3.4,15.6,27.9,16.5,3.6,12.9,11.6,12.4,11.8,13.1,8.9,4.8,4.8,5.8,8.9,9.6,11.5,37.3,18.5,24.3,35.3,79.4,66.2,69.8,60.8,74.1,41.4,20.0,18.4,28.4,62.3,65.0,76.6,204.7,79.8,155.6,213.5
TURKEY,1921,0.7,-1.5,3.8,9.2,15.2,17.8,21.6,22.1,16.5,11.4,5.9,0.9,9.4,20.5,11.3,0.6,-3.3,-5.7,-1.1,4.1,9.0,11.2,14.8,14.9,9.3,5.2,1.1,-2.9,4.0,13.6,5.2,-3.3,4.7,2.6,8.6,14.4,21.4,24.5,28.5,29.3,23.7,17.7,10.6,4.7,14.8,27.4,17.4,4.5,12.3,11.5,11.3,13.0,11.0,9.4,4.5,4.5,4.6,7.2,10.1,13.1,35.3,18.3,21.9,38.2,72.3,64.7,58.9,73.7,52.6,52.8,21.6,15.0,24.2,44.4,74.9,94.5,185.2,89.4,143.5,249.1
TURKEY,1922,-0.1,1.0,6.4,9.8,14.7,18.3,22.4,21.8,17.6,13.1,7.4,2.1,10.3,20.8,12.7,1.4,-3.9,-3.1,1.4,4.3,8.6,11.7,15.5,14.7,10.5,7.0,2.5,-1.6,4.8,14.0,6.7,-2.5,3.8,5.0,11.4,15.3,20.9,24.9,29.3,28.9,24.7,19.3,12.3,5.7,15.9,27.7,18.8,5.2,13.3,11.8,10.8,11.7,11.1,7.6,5.0,5.3,4.8,7.9,10.2,11.9,33.5,17.8,22.9,36.6,86.5,68.0,53.2,60.1,52.5,38.6,27.1,21.3,23.6,52.2,75.9,79.0,165.9,87.0,151.7,229.2
TURKEY,1923,0.9,1.1,5.2,8.5,15.3,18.9,21.8,20.5,18.9,13.8,9.5,3.8,9.7,20.4,14.1,1.3,-2.9,-3.0,0.4,3.1,9.1,12.3,14.9,13.4,11.8,7.6,4.3,-0.1,4.2,13.5,7.9,-2.7,4.6,5.3,10.1,14.0,21.5,25.6,28.7,27.7,26.1,20.0,14.7,7.6,15.2,27.3,20.3,5.3,13.0,11.8,11.7,12.3,12.2,8.1,4.5,4.6,5.0,7.6,8.5,12.8,36.2,17.2,21.1,37.3,83.5,66.7,60.7,66.9,63.5,37.2,19.0,16.4,19.8,46.0,52.8,88.4,191.1,72.6,118.6,244.1
TURKEY,1924,-0.5,0.6,4.7,9.5,14.9,20.0,21.7,21.9,19.8,12.8,6.4,0.1,9.7,21.2,13.0,0.3,-4.5,-3.6,-0.0,4.0,8.8,13.3,14.5,14.7,12.6,6.8,1.6,-3.6,4.3,14.2,7.0,-3.8,3.5,4.8,9.5,15.0,21.1,26.8,28.8,29.2,27.0,18.8,11.3,3.8,15.2,28.3,19.0,4.3,12.6,11.9,11.5,11.3,11.3,8.4,4.6,4.7,4.9,8.6,10.0,11.9,34.1,17.8,23.5,33.6,87.4,68.3,58.7,59.7,54.1,38.9,17.3,17.2,20.7,58.7,70.7,80.7,172.6,73.4,150.1,203.9
TURKEY,1925,-1.7,2.3,6.8,9.0,14.6,17.3,21.4,21.9,18.7,12.8,8.4,3.1,10.1,20.2,13.3,1.8,-5.7,-2.2,1.9,3.7,8.4,10.6,14.3,14.7,11.4,6.6,3.3,-0.3,4.7,13.2,7.1,-1.8,2.3,6.9,11.7,14.4,20.8,24.0,28.4,29.2,26.0,19.0,13.7,6.6,15.7,27.2,19.6,5.4,12.0,9.6,11.6,11.8,11.1,8.8,4.3,4.3,4.5,8.4,9.6,12.9,34.5,17.3,22.5,37.6,72.7,50.5,61.1,59.9,52.7,41.0,16.5,13.6,19.7,52.4,65.6,87.4,173.6,71.1,137.7,238.3
TURKEY,1926,0.8,1.5,4.4,10.2,15.1,18.9,21.2,20.8,16.6,13.4,8.8,3.2,9.9,20.3,12.9,0.4,-2.6,-2.3,0.1,4.3,9.0,12.3,14.4,13.9,9.6,6.6,2.9,-0.2,4.5,13.6,6.4,-3.3,4.2,5.3,8.6,16.1,21.2,25.4,28.1,27.7,23.5,20.1,14.8,6.7,15.3,27.1,19.5,4.1,13.2,11.6,13.4,10.5,11.0,6.8,5.0,3.4,3.9,6.3,5.3,13.2,34.8,15.2,15.6,36.9,87.1,63.8,80.2,52.9,53.2,28.2,22.7,11.4,16.6,32.8,31.2,95.6,186.3,62.4,80.6,227.9
TURKEY,1927,-0.0,-2.0,5.8,9.6,14.9,19.8,22.0,22.6,19.6,15.1,8.1,0.5,10.1,21.5,14.2,-0.7,-3.8,-5.9,1.2,4.1,8.9,13.2,15.4,15.3,12.7,9.1,2.7,-3.5,4.7,14.6,8.2,-4.8,3.8,1.8,10.5,15.2,21.0,26.4,28.7,29.9,26.5,21.1,13.5,4.4,15.6,28.3,20.3,3.4,11.6,12.1,9.8,12.9,10.1,6.5,5.3,4.1,3.7,6.4,8.6,13.9,32.8,16.0,18.7,37.0,64.7,67.6,43.0,71.0,43.1,26.8,26.3,12.5,16.2,39.3,53.1,100.0,157.1,65.5,108.6,244.9
TURKEY,1928,-1.1,-1.6,1.5,11.3,14.6,18.1,22.2,21.2,18.6,11.9,8.8,2.4,9.1,20.5,13.1,-0.5,-5.2,-5.8,-3.2,4.9,7.9,11.0,15.0,13.6,11.5,5.9,3.7,-1.3,3.2,13.2,7.0,-4.4,3.1,2.7,6.2,17.6,21.3,25.2,29.6,28.8,25.8,18.0,13.9,6.2,15.0,27.9,19.2,3.4,10.6,12.5,10.5,10.0,10.0,5.7,3.4,3.6,3.5,7.0,11.2,13.0,30.5,12.7,21.6,38.1,64.0,80.9,52.7,47.6,41.0,25.6,13.3,10.9,16.9,37.9,90.7,89.2,141.3,49.8,145.6,249.7
TURKEY,1929,-1.6,-2.2,0.8,8.7,16.2,18.0,21.1,23.7,17.1,13.4,8.9,2.5,8.6,20.9,13.1,1.5,-5.4,-6.4,-3.6,3.2,9.9,11.6,14.2,16.4,10.7,7.6,3.8,-1.4,3.2,14.1,7.4,-2.5,2.1,2.0,5.2,14.2,22.5,24.5,28.0,30.9,23.6,19.3,14.0,6.3,14.0,27.8,18.9,5.5,12.4,12.7,11.6,11.4,12.5,7.4,2.7,5.4,8.3,7.4,7.3,11.2,35.5,15.4,23.1,32.4,77.4,83.1,60.9,57.4,67.2,36.1,9.5,17.9,52.7,44.2,35.0,76.6,185.5,63.5,131.9,190.5
TURKEY,1930,0.8,1.2,6.3,10.6,14.2,17.6,22.0,22.6,18.3,13.0,8.0,3.6,10.4,20.7,13.1,1.9,-3.1,-3.1,0.8,5.2,8.4,11.3,14.9,15.5,11.2,6.7,3.4,-0.1,4.8,13.9,7.1,-2.1,4.8,5.5,11.9,16.1,20.2,23.9,29.2,29.8,25.4,19.3,12.7,7.2,16.1,27.6,19.2,5.8,9.8,11.4,10.7,11.3,12.5,9.4,5.9,5.9,6.5,8.5,8.6,13.2,34.4,21.2,23.7,37.9,51.7,62.2,46.6,54.6,65.3,54.9,20.9,13.7,36.2,52.0,50.3,95.0,166.5,89.5,138.5,253.9
TURKEY,1931,0.6,1.4,5.4,8.6,14.3,18.6,22.5,22.4,18.8,12.9,5.0,-0.1,9.4,21.1,12.3,-1.1,-3.5,-2.8,0.1,3.2,8.0,12.2,15.5,14.9,11.1,5.4,-0.2,-4.3,3.8,14.2,5.4,-5.4,4.7,5.6,10.7,14.0,20.6,24.9,29.6,29.9,26.7,20.5,10.3,4.0,15.1,28.1,19.1,3.3,13.5,11.2,13.4,15.1,12.2,9.7,4.4,4.7,5.3,5.8,9.0,13.2,40.7,18.9,20.1,36.8,92.4,66.6,79.2,95.3,61.8,55.4,20.4,16.5,23.3,26.2,54.4,96.5,236.2,92.2,103.8,226.7
TURKEY,1932,-1.7,-1.4,4.1,9.7,14.1,18.9,21.4,21.9,18.5,16.0,6.6,0.9,9.3,20.7,13.7,-0.2,-5.8,-6.1,-1.2,3.6,7.5,11.6,13.9,14.5,10.7,8.2,1.8,-4.1,3.3,13.3,6.9,-4.9,2.4,3.4,9.3,15.9,20.7,26.3,28.9,29.4,26.4,23.9,11.3,6.0,15.3,28.2,20.5,4.5,11.5,12.1,11.8,11.2,10.1,5.1,2.4,3.3,4.0,4.1,10.8,5.5,33.1,10.8,19.0,29.6,61.0,69.2,61.4,50.3,40.2,21.4,11.4,11.5,16.2,12.9,83.6,19.3,151.9,44.3,112.6,159.1
TURKEY,1933,-2.4,0.9,2.8,7.1,13.3,16.6,20.5,21.3,16.7,12.5,9.2,0.1,7.8,19.5,12.8,-0.8,-7.0,-3.7,-2.1,1.6,7.0,9.9,13.6,13.8,9.6,5.5,3.5,-3.9,2.2,12.5,6.2,-5.0,2.2,5.4,7.8,12.8,19.7,23.3,27.4,28.8,23.7,19.5,14.9,4.2,13.4,26.5,19.4,3.5,11.8,12.3,11.6,12.1,11.8,8.7,6.2,3.2,5.8,6.1,9.4,13.9,35.5,18.2,21.4,36.9,62.6,77.2,60.6,59.4,58.8,49.5,29.6,10.4,26.9,30.6,64.1,108.0,178.9,89.6,121.6,230.8
TURKEY,1934,-1.5,-0.9,6.1,10.4,14.8,18.2,21.6,21.5,17.8,13.3,8.2,1.8,10.4,20.5,13.1,0.7,-5.7,-5.3,0.2,4.1,8.8,11.2,14.2,13.6,10.3,6.7,2.7,-2.2,4.4,13.0,6.6,-3.4,2.7,3.5,12.0,16.7,20.9,25.3,29.1,29.4,25.3,19.9,13.6,5.9,16.5,27.9,19.6,4.8,11.0,12.0,8.9,9.7,12.8,7.9,5.9,3.4,4.8,8.0,7.5,11.6,31.3,17.2,20.2,40.1,53.9,68.9,32.2,41.5,71.1,37.9,22.1,11.9,21.6,46.3,40.1,72.8,144.8,71.9,108.0,266.2
TURKEY,1935,-1.4,1.5,3.8,9.8,15.5,19.4,21.4,22.4,19.1,14.3,5.9,4.4,9.7,21.0,13.1,3.1,-5.4,-2.7,-1.3,4.0,8.3,11.8,13.8,14.7,11.4,7.7,1.8,0.3,3.7,13.4,7.0,-1.3,2.7,5.8,9.0,15.6,22.8,26.9,29.0,30.0,26.7,20.8,10.1,8.5,15.8,28.6,19.2,7.4,14.7,13.8,12.8,12.6,6.7,4.2,3.7,4.7,6.1,9.2,11.4,12.3,32.1,12.6,26.8,36.8,102.9,90.5,70.8,64.0,18.8,16.3,15.1,16.8,31.6,57.7,92.3,78.3,153.6,48.2,181.6,234.0
TURKEY,1936,2.4,2.4,5.9,10.7,13.4,17.3,22.4,22.3,16.6,13.3,7.8,0.5,10.0,20.7,12.6,-0.1,-2.3,-1.9,0.5,4.9,7.9,10.9,15.6,15.2,9.4,7.1,2.6,-3.8,4.5,13.9,6.4,-4.5,7.1,6.7,11.3,16.5,19.0,23.8,29.2,29.5,23.8,19.6,13.0,4.7,15.6,27.5,18.8,4.3,9.4,15.1,11.1,12.5,16.3,9.7,6.4,5.8,5.0,9.3,9.7,12.3,39.9,22.0,24.0,34.5,43.5,112.2,52.5,65.1,101.2,55.3,33.7,18.7,24.1,62.4,62.2,80.0,218.8,107.7,148.8,201.2
TURKEY,1937,-2.8,2.0,7.4,10.6,14.5,17.8,22.8,22.3,20.4,13.8,8.8,4.2,10.8,21.0,14.3,1.5,-6.9,-2.8,1.0,4.9,8.6,10.7,15.3,15.0,12.6,7.9,4.1,-0.4,4.8,13.7,8.2,-2.7,1.3,6.8,13.8,16.4,20.5,24.9,30.3,29.6,28.2,19.7,13.6,8.8,16.9,28.3,20.5,5.7,12.9,9.3,7.7,12.8,12.3,6.4,2.8,5.3,2.7,9.6,11.9,11.5,32.8,14.5,24.1,38.2,76.0,45.1,23.6,69.9,57.1,26.0,10.8,22.2,10.8,67.1,100.3,71.1,150.6,59.0,178.2,248.2
TURKEY,1938,0.1,0.2,2.8,9.4,14.1,18.6,23.1,23.0,18.3,13.5,6.9,3.4,8.8,21.6,12.9,2.2,-3.7,-3.9,-2.8,4.3,7.8,11.4,15.9,15.5,11.9,6.3,1.9,-0.1,3.1,14.3,6.7,-2.0,4.0,4.4,8.4,14.5,20.5,25.8,30.3,30.5,24.7,20.8,12.1,7.0,14.4,28.9,19.2,6.5,14.4,12.4,10.5,13.5,11.2,3.7,5.9,7.2,8.3,5.7,10.1,13.4,35.2,16.8,24.0,35.4,100.4,76.7,48.9,79.3,54.7,11.9,28.2,17.1,48.0,27.5,69.0,90.9,182.9,57.2,144.6,203.2
TURKEY,1939,2.0,1.2,4.0,10.2,15.8,18.3,22.1,21.4,18.1,14.4,6.6,3.3,10.0,20.6,13.0,1.4,-2.5,-3.6,-0.7,3.9,8.9,11.7,15.2,14.6,11.0,8.0,2.1,-0.6,4.0,13.8,7.0,-2.5,6.5,6.0,8.7,16.4,22.8,24.9,29.0,28.3,25.3,20.9,11.1,7.3,16.0,27.4,19.1,5.4,11.1,11.0,15.0,9.7,8.6,9.4,4.8,9.4,6.3,6.4,11.0,14.7,33.3,23.6,23.7,44.2,60.6,51.7,106.0,43.3,34.9,54.0,22.8,35.5,39.2,35.3,85.8,117.4,184.2,112.3,160.3,308.1
TURKEY,1940,-1.3,2.2,3.7,10.3,13.1,18.2,22.1,21.8,17.9,13.6,8.6,3.0,9.0,20.7,13.4,2.7,-5.1,-1.7,-1.7,4.7,7.6,11.7,15.1,14.7,10.4,7.6,3.4,-0.4,3.5,13.8,7.1,-1.4,2.6,6.2,9.1,15.9,18.7,24.8,29.3,28.9,25.5,19.6,13.9,6.5,14.6,27.7,19.7,6.8,15.0,14.5,11.2,13.0,13.5,9.0,4.0,4.9,3.9,9.9,8.9,16.7,37.7,18.0,22.7,44.2,106.9,83.7,56.9,74.2,75.6,52.7,20.1,19.0,15.2,65.6,51.6,149.6,206.7,91.8,132.4,318.5
TURKEY,1941,0.9,4.1,4.7,11.1,15.5,19.1,22.0,21.4,17.0,11.0,5.4,-1.4,10.4,20.9,11.1,-0.8,-3.3,-0.6,-0.0,5.2,8.5,12.0,15.1,14.0,10.2,4.5,1.2,-6.1,4.5,13.7,5.3,-5.0,5.1,8.8,9.4,17.1,22.5,26.3,29.0,28.8,23.9,17.5,9.6,3.2,16.3,28.0,17.0,3.5,14.9,12.6,13.5,11.4,6.8,5.7,5.6,5.7,5.2,8.6,9.8,12.6,31.7,17.0,23.7,40.6,97.9,71.0,75.4,56.6,27.7,26.5,21.9,17.9,24.2,58.9,67.7,80.8,159.7,66.3,150.9,270.8
TURKEY,1942,-2.6,1.7,3.1,8.9,14.9,19.8,21.6,21.7,18.0,12.9,7.1,1.2,9.0,21.0,12.7,-0.1,-6.7,-2.3,-1.5,3.2,8.5,12.3,14.5,14.7,11.1,7.8,3.0,-3.1,3.4,13.8,7.3,-4.2,1.4,5.8,7.7,14.5,21.3,27.3,28.7,28.7,24.9,18.1,11.3,5.4,14.5,28.2,18.1,3.9,16.5,11.5,12.8,9.9,9.8,5.3,3.5,7.0,5.2,10.6,13.9,8.7,32.5,15.8,29.6,36.0,128.6,61.4,73.4,43.9,38.3,17.1,11.7,25.1,27.8,77.5,121.6,39.4,155.6,53.9,226.9,203.9
TURKEY,1943,-0.7,-0.9,1.4,8.4,13.7,17.3,20.9,22.3,18.6,14.8,9.5,3.2,7.9,20.2,14.3,1.5,-4.3,-5.3,-3.0,2.8,7.7,10.6,13.5,14.7,11.2,9.3,4.5,-1.1,2.5,12.9,8.3,-2.6,3.0,3.5,5.8,14.1,19.7,24.1,28.4,29.9,26.0,20.3,14.5,7.5,13.2,27.4,20.3,5.7,16.5,10.8,10.2,12.0,12.3,7.1,3.6,4.2,4.1,10.1,8.6,12.7,34.5,14.9,22.8,40.1,119.3,45.2,40.9,55.7,68.2,30.5,13.3,10.6,18.6,67.0,50.0,81.2,164.8,54.4,135.6,273.1
TURKEY,1944,-0.8,2.3,5.7,9.9,13.2,18.8,21.5,20.6,18.2,14.0,7.9,2.2,9.6,20.3,13.4,0.3,-4.8,-2.0,0.8,3.9,7.2,11.7,14.3,13.4,10.8,7.9,3.2,-1.6,4.0,13.1,7.3,-3.5,3.1,6.6,10.5,15.9,19.2,25.9,28.6,27.9,25.6,20.2,12.6,6.0,15.2,27.5,19.5,4.2,13.9,13.5,13.8,11.8,12.7,6.2,5.1,7.4,4.4,9.1,10.6,12.1,38.3,18.7,24.2,38.3,91.7,100.3,87.2,58.8,67.3,25.9,17.6,20.2,16.4,57.4,75.0,67.8,213.3,63.7,148.7,240.4
TURKEY,1945,0.2,-1.3,2.4,8.1,15.5,17.9,21.9,22.4,18.6,12.0,6.9,1.4,8.7,20.7,12.5,0.7,-3.7,-5.3,-2.7,2.3,8.4,11.1,14.5,14.6,11.1,5.6,1.9,-2.6,2.7,13.4,6.2,-3.6,4.0,2.7,7.4,14.0,22.7,24.7,29.3,30.3,26.1,18.4,11.9,5.4,14.7,28.1,18.8,4.9,15.0,11.3,10.7,10.2,6.2,7.2,3.8,4.8,3.8,7.8,9.6,13.3,27.0,15.7,21.1,37.0,117.7,54.9,50.8,44.3,18.5,35.7,13.6,12.4,12.8,46.6,62.5,95.2,113.6,61.6,121.9,242.6
TURKEY,1946,-0.7,1.3,4.3,9.7,14.3,18.8,21.6,22.6,19.7,11.0,8.8,2.2,9.4,21.0,13.2,1.1,-5.2,-3.0,0.1,3.8,8.8,12.4,14.5,15.3,12.3,5.1,3.1,-1.5,4.2,14.0,6.8,-2.8,3.7,5.6,8.5,15.6,19.9,25.3,28.8,29.9,27.1,16.9,14.6,6.0,14.7,28.0,19.5,5.0,10.0,13.6,14.7,11.0,15.4,7.5,5.2,5.6,4.1,10.7,6.4,13.2,41.0,18.3,21.3,40.8,47.8,99.6,89.1,58.2,90.7,39.4,21.8,14.2,13.4,80.7,37.3,102.3,238.1,75.4,131.4,281.6
TURKEY,1947,-1.2,2.2,8.1,11.2,15.1,19.1,22.5,21.6,17.5,11.8,8.2,4.5,11.5,21.1,12.5,3.2,-4.6,-2.4,2.0,4.3,8.6,12.1,15.5,14.4,10.6,5.6,4.0,0.3,5.0,14.0,6.7,-1.0,2.2,6.7,14.2,18.1,21.7,26.3,29.5,28.8,24.5,18.1,12.4,8.8,18.0,28.2,18.3,7.4,16.4,11.3,9.4,6.5,9.4,6.5,6.6,4.5,5.5,7.7,11.9,12.5,25.4,17.6,25.2,38.5,117.9,61.5,43.1,24.8,34.9,28.1,25.9,18.2,23.8,45.6,96.1,93.4,102.7,72.2,165.6,267.9
TURKEY,1948,3.5,1.4,1.7,8.6,14.4,18.4,21.7,22.2,17.5,12.2,5.2,-1.4,8.2,20.8,11.7,-1.8,-1.0,-2.5,-3.0,3.1,8.7,11.8,14.1,14.7,10.6,5.5,-1.0,-5.3,3.0,13.5,5.0,-6.0,8.0,5.3,6.3,14.2,20.2,25.0,29.3,29.8,24.5,19.0,11.4,2.5,13.5,28.0,18.3,2.5,12.1,13.8,11.7,13.1,12.5,8.6,1.4,3.2,4.5,6.2,8.1,11.2,37.3,13.1,18.7,35.7,73.1,101.4,64.6,70.3,64.5,52.1,5.2,11.6,19.3,34.0,47.5,60.5,199.4,68.9,100.8,196.0
TURKEY,1949,-1.7,-2.1,2.8,7.1,15.4,18.7,21.3,20.8,16.3,12.3,9.2,3.0,8.4,20.3,12.6,-0.8,-6.2,-6.4,-1.6,2.0,8.7,11.6,14.3,13.6,10.1,5.4,3.0,-0.9,3.0,13.2,6.2,-5.3,2.8,2.1,7.2,12.2,22.2,25.9,28.3,28.1,22.6,19.2,15.4,6.9,13.9,27.5,19.1,3.7,12.6,11.9,13.7,13.0,7.5,5.2,5.2,3.5,5.8,4.8,6.4,13.7,34.3,13.9,17.0,38.3,70.2,65.4,85.1,69.5,30.0,26.0,20.4,13.5,31.5,18.5,31.0,95.6,184.6,59.9,81.0,238.5
TURKEY,1950,-4.3,-1.1,4.4,12.6,14.7,17.9,21.6,21.2,19.4,12.0,7.6,4.2,10.5,20.2,13.0,2.4,-8.9,-6.1,-0.2,6.3,9.2,11.2,14.2,13.5,11.6,5.8,2.2,-0.4,5.1,12.9,6.5,-2.0,0.2,4.0,9.0,18.9,20.1,24.7,29.1,28.9,27.2,18.1,12.9,8.8,16.0,27.6,19.4,6.9,14.1,10.5,13.2,10.1,14.9,7.1,4.0,3.6,3.4,8.6,9.0,9.8,38.3,14.7,21.0,33.5,92.5,50.5,76.0,48.7,98.9,28.4,12.4,10.1,12.4,59.1,52.6,55.2,223.6,50.9,124.1,188.9
TURKEY,1951,1.1,2.0,7.1,11.1,14.9,18.2,21.6,22.5,18.4,9.9,7.5,0.2,11.0,20.8,12.0,1.0,-3.0,-2.5,1.9,5.3,8.7,11.8,14.5,15.3,11.5,4.9,2.9,-3.7,5.3,13.9,6.4,-3.0,5.2,6.6,12.4,17.0,21.2,24.7,28.8,29.7,25.5,15.0,12.2,4.0,16.8,27.7,17.5,5.1,12.8,10.9,13.1,12.3,11.8,8.8,6.7,6.7,6.0,11.4,9.8,11.8,37.2,22.2,27.2,38.3,81.9,51.9,72.5,63.5,57.8,48.4,28.3,21.9,26.7,91.5,64.9,72.8,193.7,98.6,183.1,241.9
TURKEY,1952,0.8,2.2,3.8,10.3,13.5,17.3,21.5,22.8,20.6,14.9,8.0,4.8,9.2,20.6,14.5,2.9,-3.2,-2.1,-1.2,4.3,7.7,10.9,14.6,15.4,13.0,8.2,3.2,0.9,3.6,13.6,8.1,-1.1,4.7,6.5,8.8,16.2,19.4,23.9,28.5,30.2,28.3,21.7,12.8,8.8,14.8,27.5,20.9,6.9,12.5,13.9,12.7,9.1,12.7,8.7,4.4,3.8,3.8,6.2,10.9,11.4,34.5,16.9,20.8,41.2,71.2,97.9,71.0,33.5,65.1,40.6,14.7,8.9,14.9,35.6,87.3,79.7,169.6,64.2,137.7,293.7
TURKEY,1953,1.9,2.0,1.0,9.7,13.7,18.5,22.1,22.2,17.7,13.0,3.8,-1.9,8.1,21.0,11.5,-1.8,-1.9,-2.2,-3.5,4.3,7.7,12.2,15.0,15.4,10.4,7.3,-0.4,-5.8,2.8,14.2,5.8,-5.6,5.7,6.3,5.5,15.2,19.8,25.0,29.2,29.1,25.0,18.8,8.1,1.9,13.5,27.8,17.3,2.0,15.1,14.7,12.6,11.0,12.4,8.1,2.7,3.1,4.6,7.7,10.0,9.6,36.0,13.8,22.3,38.4,110.9,103.0,78.2,53.5,62.8,46.6,10.3,8.5,22.0,48.8,71.7,51.4,194.5,65.3,142.5,240.1
TURKEY,1954,-2.7,-0.8,4.8,7.9,14.4,19.8,23.1,23.1,19.0,13.9,8.4,3.6,9.1,22.0,13.8,3.9,-6.5,-4.5,0.5,3.1,8.4,13.2,15.9,15.8,12.0,7.5,3.5,0.0,4.0,15.0,7.7,-0.3,1.1,2.9,9.2,12.8,20.6,26.4,30.4,30.5,26.1,20.4,13.3,7.2,14.2,29.1,19.9,8.1,15.7,13.1,11.8,12.9,10.8,7.3,3.9,5.8,4.4,5.2,9.4,14.2,35.5,17.0,18.9,35.0,110.9,77.8,63.0,70.2,49.5,31.6,14.7,16.4,15.7,31.5,60.6,105.0,182.7,62.6,107.8,206.5
TURKEY,1955,2.6,5.4,5.7,9.2,15.1,19.7,22.0,21.3,18.6,15.3,7.5,3.0,10.0,21.0,13.8,1.7,-1.3,0.4,0.8,4.2,8.6,12.6,15.2,14.7,12.0,9.1,2.9,-1.0,4.5,14.2,8.0,-2.3,6.6,10.5,10.6,14.2,21.6,26.8,28.9,27.9,25.3,21.5,12.2,7.0,15.5,27.9,19.7,5.6,10.3,10.5,11.5,12.4,9.5,4.2,5.7,6.5,5.7,6.2,11.2,12.0,33.4,16.3,23.1,40.4,52.5,49.0,55.3,67.4,39.2,12.7,27.4,20.2,25.1,42.1,104.0,78.9,162.0,60.3,171.2,265.2
TURKEY,1956,1.3,0.7,1.8,10.2,13.0,18.5,21.5,22.9,16.8,11.7,5.8,-0.3,8.3,21.0,11.4,-0.1,-2.7,-3.2,-2.4,4.0,7.3,11.9,14.3,15.2,9.8,4.7,0.9,-4.2,3.0,13.8,5.1,-4.2,5.3,4.6,6.0,16.4,18.7,25.1,28.8,30.5,23.8,18.7,10.8,3.6,13.7,28.1,17.8,3.9,12.1,16.3,12.7,8.1,11.6,5.3,2.7,5.2,4.2,5.1,8.5,11.9,32.5,13.3,17.7,33.1,67.1,119.1,65.1,29.8,54.5,22.9,9.6,10.1,17.6,24.1,53.5,75.6,149.5,42.6,95.2,171.4
TURKEY,1957,-2.3,2.2,4.7,10.3,13.5,19.0,22.2,23.2,19.7,14.0,7.2,2.5,9.5,21.5,13.6,2.4,-6.1,-2.3,-0.2,4.6,8.0,12.3,14.7,15.7,12.8,8.1,2.7,-1.5,4.2,14.2,7.9,-1.9,1.5,6.7,9.6,16.0,19.1,25.8,29.7,30.7,26.7,19.9,11.7,6.5,14.9,28.7,19.4,6.7,10.4,10.9,11.6,10.7,15.4,8.5,4.9,3.0,5.9,6.3,9.2,11.2,37.6,16.4,21.4,33.8,48.2,47.6,58.7,46.7,94.9,40.4,14.0,7.9,33.0,27.8,58.1,74.0,200.3,62.3,118.9,211.4
TURKEY,1958,1.4,3.3,5.6,9.9,15.7,18.1,21.2,22.1,17.1,12.4,7.0,3.2,10.4,20.5,12.2,0.6,-2.3,-1.9,1.1,4.7,9.2,11.5,14.3,14.9,10.6,6.2,1.9,-0.6,5.0,13.5,6.2,-3.4,5.1,8.5,10.2,15.3,22.2,24.7,28.1,29.5,23.6,18.6,12.2,7.1,15.9,27.4,18.1,4.7,14.3,8.3,15.1,11.9,9.7,9.3,4.0,2.4,5.8,6.1,6.5,12.1,36.7,15.8,18.4,36.1,103.0,34.4,95.1,58.3,40.2,53.0,17.8,8.7,31.7,36.4,33.5,76.4,193.6,79.5,101.6,236.8
TURKEY,1959,1.7,-3.1,3.6,10.5,14.3,17.9,21.8,21.3,15.8,10.4,6.8,3.8,9.5,20.4,11.0,2.4,-2.4,-7.3,-1.0,5.0,8.6,11.6,15.0,14.4,9.2,4.3,2.5,-0.2,4.2,13.7,5.3,-1.8,5.8,1.0,8.3,16.1,20.0,24.3,28.7,28.3,22.4,16.6,11.1,7.7,14.8,27.1,16.7,6.6,15.1,9.0,9.6,10.0,12.3,9.0,6.2,5.0,5.1,7.9,9.5,10.3,32.0,20.2,22.5,36.4,113.9,46.4,40.1,39.3,64.9,47.2,27.0,20.2,25.5,46.5,56.2,65.8,144.3,94.4,128.2,220.5
TURKEY,1960,1.9,1.6,4.2,9.4,15.4,18.1,21.7,21.0,18.1,14.9,9.3,5.3,9.7,20.3,14.1,2.1,-2.2,-3.0,-0.1,4.7,9.5,11.4,14.8,14.2,11.4,8.1,4.2,0.8,4.7,13.5,7.9,-2.2,6.0,6.1,8.6,14.2,21.4,24.8,28.6,27.9,24.9,21.8,14.5,9.9,14.7,27.1,20.4,6.3,14.1,12.1,12.9,14.2,10.6,8.7,5.1,3.9,3.9,5.1,9.2,10.8,37.8,17.8,18.1,35.5,93.5,61.2,73.9,81.1,48.9,50.5,17.3,16.1,14.7,21.2,60.2,79.4,203.9,83.9,96.1,236.9
TURKEY,1961,0.1,0.8,4.0,11.1,15.3,19.0,21.8,22.2,16.3,12.7,8.1,3.7,10.1,21.0,12.4,2.0,-4.1,-3.1,-1.5,5.0,8.9,12.6,14.8,15.0,9.3,6.4,2.8,-0.0,4.1,14.1,6.2,-2.0,4.3,4.7,9.5,17.3,21.8,25.6,28.9,29.6,23.3,19.0,13.4,7.4,16.2,28.0,18.6,6.1,12.7,12.0,11.2,9.7,10.6,8.5,3.3,3.4,4.9,6.5,8.5,13.3,31.4,15.2,19.9,38.6,78.2,79.2,52.5,39.8,49.0,49.2,14.0,7.3,26.1,31.4,52.7,100.0,141.3,70.5,110.2,246.6
TURKEY,1962,1.1,1.3,7.0,9.8,15.5,19.2,22.7,23.2,18.8,13.5,10.3,4.0,10.8,21.7,14.2,3.2,-3.3,-2.7,1.6,4.3,8.9,12.2,15.4,15.7,11.1,7.6,4.8,0.5,4.9,14.4,7.8,-0.4,5.4,5.4,12.5,15.3,22.2,26.3,30.1,30.8,26.5,19.4,15.9,7.6,16.7,29.1,20.6,6.9,10.6,14.8,11.7,11.7,9.5,4.6,3.7,3.8,5.0,8.8,7.4,16.6,33.0,12.1,21.2,47.1,49.4,97.2,56.2,57.2,40.7,17.3,16.5,8.4,26.5,53.5,38.0,153.9,154.1,42.2,118.0,365.3
TURKEY,1963,1.9,3.8,3.0,9.3,13.2,18.2,21.9,22.5,18.9,13.5,8.1,2.2,8.5,20.9,13.5,-0.6,-1.6,-0.2,-1.9,4.2,8.1,11.7,15.3,15.1,12.0,7.7,2.3,-1.7,3.5,14.0,7.3,-5.1,5.4,7.7,8.0,14.3,18.3,24.8,28.5,29.9,25.8,19.3,13.9,6.2,13.6,27.8,19.7,3.8,16.5,14.0,12.6,14.6,16.1,8.1,7.0,2.2,6.5,9.1,7.4,11.4,43.4,17.2,22.9,32.1,123.2,88.2,72.3,89.7,101.1,42.5,31.0,12.0,29.4,58.0,36.2,73.2,263.2,85.5,123.6,183.6
TURKEY,1964,-4.2,-0.0,5.3,9.1,13.2,18.7,21.5,20.5,17.3,13.3,7.3,2.9,9.2,20.2,12.7,1.0,-9.6,-3.9,0.8,3.3,7.1,12.5,14.4,13.2,10.2,5.5,2.0,-1.1,3.7,13.4,5.9,-3.1,1.3,3.9,9.8,15.0,19.3,24.9,28.6,27.8,24.5,21.1,12.7,7.0,14.7,27.1,19.4,5.1,7.3,13.5,14.1,8.2,11.8,8.8,3.3,4.1,5.2,3.1,10.6,12.8,34.2,16.3,18.9,38.7,27.9,82.5,89.0,29.7,54.6,51.7,11.0,13.6,33.5,10.1,74.8,84.4,173.3,76.3,118.4,253.2
TURKEY,1965,0.2,-0.1,5.4,8.5,13.7,19.2,21.7,21.7,18.6,10.1,6.9,3.8,9.2,20.9,11.9,3.9,-3.8,-4.4,0.6,3.6,7.6,12.4,14.6,14.4,10.9,4.4,1.6,-0.0,3.9,13.8,5.6,-0.1,4.1,4.3,10.2,13.5,19.9,26.1,28.9,29.1,26.4,15.9,12.4,7.6,14.5,28.0,18.2,7.9,11.0,15.0,12.2,13.6,10.7,7.1,4.1,4.0,2.8,8.3,10.0,13.2,36.5,15.1,21.0,37.2,54.5,114.3,66.2,84.4,53.9,28.2,19.6,11.7,8.5,60.9,70.0,101.5,204.5,59.5,139.4,272.3
TURKEY,1966,3.0,4.8,5.7,11.1,14.1,18.5,22.4,22.9,17.7,14.8,10.5,3.6,10.3,21.2,14.3,0.4,-0.3,0.0,0.7,5.7,7.8,11.5,15.2,15.8,11.0,8.1,5.3,0.1,4.7,14.2,8.1,-3.7,6.3,9.7,10.7,16.6,20.4,25.5,29.6,30.0,24.5,21.6,15.8,7.2,15.9,28.4,20.6,4.4,16.4,7.6,12.9,12.0,10.5,6.2,4.8,6.0,7.1,4.9,8.4,15.5,35.4,17.0,20.4,40.1,141.7,29.0,75.8,61.4,50.0,22.1,17.5,20.8,30.9,17.0,49.2,127.6,187.2,60.5,97.1,276.1
TURKEY,1967,-0.5,-2.0,3.3,8.9,14.1,17.0,20.9,21.7,17.6,13.1,6.6,2.8,8.8,19.9,12.4,0.8,-4.6,-6.6,-1.3,3.6,8.7,10.6,14.4,14.8,10.7,7.2,2.2,-1.1,3.6,13.3,6.7,-3.4,3.6,2.5,8.1,14.3,19.6,23.5,27.4,28.5,24.5,19.1,10.9,6.7,14.0,26.5,18.2,5.0,13.5,11.2,12.6,13.0,12.8,7.3,6.0,4.8,5.9,8.4,11.2,13.5,38.4,18.1,25.4,41.9,89.3,59.2,73.7,78.8,72.7,34.2,18.8,14.1,27.3,53.5,83.6,97.2,225.2,67.2,164.4,293.4
TURKEY,1968,-1.2,0.8,4.1,11.6,16.6,17.9,21.9,20.4,17.8,12.6,8.1,3.0,10.8,20.0,12.8,1.2,-5.4,-3.7,-0.8,5.5,10.5,11.6,14.7,13.4,11.3,7.1,3.7,-0.2,5.1,13.2,7.4,-2.5,3.0,5.4,9.1,17.8,22.7,24.2,29.1,27.5,24.4,18.2,12.5,6.3,16.5,26.9,18.4,4.8,17.1,11.3,12.9,9.7,11.1,8.3,2.7,8.7,7.7,9.3,11.2,14.4,33.6,19.6,28.2,44.3,143.3,52.8,78.7,40.6,56.0,40.3,7.2,31.8,49.9,50.7,84.1,117.7,175.2,79.3,184.7,310.5
TURKEY,1969,-0.6,1.0,5.2,7.9,15.3,19.5,20.2,21.9,18.5,12.2,7.2,4.1,9.5,20.5,12.6,3.4,-3.9,-3.5,1.2,3.0,9.1,12.6,13.5,14.4,11.4,6.5,1.1,0.5,4.4,13.5,6.4,-0.5,2.7,5.5,9.1,12.9,21.5,26.4,26.9,29.5,25.5,17.8,13.3,7.7,14.5,27.6,18.9,7.4,15.9,13.9,13.9,13.3,11.7,7.4,4.5,2.6,4.8,6.8,8.3,15.1,38.9,14.4,19.9,40.1,113.6,79.2,82.6,78.6,53.0,37.2,12.1,6.3,16.3,40.4,41.3,119.7,214.2,55.5,98.0,276.1
TURKEY,1970,2.4,3.8,6.6,12.2,14.2,18.7,22.2,21.3,17.6,11.4,8.2,1.1,11.0,20.7,12.4,1.6,-1.3,-0.6,1.7,5.6,7.9,11.8,15.3,14.4,10.6,5.6,3.3,-2.6,5.1,13.8,6.5,-2.7,6.1,8.3,11.6,18.8,20.5,25.6,29.1,28.3,24.6,17.3,13.1,4.8,17.0,27.7,18.3,5.8,11.8,13.2,11.4,7.8,10.5,6.1,6.7,4.3,4.4,8.6,9.0,12.7,29.7,17.1,22.0,32.8,63.8,92.6,62.4,30.9,42.6,22.0,17.3,17.5,21.1,58.7,57.0,74.9,135.9,56.8,136.7,180.7
TURKEY,1971,2.4,1.3,5.6,9.0,15.2,18.2,21.5,21.3,18.7,11.1,7.3,0.8,9.9,20.3,12.3,-1.6,-2.6,-2.9,0.6,4.1,9.0,11.5,14.7,14.7,11.4,4.6,2.3,-3.0,4.6,13.7,6.1,-6.0,7.3,5.5,10.7,14.0,21.4,24.9,28.3,27.9,26.0,17.5,12.3,4.7,15.3,27.0,18.6,2.8,9.0,11.2,13.7,13.1,11.6,7.8,5.3,9.5,4.2,7.1,9.5,13.5,38.3,22.5,20.8,33.3,35.1,70.8,83.9,76.8,55.2,36.4,14.8,27.2,17.0,46.8,65.9,90.4,216.0,78.4,129.6,176.7
TURKEY,1972,-3.9,-1.7,4.3,11.7,14.0,18.6,21.7,21.7,18.3,13.3,6.2,0.0,10.0,20.7,12.6,0.6,-8.5,-6.4,-1.2,6.2,8.3,12.5,15.0,14.9,11.7,7.7,0.8,-5.1,4.4,14.1,6.7,-4.3,0.7,3.0,9.7,17.3,19.9,24.8,28.5,28.6,25.0,19.0,11.6,5.1,15.6,27.3,18.6,5.4,9.7,10.2,9.5,13.2,13.3,10.3,7.3,8.4,6.1,10.0,7.9,5.6,35.9,26.0,24.0,26.8,39.6,46.7,37.3,72.8,78.3,69.9,29.7,28.7,34.3,70.7,45.9,15.5,188.5,128.3,150.9,125.1
TURKEY,1973,-1.6,3.3,4.0,9.4,14.8,17.5,21.6,21.0,18.5,13.5,4.5,1.6,9.4,20.1,12.2,-0.2,-6.1,-1.6,-0.9,4.1,8.4,11.2,14.6,14.0,11.1,7.4,-0.6,-2.8,3.9,13.2,6.0,-4.6,3.0,8.2,8.9,14.6,21.3,23.9,28.8,28.1,25.8,19.7,9.6,5.9,14.9,26.9,18.4,4.1,9.9,11.3,11.5,12.2,9.3,8.2,4.1,2.5,3.3,7.0,8.8,11.0,33.0,14.8,19.1,32.1,47.0,62.5,53.7,65.6,35.8,39.4,15.0,7.7,9.1,41.7,63.0,62.5,155.1,62.2,113.8,161.8
TURKEY,1974,-3.0,0.8,5.9,8.2,14.3,19.1,21.2,20.7,17.0,15.6,7.3,1.7,9.5,20.4,13.3,0.4,-7.0,-3.9,1.5,3.2,8.1,12.0,14.1,14.0,10.3,8.7,2.6,-2.0,4.3,13.4,7.2,-3.5,1.0,5.5,10.3,13.3,20.6,26.2,28.4,27.5,23.8,22.6,12.1,5.3,14.7,27.4,19.5,4.2,10.6,10.5,13.0,12.3,11.5,5.3,2.9,8.2,6.6,6.1,8.5,13.2,36.9,16.4,21.1,39.2,51.5,47.7,70.9,65.3,53.3,19.9,10.8,30.1,30.1,23.1,54.7,96.8,189.5,60.8,107.9,246.7
TURKEY,1975,-0.6,0.0,5.9,11.8,14.2,18.9,22.3,21.2,18.2,12.1,6.1,-0.2,10.6,20.8,12.2,-1.1,-4.8,-3.7,0.2,6.1,8.8,12.5,15.5,14.0,11.6,5.8,1.1,-4.3,5.0,14.0,6.1,-5.3,3.6,3.7,11.6,17.5,19.7,25.4,29.1,28.5,25.0,18.5,11.2,3.9,16.2,27.6,18.2,3.1,12.7,13.2,10.0,13.4,13.4,8.6,3.1,5.2,4.3,6.9,10.1,12.5,36.8,16.9,21.3,38.3,70.8,79.0,48.8,77.2,79.2,48.5,10.6,19.6,16.5,37.3,67.5,79.5,205.2,78.7,121.4,231.8
TURKEY,1976,-0.8,-2.3,3.7,9.6,13.7,17.7,20.3,20.1,16.9,12.7,7.8,3.0,9.0,19.4,12.5,2.2,-5.1,-6.6,-1.0,4.7,8.1,11.3,13.5,13.3,9.9,7.2,2.5,-0.8,3.9,12.7,6.5,-2.0,3.5,2.0,8.5,14.5,19.3,24.1,27.2,27.0,23.9,18.3,13.2,6.7,14.1,26.1,18.5,6.5,15.1,10.8,9.7,13.4,13.3,7.7,6.9,5.1,5.3,10.8,7.9,12.9,36.4,19.8,24.1,33.2,95.3,56.9,40.6,83.3,75.4,37.5,25.4,20.3,21.0,85.0,46.1,83.2,199.4,83.2,152.2,175.6
TURKEY,1977,-1.2,4.9,5.2,10.1,14.6,18.4,21.7,22.0,17.9,10.2,8.6,0.5,10.0,20.7,12.2,1.6,-5.1,-0.1,0.2,4.6,8.6,11.9,14.7,14.5,11.3,3.7,3.0,-3.0,4.5,13.7,6.0,-2.2,2.8,9.9,10.1,15.6,20.6,25.1,28.8,29.6,24.5,16.7,14.2,4.0,15.4,27.8,18.5,5.4,11.0,9.4,12.3,13.1,10.6,7.0,4.1,3.3,5.7,6.8,6.8,13.3,36.1,14.4,19.3,42.6,53.9,38.6,72.4,80.8,47.2,34.5,17.4,10.4,31.7,40.4,32.2,92.4,200.4,62.4,104.4,301.3
TURKEY,1978,0.6,3.7,6.1,9.3,14.6,17.9,22.1,20.3,17.3,13.4,4.7,3.1,10.0,20.1,11.8,2.6,-2.9,-0.6,1.3,4.3,8.2,11.0,14.7,13.3,10.4,7.3,-0.9,-0.6,4.6,13.0,5.6,-1.1,4.1,8.1,10.9,14.3,21.1,24.8,29.5,27.4,24.2,19.5,10.3,6.8,15.5,27.2,18.0,6.3,15.8,13.4,13.4,13.6,9.2,6.9,1.8,2.6,7.0,9.0,4.4,13.0,36.2,11.4,20.4,39.6,116.3,92.6,74.9,79.5,32.7,28.9,6.3,10.7,41.9,66.9,20.0,86.2,187.1,45.9,128.9,252.8
TURKEY,1979,1.3,3.4,6.6,10.0,15.0,18.9,20.8,22.2,18.9,12.7,8.1,2.2,10.6,20.6,13.2,0.2,-2.2,-0.5,1.4,4.2,9.0,12.4,13.9,14.9,11.4,7.5,3.4,-1.4,4.9,13.8,7.4,-3.3,4.9,7.3,11.9,15.9,21.0,25.4,27.7,29.4,26.4,18.1,12.9,5.8,16.3,27.5,19.1,3.8,14.6,11.9,9.1,11.2,12.3,8.5,5.8,4.3,3.2,10.0,12.0,11.7,32.7,18.6,25.2,36.8,109.2,57.3,38.3,50.7,59.8,47.7,29.5,15.8,13.7,70.8,94.3,78.4,148.7,93.0,178.9,225.2
TURKEY,1980,-1.7,0.2,4.1,8.9,13.9,18.7,22.8,21.4,16.8,13.0,8.1,3.4,9.0,21.0,12.6,2.4,-5.2,-3.3,-0.2,4.0,7.9,11.9,15.5,14.3,9.9,6.3,3.3,-0.3,3.9,13.9,6.5,-1.2,1.8,3.7,8.5,13.9,19.9,25.6,30.2,28.5,23.7,19.7,12.9,7.2,14.1,28.1,18.8,6.0,14.6,10.5,14.2,13.7,12.6,6.0,3.1,3.7,4.1,6.8,10.7,12.5,40.5,12.8,21.6,39.4,98.4,48.4,92.2,69.7,65.5,22.9,7.5,14.2,19.4,27.3,77.2,87.2,227.3,44.5,123.8,290.2
TURKEY,1981,1.5,2.3,6.3,9.2,12.5,19.0,22.0,21.4,18.7,14.8,5.7,5.4,9.4,20.8,13.1,2.1,-1.7,-1.5,1.8,3.5,6.9,12.4,15.2,14.6,11.2,8.1,1.3,1.9,4.0,14.1,6.9,-1.6,4.7,6.0,10.9,15.0,18.3,25.7,28.8,28.3,26.2,21.5,10.1,9.0,14.7,27.6,19.3,5.8,15.4,11.6,12.9,9.2,13.1,7.6,5.2,3.7,3.5,6.9,9.2,13.8,35.2,16.5,19.6,35.6,133.6,69.5,69.6,39.0,71.2,39.1,23.2,14.2,16.7,35.4,85.1,120.8,179.8,76.5,137.2,226.3
TURKEY,1982,1.1,-0.3,3.6,10.3,14.2,18.2,20.0,20.9,18.7,12.5,5.2,2.0,9.3,19.7,12.1,0.3,-2.7,-4.0,-0.8,5.4,8.4,11.5,13.5,14.0,11.8,6.6,0.3,-2.1,4.3,13.0,6.2,-3.4,4.9,3.4,8.0,15.2,20.0,24.9,26.5,27.9,25.6,18.5,10.2,6.2,14.4,26.4,18.1,4.0,12.2,9.6,11.5,14.1,12.0,7.9,7.6,5.9,4.0,7.1,7.0,9.9,37.6,21.4,18.1,34.0,64.2,41.4,61.9,85.7,60.4,36.3,32.2,21.7,12.0,42.2,33.0,54.0,208.0,90.2,87.2,194.3
TURKEY,1983,-1.6,0.5,4.6,10.4,14.9,17.7,21.4,20.2,17.6,11.7,7.5,2.9,10.0,19.8,12.2,2.4,-4.9,-3.1,-0.0,4.9,9.1,11.4,14.8,13.4,10.4,5.7,3.8,-0.8,4.7,13.2,6.6,-1.4,1.7,4.1,9.2,16.0,20.7,24.0,28.1,27.1,24.9,17.7,11.1,6.7,15.3,26.4,17.9,6.2,12.2,12.0,10.1,11.2,12.9,9.1,6.6,7.6,4.5,7.6,12.6,9.8,34.2,23.4,24.7,32.5,66.7,73.5,49.2,49.1,68.4,46.7,36.0,18.7,18.1,51.2,115.5,61.2,166.7,101.3,184.9,181.6
TURKEY,1984,2.1,2.2,5.3,8.7,14.8,18.3,21.1,19.4,19.0,13.3,7.0,-0.1,9.6,19.6,13.1,-0.2,-1.5,-1.8,1.0,4.0,8.6,11.5,14.4,12.8,11.3,6.1,2.9,-3.6,4.5,12.9,6.8,-3.6,5.7,6.3,9.6,13.5,21.0,25.1,27.8,26.1,26.8,20.5,11.1,3.4,14.7,26.3,19.5,3.2,12.1,10.7,13.9,14.8,10.4,5.2,5.8,5.6,1.4,4.3,9.8,8.4,39.1,16.6,15.5,37.2,71.0,49.4,76.4,93.7,41.3,21.8,26.1,23.7,2.7,19.1,71.2,37.7,211.3,71.6,93.1,220.1
TURKEY,1985,1.7,-2.3,2.6,10.7,16.0,18.8,20.4,22.7,17.7,10.8,8.6,2.3,9.8,20.6,12.3,2.2,-1.6,-5.6,-1.9,5.1,9.8,12.0,13.3,15.2,10.4,5.3,4.0,-1.3,4.4,13.5,6.6,-1.7,5.0,1.1,7.1,16.4,22.2,25.6,27.5,30.2,25.0,16.3,13.2,5.8,15.2,27.8,18.2,6.1,14.4,14.4,10.8,11.1,10.7,6.5,3.4,3.7,3.1,9.9,9.9,11.3,32.6,13.5,22.9,39.2,89.9,92.5,48.6,50.1,45.5,25.8,11.1,8.1,10.2,77.3,68.6,60.9,144.2,45.0,156.1,228.6
TURKEY,1986,1.9,2.3,5.3,11.8,12.6,18.3,22.2,23.2,19.3,12.5,4.6,1.2,9.9,21.2,12.1,1.7,-2.1,-1.8,-0.1,5.4,7.2,12.0,15.0,15.7,12.5,6.4,0.1,-3.3,4.1,14.2,6.3,-2.6,6.0,6.4,10.7,18.2,18.0,24.7,29.5,30.7,26.3,18.5,9.1,5.7,15.6,28.3,18.0,6.1,14.2,13.7,7.1,9.4,13.9,8.8,2.6,3.0,5.2,6.9,9.3,12.8,30.4,14.5,21.4,39.9,87.1,80.6,20.5,34.9,73.3,48.6,8.9,8.0,23.1,41.7,61.6,82.7,128.7,65.5,126.3,250.1
TURKEY,1987,1.2,2.9,1.1,8.1,14.3,18.4,22.4,21.0,18.4,11.5,6.5,2.2,7.8,20.6,12.1,1.3,-2.7,-1.6,-3.4,2.9,8.0,11.9,15.4,14.0,10.7,6.2,1.7,-1.0,2.5,13.7,6.2,-2.6,5.0,7.4,5.7,13.4,20.5,25.0,29.4,28.1,26.1,16.9,11.3,5.4,13.2,27.5,18.1,5.1,15.5,11.5,14.8,12.6,9.5,7.2,6.1,6.2,1.8,9.2,11.1,16.4,36.9,19.5,22.0,39.9,111.8,55.6,91.6,59.4,35.6,37.9,27.2,21.9,4.8,56.6,75.3,124.1,186.5,87.0,136.7,248.1
TURKEY,1988,0.3,1.3,4.2,9.7,14.5,18.2,22.4,21.8,17.9,12.1,4.0,2.4,9.5,20.8,11.3,0.2,-3.8,-2.9,-0.2,4.4,8.5,11.9,15.8,14.9,10.7,7.1,0.1,-1.1,4.2,14.2,6.0,-4.4,4.3,5.5,8.7,14.9,20.6,24.5,29.1,28.9,25.1,17.1,7.9,6.0,14.7,27.5,16.7,4.8,10.5,13.0,16.1,12.8,11.5,9.7,6.7,5.0,4.5,12.0,13.5,13.5,40.4,21.3,30.0,24.7,49.3,74.7,104.0,65.7,61.9,56.8,27.0,18.1,15.0,85.9,106.7,73.8,231.6,101.9,207.6,117.5
TURKEY,1989,-2.3,0.5,6.7,13.0,14.8,18.3,22.0,22.5,18.0,11.9,6.7,1.3,11.5,20.9,12.2,0.2,-7.0,-4.9,1.4,6.0,8.3,11.4,15.2,15.2,11.1,6.6,2.2,-2.6,5.2,13.9,6.6,-4.1,2.5,5.9,12.0,20.0,21.4,25.2,29.0,29.8,24.9,17.2,11.2,5.2,17.8,28.0,17.8,4.6,6.2,5.1,10.0,6.5,10.6,7.3,3.5,5.1,5.6,11.1,13.9,10.8,27.1,15.9,30.5,27.1,26.8,16.9,45.0,19.5,43.3,30.6,12.8,10.3,19.8,78.4,115.4,68.6,107.8,53.8,213.5,158.1
TURKEY,1990,-2.0,1.3,5.6,9.9,14.0,18.4,22.5,21.3,17.7,13.1,8.8,3.4,9.8,20.7,13.2,1.1,-6.6,-3.2,-0.7,4.5,7.8,11.7,15.6,14.1,10.4,6.7,3.4,-0.7,3.9,13.8,6.9,-2.9,2.7,5.8,11.9,15.3,20.1,25.2,29.4,28.6,25.0,19.6,14.2,7.5,15.8,27.7,19.6,5.1,7.7,8.6,6.1,14.8,11.6,7.7,4.7,5.9,6.4,7.3,8.4,14.2,32.5,18.3,22.1,36.2,35.8,53.7,25.3,71.2,54.2,35.2,15.8,11.8,30.9,39.5,50.6,85.8,150.7,62.9,120.9,197.9
TURKEY,1991,-0.2,0.0,5.6,10.2,13.0,18.9,21.9,21.9,17.9,13.6,7.3,-0.1,9.6,20.9,12.9,-1.7,-4.1,-4.0,1.2,5.2,7.4,12.6,15.2,15.3,10.9,7.9,2.7,-3.3,4.6,14.4,7.2,-5.4,3.7,4.0,10.1,15.2,18.6,25.4,28.6,28.6,24.9,19.3,12.0,3.0,14.7,27.5,18.8,2.0,10.4,11.7,11.5,13.6,14.2,6.5,4.8,3.5,4.6,8.7,8.9,14.8,39.4,14.8,22.1,34.7,51.8,60.2,62.1,69.4,86.5,31.4,18.3,10.4,24.5,52.6,55.4,116.7,218.0,60.0,132.5,213.1
TURKEY,1992,-2.6,-2.4,2.9,9.5,13.2,17.8,20.1,22.1,17.0,14.4,6.1,-0.2,8.5,20.0,12.5,-0.9,-6.5,-6.4,-1.6,3.7,7.4,11.9,13.7,15.0,10.2,7.8,1.3,-3.5,3.2,13.6,6.4,-4.7,1.4,1.5,7.4,15.3,19.2,23.7,26.5,29.3,23.9,21.1,11.0,3.1,14.0,26.5,18.7,2.9,7.8,12.1,10.5,9.5,11.1,11.2,6.4,5.5,4.0,6.3,11.9,13.3,31.1,23.0,22.2,36.7,33.9,62.5,46.5,41.3,61.6,65.9,29.5,11.1,21.1,34.1,96.5,82.6,149.4,106.5,151.6,200.9
TURKEY,1993,-1.5,-1.0,4.0,9.4,13.4,18.3,21.4,22.0,18.2,14.1,4.5,3.5,9.0,20.6,12.3,2.5,-5.6,-5.0,-1.1,4.0,8.3,11.8,14.4,15.1,10.8,7.0,0.2,-0.4,3.7,13.8,6.0,-1.5,2.6,3.1,9.2,14.9,18.5,24.9,28.4,29.0,25.7,21.1,8.9,7.5,14.2,27.4,18.6,6.4,11.3,12.2,9.4,12.0,15.8,8.0,2.1,6.6,2.8,4.0,11.0,9.2,37.3,16.7,17.8,36.1,56.8,61.5,46.1,56.3,97.0,35.3,7.6,16.3,11.0,18.1,84.1,44.6,199.3,59.3,113.2,192.7
TURKEY,1994,2.6,1.3,5.5,11.8,15.2,18.4,22.1,22.2,21.0,15.0,6.0,0.1,10.9,20.9,14.0,1.5,-1.3,-2.7,0.5,5.8,9.0,11.7,15.3,15.1,13.6,9.1,1.8,-3.3,5.1,14.0,8.2,-2.5,6.5,5.3,10.5,17.9,21.5,25.1,29.0,29.3,28.4,20.9,10.1,3.6,16.6,27.8,19.8,5.6,13.9,13.0,9.9,10.1,10.9,4.7,5.0,5.4,3.1,9.6,13.2,14.6,30.9,15.2,25.9,36.2,82.0,66.1,46.8,47.7,48.9,23.1,17.4,16.6,10.3,68.2,105.7,97.8,143.4,57.1,184.2,207.7
TURKEY,1995,1.1,3.3,5.7,9.2,15.3,19.9,21.5,22.1,18.5,11.9,4.9,2.0,10.1,21.2,11.7,1.6,-2.6,-1.6,0.7,4.0,9.2,13.4,15.2,15.2,11.9,5.9,0.4,-1.7,4.6,14.6,6.1,-2.1,4.9,8.2,10.7,14.4,21.6,26.5,27.8,29.0,25.1,17.9,9.4,5.7,15.6,27.8,17.5,5.2,13.8,7.9,13.3,13.7,9.2,8.7,7.7,6.1,7.6,6.6,13.4,7.9,36.1,22.6,27.6,33.4,78.3,31.6,88.8,75.0,42.7,41.7,35.0,15.6,29.7,41.7,98.7,40.0,206.5,92.4,170.1,181.6
TURKEY,1996,0.1,2.5,3.6,8.6,16.3,18.8,22.9,22.2,17.5,11.9,8.1,4.9,9.5,21.3,12.5,2.1,-3.1,-1.5,-0.2,3.8,10.3,12.3,16.1,15.6,11.4,6.5,1.9,1.4,4.6,14.7,6.6,-2.2,3.4,6.5,7.3,13.5,22.3,25.3,29.7,28.8,23.7,17.2,14.4,8.3,14.4,28.0,18.4,6.4,13.2,12.3,15.0,13.6,10.5,5.7,4.6,6.1,8.5,10.4,5.1,16.6,39.1,16.4,24.0,36.9,66.9,74.7,94.4,67.2,41.7,16.9,11.1,25.6,49.9,66.3,28.7,117.9,203.3,53.6,145.0,214.8
TURKEY,1997,1.3,0.0,2.5,7.5,15.8,19.0,21.8,20.7,16.4,12.8,7.3,2.8,8.6,20.5,12.1,1.5,-3.2,-4.9,-2.5,2.5,9.3,12.7,15.1,14.3,9.8,7.6,2.2,-0.8,3.1,14.0,6.5,-2.8,5.8,5.0,7.4,12.4,22.4,25.4,28.5,27.3,23.0,18.0,12.6,6.5,14.1,27.1,17.8,5.8,9.5,10.8,11.3,14.2,9.2,8.4,4.9,7.5,4.9,12.2,7.5,14.7,34.7,20.8,24.6,36.8,47.4,49.5,69.1,81.3,40.4,40.8,18.8,31.7,30.9,90.4,48.4,108.8,190.9,91.2,169.7,239.4
TURKEY,1998,0.4,1.3,3.6,11.6,14.8,19.7,23.0,23.6,18.7,14.1,8.9,3.2,10.0,22.1,13.9,2.6,-3.8,-3.9,-1.1,6.0,9.6,13.5,16.0,16.4,11.9,7.3,4.2,-0.4,4.8,15.3,7.8,-1.5,4.5,6.5,8.2,17.4,20.0,26.1,30.1,31.0,25.5,20.9,13.7,6.7,15.2,29.0,20.0,6.8,11.6,10.5,14.5,12.3,16.0,7.9,4.4,3.1,5.3,6.4,11.9,14.9,42.8,15.3,23.6,37.7,69.5,61.1,95.0,59.0,91.3,30.5,17.9,6.1,23.1,47.6,72.1,110.6,245.3,54.5,142.9,242.4
TURKEY,1999,2.1,2.6,5.7,10.7,15.6,19.6,23.0,23.1,18.5,13.9,7.0,4.2,10.6,21.9,13.2,1.0,-2.1,-2.1,0.4,4.9,8.8,13.5,16.4,16.3,11.5,8.0,1.7,-0.7,4.7,15.4,7.1,-3.5,6.4,7.3,10.9,16.6,22.3,25.8,29.7,30.1,25.6,19.9,12.5,9.1,16.6,28.5,19.3,5.5,8.9,13.9,13.0,11.6,7.9,9.8,6.3,6.9,4.9,7.7,7.6,9.1,32.6,23.0,20.2,35.3,49.8,82.0,73.6,54.5,34.0,44.4,24.4,31.3,29.4,45.0,37.8,44.1,162.1,100.0,112.2,202.1
TURKEY,2000,-1.8,0.6,3.8,11.9,14.8,19.4,23.9,22.6,18.6,12.5,8.2,3.0,10.1,22.0,13.1,2.6,-5.8,-4.0,-1.8,6.5,8.6,12.6,16.3,15.9,11.6,6.8,1.9,-1.3,4.4,14.9,6.8,-2.0,2.3,5.1,9.4,17.3,21.0,26.2,31.6,29.3,25.6,18.1,14.6,7.3,15.9,29.0,19.5,7.1,14.1,12.1,10.8,13.4,10.2,6.4,2.2,6.5,6.2,7.9,5.1,11.3,34.5,15.1,19.1,30.0,91.1,66.8,62.1,68.7,47.2,34.4,11.2,23.9,29.0,50.3,34.8,65.6,178.1,69.6,114.0,158.3
TURKEY,2001,1.8,2.9,9.2,11.0,14.3,19.6,23.9,23.6,19.7,13.5,6.8,2.0,11.5,22.4,13.3,1.3,-2.7,-2.0,3.4,5.4,8.6,12.5,16.8,16.7,12.4,7.0,2.1,-1.3,5.8,15.3,7.2,-3.1,6.2,7.8,15.0,16.7,20.0,26.8,31.0,30.5,27.0,20.1,11.4,5.3,17.2,29.5,19.5,5.7,7.2,11.5,10.2,13.0,14.7,3.1,3.9,6.4,4.6,4.9,12.8,18.0,38.0,13.4,22.3,35.7,29.5,63.2,50.6,69.3,80.3,13.4,15.7,19.4,17.6,28.2,98.4,149.2,200.2,48.5,144.2,251.5
TURKEY,2002,-1.9,3.8,7.0,9.3,14.7,19.4,23.3,21.9,18.6,13.9,8.2,-0.6,10.3,21.5,13.6,0.5,-6.3,-1.7,1.7,4.7,8.3,13.0,16.5,15.5,11.9,7.8,2.5,-4.6,4.9,15.0,7.4,-3.3,2.5,9.3,12.3,14.0,21.1,25.8,30.1,28.5,25.2,20.1,14.0,3.3,15.8,28.1,19.8,4.2,11.3,6.5,11.0,16.4,8.9,7.3,8.9,8.9,8.2,7.6,8.2,13.7,36.2,25.1,24.0,42.5,70.7,31.6,58.3,98.5,39.5,31.6,39.7,30.1,44.5,52.0,53.9,91.4,196.3,101.4,150.4,261.8
TURKEY,2003,2.8,-0.7,2.6,8.9,16.4,19.7,22.4,23.1,17.9,14.4,7.3,2.1,9.3,21.7,13.2,1.4,-1.0,-4.3,-1.9,3.8,9.7,12.7,15.5,15.9,11.3,8.4,2.4,-1.6,3.9,14.7,7.4,-2.6,6.5,2.8,7.1,14.1,23.2,26.8,29.4,30.5,24.5,20.4,12.2,5.9,14.8,28.9,19.1,5.4,13.2,15.6,11.6,13.7,9.3,6.0,4.1,2.9,4.9,10.1,7.2,12.4,34.6,13.1,22.2,40.6,65.6,104.8,65.3,81.7,41.0,28.2,17.0,11.3,31.1,69.3,50.2,98.4,188.1,56.6,150.5,275.9
TURKEY,2004,0.4,1.6,6.3,10.0,14.2,18.8,22.1,22.1,18.8,14.4,7.3,1.6,10.2,21.0,13.5,1.3,-3.5,-2.9,0.7,4.2,8.3,12.3,15.0,15.2,11.3,7.9,2.4,-2.7,4.4,14.2,7.2,-3.0,4.2,6.2,11.9,15.9,20.1,25.4,29.2,29.2,26.4,21.0,12.2,5.9,16.0,27.9,19.9,5.6,16.5,11.7,7.7,11.9,11.0,7.8,3.3,7.6,2.3,5.2,11.2,8.0,30.6,18.6,18.7,32.9,116.4,61.1,38.0,63.8,54.5,40.1,13.2,20.6,10.9,22.9,98.4,43.5,156.3,73.9,132.3,188.0
TURKEY,2005,1.3,1.0,5.1,10.6,15.1,18.5,23.1,23.3,18.6,12.1,6.5,3.6,10.3,21.7,12.4,1.1,-3.0,-3.4,0.2,4.9,9.0,12.0,16.2,16.4,12.0,6.4,2.0,-1.0,4.7,14.8,6.8,-3.2,5.7,5.3,10.0,16.2,21.2,25.1,30.2,30.3,25.2,17.8,11.0,8.1,15.8,28.5,18.0,5.4,12.4,12.5,13.2,11.9,11.9,8.0,5.1,4.6,7.1,8.3,11.1,9.4,37.1,17.7,26.5,35.8,77.4,67.1,81.0,58.3,53.6,41.9,20.8,14.5,33.5,49.4,77.8,51.2,193.0,77.1,160.6,208.6
TURKEY,2006,-1.4,1.1,6.1,11.1,14.9,20.0,21.9,24.2,18.5,13.7,6.0,1.0,10.7,22.0,12.8,1.2,-5.3,-3.2,1.1,5.7,8.7,13.2,15.4,16.6,12.0,8.6,0.8,-4.2,5.2,15.1,7.1,-3.9,2.5,5.5,11.2,16.5,21.2,26.9,28.5,31.8,25.2,18.9,11.3,6.3,16.3,29.1,18.5,6.2,13.3,13.0,12.4,11.5,10.3,5.2,3.6,3.0,8.0,11.6,9.4,4.7,34.3,11.8,29.1,23.4,82.2,75.3,66.9,62.0,42.6,30.7,15.2,7.2,43.8,88.2,67.6,23.5,171.6,53.1,199.6,125.2
TURKEY,2007,0.6,1.9,5.7,8.7,16.6,20.6,23.6,23.6,19.3,14.6,6.9,1.5,10.3,22.6,13.6,-0.4,-4.5,-2.9,0.5,3.2,10.1,13.6,16.2,16.5,11.8,8.4,2.4,-2.5,4.6,15.4,7.5,-5.1,5.6,6.7,10.8,14.2,23.2,27.6,31.1,30.7,26.8,20.8,11.4,5.5,16.1,29.8,19.7,4.3,9.6,9.1,10.6,11.1,9.8,7.6,3.9,8.0,2.2,8.1,13.3,12.0,31.5,19.5,23.6,28.4,56.3,45.4,58.1,59.9,45.9,34.5,13.1,21.8,9.6,48.0,105.3,84.6,163.8,69.3,162.9,168.7
TURKEY,2008,-2.6,-0.1,8.4,12.3,14.3,19.9,23.0,24.0,18.9,13.5,8.4,2.0,11.7,22.3,13.6,2.0,-7.5,-5.3,2.8,6.4,7.8,13.0,15.6,16.8,12.4,7.7,3.3,-2.3,5.7,15.1,7.8,-2.1,2.2,5.1,14.1,18.4,20.7,26.9,30.4,31.2,25.4,19.3,13.6,6.3,17.7,29.5,19.4,6.1,9.2,7.1,11.6,10.9,9.6,6.0,2.1,6.5,8.6,8.5,10.2,11.9,32.2,14.6,27.3,41.1,44.7,39.5,52.0,37.3,45.4,26.4,10.2,15.1,51.0,42.3,55.9,60.1,134.7,51.7,149.2,257.9
TURKEY,2009,0.8,3.1,5.0,9.7,14.8,20.0,22.5,21.8,17.7,14.9,7.6,4.9,9.9,21.4,13.4,3.9,-3.5,-0.7,0.5,4.1,8.5,12.9,15.9,14.5,11.3,8.3,2.7,1.0,4.3,14.4,7.4,-0.0,5.1,6.8,9.6,15.4,21.2,27.1,29.2,29.1,24.2,21.6,12.6,8.8,15.4,28.5,19.4,7.8,13.5,15.6,14.8,12.6,9.7,7.5,7.4,4.0,8.6,7.2,11.6,15.6,37.1,18.9,27.5,47.1,92.6,105.1,84.9,63.3,47.2,34.4,35.1,8.9,46.0,39.0,92.8,107.8,195.4,78.4,177.8,311.6
TURKEY,2010,2.5,4.4,7.1,10.8,15.8,19.9,23.4,24.8,20.3,13.4,10.5,5.2,11.2,22.7,14.7,2.7,-1.3,0.2,1.8,5.1,9.2,13.4,16.6,17.3,13.3,8.5,4.1,0.5,5.4,15.8,8.6,-1.7,6.2,8.5,12.4,16.6,22.4,26.3,30.2,32.4,27.5,18.3,16.9,9.8,17.2,29.6,20.9,7.2,17.4,14.1,12.1,11.7,9.9,10.2,6.3,2.7,4.2,12.0,3.6,12.3,33.7,19.1,19.9,35.9,110.3,93.5,59.6,60.7,44.8,61.2,22.2,9.1,18.9,92.8,17.2,94.6,165.0,92.5,128.9,224.1
TURKEY,2011,1.3,1.7,5.2,9.3,13.9,18.8,23.4,22.4,19.5,11.9,3.8,2.4,9.5,21.5,11.7,0.2,-2.7,-2.9,0.0,4.4,8.3,12.2,16.2,15.5,12.4,5.9,-1.2,-2.5,4.3,14.6,5.7,-4.3,5.3,6.3,10.3,14.3,19.5,25.4,30.6,29.4,26.6,17.8,8.7,7.2,14.7,28.5,17.7,4.7,12.0,11.5,11.2,16.8,13.6,9.8,4.6,4.2,4.9,8.8,6.5,9.7,41.6,18.6,20.2,39.9,72.8,56.7,56.4,102.2,76.1,56.8,20.7,15.7,24.4,69.1,35.7,65.0,234.7,93.3,129.1,282.4
TURKEY,2012,-0.5,-1.3,3.5,12.1,15.7,21.0,23.9,23.0,19.9,15.6,9.3,3.3,10.4,22.6,14.9,3.0,-4.3,-6.2,-1.6,5.6,9.8,13.9,16.8,15.9,12.4,9.4,4.7,-0.4,4.6,15.5,8.8,-1.1,3.3,3.5,8.7,18.7,21.6,28.1,30.9,30.1,27.5,21.8,13.9,7.0,16.3,29.7,21.1,7.1,16.1,14.1,10.8,9.7,14.3,5.6,5.3,6.2,3.7,9.0,9.1,17.9,34.8,17.0,21.9,45.4,126.8,90.5,54.8,44.6,80.9,30.6,23.9,19.0,12.9,54.8,63.0,136.1,180.3,73.5,130.6,303.4
TURKEY,2013,1.5,4.1,6.8,11.4,16.7,19.7,21.9,22.8,18.2,11.7,8.5,-0.1,11.7,21.5,12.8,2.0,-2.4,-0.4,1.5,5.5,10.2,12.7,15.2,15.6,11.1,5.0,3.1,-4.6,5.8,14.5,6.4,-3.0,5.5,8.6,12.2,17.4,23.3,26.7,28.8,30.0,25.3,18.5,14.0,4.4,17.6,28.5,19.3,7.0,15.2,12.3,11.7,11.0,11.3,7.2,3.0,5.2,4.1,6.0,8.0,6.9,34.0,15.3,18.2,23.5,94.6,72.6,57.9,57.0,54.9,29.6,15.1,10.8,20.2,53.3,47.2,36.3,169.9,55.5,120.7,120.7
TURKEY,2014,2.3,4.0,7.3,11.5,15.1,19.0,23.0,23.9,18.8,13.2,7.1,4.9,11.3,22.0,13.0,2.8,-2.4,-1.8,1.8,5.3,9.0,12.3,15.9,16.6,12.5,7.7,2.3,1.4,5.4,14.9,7.5,-1.1,7.0,9.8,12.8,17.7,21.2,25.7,30.2,31.2,25.2,18.7,11.8,8.4,17.2,29.0,18.6,6.7,10.2,6.4,13.7,11.9,14.2,10.6,5.2,5.9,8.3,11.6,10.0,14.4,39.8,21.6,29.9,41.1,59.4,25.1,74.9,48.8,69.8,58.7,18.5,22.8,63.1,68.7,69.5,85.1,193.5,100.0,201.3,263.7
TURKEY,2015,0.8,2.7,5.9,9.2,15.2,18.4,22.7,22.3,21.0,14.2,8.6,1.4,10.1,21.1,14.6,2.5,-3.2,-1.5,1.1,3.5,8.7,11.9,15.7,15.1,13.7,8.9,2.7,-3.3,4.4,14.2,8.4,-2.2,4.8,6.9,10.6,15.0,21.7,25.0,29.8,29.5,28.4,19.5,14.5,6.1,15.8,28.1,20.8,7.3,13.4,13.3,14.9,12.0,11.9,10.4,1.9,6.4,5.3,11.1,6.1,5.5,38.8,18.8,22.6,32.0,94.6,83.9,95.3,56.3,60.7,68.3,7.3,32.3,27.1,85.3,37.5,32.7,212.2,107.9,149.9,210.4
TURKEY,2016,0.6,5.6,7.2,12.9,14.7,20.3,23.1,23.8,18.5,13.7,6.9,-0.4,11.6,22.4,13.0,-0.3,-3.5,0.4,1.7,5.9,8.7,13.6,16.0,16.6,11.7,7.2,0.6,-4.4,5.4,15.4,6.5,-4.8,4.7,10.9,12.7,20.0,20.7,27.1,30.2,31.0,25.4,20.2,13.1,3.6,17.8,29.4,19.6,4.2,16.9,9.6,12.8,9.2,15.3,8.6,5.2,4.7,8.2,5.2,6.5,13.3,37.2,18.5,19.9,30.4,120.7,57.0,71.7,40.1,84.4,45.8,21.4,20.9,39.5,24.0,56.6,96.0,196.3,88.1,120.2,190.1
TURKEY,2017,-1.6,1.2,6.7,10.1,14.8,19.6,23.7,23.6,20.7,13.0,7.5,4.5,10.5,22.3,13.7,3.9,-5.9,-4.2,1.3,3.9,8.7,12.8,16.2,16.5,12.8,6.7,2.3,-0.2,4.6,15.2,7.2,-0.7,2.6,6.5,12.1,16.4,20.9,26.5,31.2,30.7,28.7,19.4,12.7,9.2,16.5,29.5,20.3,8.4,12.9,4.2,11.8,11.4,14.0,8.7,3.2,4.4,2.1,8.4,9.1,11.0,37.2,16.3,19.6,37.5,75.6,18.5,65.0,64.1,73.7,40.3,11.0,22.7,10.5,54.0,60.9,66.2,202.9,73.9,125.4,210.8
TURKEY,2018,2.3,4.8,8.6,12.9,16.4,19.8,23.2,23.3,19.7,14.5,8.2,3.2,12.7,22.1,14.1,2.5,-1.7,-0.0,3.3,5.8,10.4,13.1,16.1,16.3,12.9,8.4,3.6,-0.2,6.5,15.2,8.3,-1.4,6.3,9.7,14.0,20.1,22.4,26.5,30.2,30.4,26.7,20.6,12.8,6.5,18.8,29.0,20.0,6.5,14.4,12.1,13.7,5.3,15.9,10.8,5.4,5.9,6.0,9.2,9.9,16.5,34.9,22.1,25.0,44.5,87.9,56.7,82.6,20.5,93.7,57.0,22.4,17.4,22.6,64.5,60.6,133.9,196.8,96.8,147.7,304.0
TURKEY,2019,1.3,3.0,6.0,9.5,16.2,20.8,22.1,23.1,19.3,15.7,9.4,4.2,10.6,22.0,14.8,2.6,-2.5,-1.6,0.6,4.2,9.5,14.2,15.2,16.2,12.3,9.0,3.2,0.4,4.7,15.2,8.2,-1.6,5.2,7.7,11.4,14.8,23.0,27.3,29.1,30.1,26.3,22.4,15.7,8.1,16.4,28.9,21.4,6.9,16.3,11.7,10.5,14.2,9.7,9.4,7.1,6.6,4.1,5.7,7.0,13.9,34.4,23.1,16.8,37.4,108.5,61.7,58.4,72.1,42.3,51.4,26.1,21.3,18.2,28.0,33.8,95.6,172.9,98.7,80.0,243.2
TURKEY,2020,0.9,2.8,7.5,10.1,15.3,19.3,23.7,22.9,21.5,16.4,7.5,4.6,11.0,22.0,15.2,3.7,-3.4,-1.7,2.3,4.2,8.7,12.5,16.6,15.6,14.2,9.3,2.2,0.1,5.0,14.9,8.6,-1.2,5.1,7.4,12.8,16.1,21.9,26.1,30.8,30.3,28.9,23.5,12.9,9.1,16.9,29.1,21.8,8.7,9.8,13.7,13.3,11.4,12.0,8.6,4.0,6.1,3.1,5.8,6.2,8.8,36.7,18.6,15.1,30.8,67.2,80.5,73.2,53.7,74.6,51.1,17.6,13.7,13.0,27.5,41.6,51.3,201.6,82.5,82.1,198.0
TURKEY,2021,2.8,3.8,5.0,11.4,16.9,19.2,23.7,23.8,18.6,13.1,9.2,3.7,11.1,22.2,13.6,2.3,-1.8,-1.8,-0.1,5.4,9.6,12.6,16.8,16.7,12.0,6.8,3.9,-0.5,5.0,15.4,7.6,-2.0,7.5,9.4,10.1,17.4,24.2,25.9,30.6,30.9,25.2,19.5,14.7,7.9,17.2,29.1,19.8,6.7,14.2,7.8,14.9,9.3,6.2,8.2,5.7,7.6,6.9,6.7,9.1,14.5,30.4,21.5,22.8,39.5,105.2,41.6,87.0,37.3,27.2,43.7,18.6,25.7,35.7,32.3,51.2,89.9,151.6,87.9,119.2,245.8
TURKEY,2022,-0.0,3.3,2.1,12.2,14.6,20.0,22.6,24.1,19.8,14.4,9.4,5.3,9.6,22.2,14.5,3.2,-4.2,-1.4,-2.3,5.6,8.2,13.7,15.5,17.0,12.4,8.3,4.1,1.1,3.8,15.4,8.3,-1.5,4.2,8.0,6.6,18.8,21.1,26.4,29.7,31.2,27.2,20.4,14.7,9.5,15.5,29.1,20.8,8.0,14.1,10.8,13.6,6.5,10.0,9.9,3.5,7.4,5.2,6.3,7.7,8.3,30.1,20.9,19.2,23.2,89.5,66.3,79.2,28.7,53.7,67.2,12.1,21.6,25.5,29.8,47.1,38.4,161.7,100.9,102.4,125.5
TURKEY,2023,2.8,1.6,7.6,10.3,14.2,19.0,23.2,24.8,20.3,15.4,10.5,5.9,10.7,22.4,15.4,4.8,-2.3,-3.5,2.9,5.0,8.4,12.8,15.8,17.3,13.2,9.0,5.5,1.3,5.4,15.3,9.2,0.3,7.9,6.6,12.3,15.6,20.0,25.2,30.7,32.5,27.5,21.9,15.6,10.5,16.0,29.4,21.7,9.3,6.8,8.0,15.0,15.4,13.7,9.8,4.6,6.2,4.8,5.9,12.2,11.5,44.0,20.6,22.9,33.2,43.6,43.5,93.1,96.8,72.3,59.0,24.3,13.0,19.0,35.6,113.5,70.0,262.2,96.2,168.1,198.3
TURKEY,2024,3.1,5.3,7.3,14.2,14.8,21.0,23.8,24.3,20.3,14.1,7.3,3.7,12.1,23.0,13.9,-999.0,-0.6,0.1,1.9,7.6,8.8,13.5,17.1,17.0,13.6,7.5,2.1,-0.3,6.1,15.9,7.7,-999.0,6.9,10.5,12.8,20.8,20.8,28.5,30.5,31.7,27.0,20.7,12.6,7.7,18.1,30.3,20.1,-999.0,15.3,6.4,12.1,6.9,14.7,4.0,7.9,7.1,7.5,5.4,8.8,13.1,33.6,19.0,21.7,-999.0,91.7,36.6,75.2,30.3,78.4,14.7,41.4,18.7,42.6,29.6,55.5,79.4,184.0,74.8,127.6,-999.0